# Blender 4.3.2
# www.blender.org
mtllib harmonicaplayer.mtl
o Cube
v 0.195968 0.382685 0.050642
v 0.100566 -0.000657 0.125675
v 0.176205 0.337018 -0.020662
v 0.098533 -0.013731 -0.023652
v 0.001077 0.400852 0.127242
v -0.000005 -0.005518 0.159493
v 0.005848 0.397152 -0.100220
v 0.000007 -0.018234 -0.066392
v 0.154316 -0.157202 0.135945
v 0.154369 -0.157703 -0.036527
v 0.000000 -0.184571 0.182743
v 0.000000 -0.184492 -0.086982
v 0.169589 -0.538096 0.145917
v 0.169554 -0.538445 0.025896
v 0.076440 -0.538057 0.178483
v 0.076330 -0.538583 -0.006614
v 0.093631 -0.941095 0.082393
v 0.104220 -0.941371 0.002854
v 0.166022 -0.941116 0.100351
v 0.153126 -0.941298 0.019909
v 0.219366 0.446559 0.017410
v 0.002626 0.224758 -0.053730
v 0.161339 0.379542 0.093514
v 0.002382 0.264927 0.165685
v 0.251692 0.359395 0.011357
v 0.227309 0.326738 -0.001204
v 0.289856 0.388768 0.007747
v 0.227658 0.311686 0.080605
v 0.064520 0.508054 0.214990
v 0.048134 0.526821 0.286549
v 0.098536 0.516947 0.218355
v 0.097587 0.539268 0.289142
v 0.055444 0.593547 0.199936
v 0.049854 0.608382 0.235343
v 0.067872 0.598167 0.199963
v 0.062282 0.613002 0.235369
v 0.282636 0.547970 0.220375
v 0.287013 0.512450 0.196474
v 0.296441 0.479472 0.244709
v 0.292390 0.513893 0.270428
v 0.093654 -0.984586 0.082517
v 0.104243 -0.984861 0.002978
v 0.166046 -0.984606 0.100476
v 0.153149 -0.984789 0.020034
v 0.165416 -0.960829 0.167815
v 0.091995 -0.960798 0.193484
v 0.165451 -0.989387 0.168002
v 0.092030 -0.989356 0.193671
v 0.146227 -0.917555 0.028544
v 0.154209 -0.917423 0.084911
v 0.104299 -0.917408 0.075585
v 0.110846 -0.917607 0.016205
v 0.059466 0.421870 -0.020199
v 0.006408 0.430361 -0.047384
v 0.056598 0.425025 0.049282
v 0.004746 0.431142 0.058353
v 0.107928 0.515417 -0.021414
v 0.007728 0.524196 -0.050703
v 0.107748 0.515424 0.046145
v 0.006917 0.485780 0.052087
v 0.120057 0.639615 -0.070669
v 0.009597 0.648538 -0.099986
v 0.119745 0.639629 0.046163
v 0.128636 0.741816 -0.076040
v 0.011434 0.783211 -0.083368
v 0.117002 0.751267 0.057269
v 0.011241 0.797900 0.066130
v 0.006912 0.499670 0.126912
v 0.082043 0.531959 0.122001
v 0.008793 0.638533 0.149180
v 0.092564 0.642563 0.141884
v 0.010696 0.771065 0.129832
v 0.101285 0.742183 0.122028
v 0.057460 0.483097 -0.012171
v 0.007205 0.489482 -0.036285
v 0.006972 0.489492 0.051076
v 0.056872 0.483149 0.043646
v 0.061174 0.529919 0.219285
v 0.046200 0.554143 0.268918
v 0.088114 0.564693 0.271116
v 0.090005 0.537456 0.222137
v 0.068050 0.542071 0.193552
v 0.088696 0.546738 0.197193
v 0.083587 0.553315 0.208073
v 0.068471 0.541717 0.209096
v 0.069199 0.565700 0.184091
v 0.081030 0.568375 0.186177
v 0.078103 0.572143 0.192412
v 0.068075 0.569876 0.190643
v 0.088068 0.502328 0.245725
v 0.072794 0.498653 0.244195
v 0.066062 0.507069 0.274514
v 0.087237 0.512103 0.275748
v 0.268711 0.510896 0.189204
v 0.280957 0.468909 0.250256
v 0.275502 0.512494 0.283133
v 0.262873 0.555696 0.219219
v 0.008001 0.580735 0.143121
v 0.008125 0.593413 0.163312
v 0.027057 0.588288 0.138276
v -0.195895 0.382406 0.050791
v -0.100847 0.001711 0.125804
v -0.175740 0.336052 -0.019840
v -0.098598 -0.011256 -0.022591
v -0.154316 -0.157202 0.135945
v -0.154369 -0.157703 -0.036527
v -0.169589 -0.538096 0.145917
v -0.169554 -0.538445 0.025896
v -0.076440 -0.538057 0.178483
v -0.076330 -0.538583 -0.006614
v -0.093631 -0.941095 0.082393
v -0.104220 -0.941371 0.002854
v -0.166022 -0.941116 0.100351
v -0.153126 -0.941298 0.019909
v -0.218896 0.445331 0.018677
v -0.160602 0.378370 0.095723
v -0.251376 0.358512 0.012179
v -0.226898 0.325511 -0.000179
v -0.289255 0.386971 0.009244
v -0.227209 0.310030 0.081555
v -0.064445 0.508768 0.215437
v -0.048060 0.527534 0.286996
v -0.098461 0.517661 0.218802
v -0.097512 0.539982 0.289589
v -0.055370 0.594261 0.200383
v -0.049779 0.609096 0.235789
v -0.067798 0.598881 0.200410
v -0.062207 0.613716 0.235816
v -0.277722 0.551917 0.223101
v -0.282099 0.516397 0.199200
v -0.291528 0.483420 0.247436
v -0.287476 0.517840 0.273155
v -0.093654 -0.984586 0.082517
v -0.104243 -0.984861 0.002978
v -0.166046 -0.984606 0.100476
v -0.153149 -0.984789 0.020034
v -0.165416 -0.960829 0.167815
v -0.091995 -0.960798 0.193484
v -0.165451 -0.989387 0.168002
v -0.092030 -0.989356 0.193671
v -0.146227 -0.917555 0.028544
v -0.154209 -0.917423 0.084911
v -0.104299 -0.917408 0.075585
v -0.110846 -0.917607 0.016205
v -0.048771 0.422513 -0.020790
v -0.051257 0.425687 0.049155
v -0.092832 0.518221 -0.021949
v -0.093012 0.518229 0.045610
v -0.101224 0.642707 -0.071259
v -0.101535 0.642720 0.045573
v -0.106916 0.745106 -0.076668
v -0.095733 0.754239 0.056702
v -0.067261 0.534045 0.121603
v -0.074794 0.644901 0.141438
v -0.080622 0.744725 0.121543
v -0.043337 0.484505 -0.012440
v -0.043991 0.484461 0.043396
v -0.061100 0.530633 0.219731
v -0.046125 0.554857 0.269365
v -0.088039 0.565407 0.271563
v -0.089930 0.538170 0.222584
v -0.067976 0.542785 0.193999
v -0.088621 0.547452 0.197639
v -0.083513 0.554029 0.208520
v -0.068557 0.542655 0.209446
v -0.069125 0.566414 0.184537
v -0.080956 0.569088 0.186624
v -0.078028 0.572857 0.192858
v -0.068001 0.570590 0.191090
v -0.087994 0.503041 0.246171
v -0.072719 0.499367 0.244642
v -0.065988 0.507783 0.274961
v -0.087162 0.512816 0.276195
v -0.263798 0.514843 0.191930
v -0.276044 0.472856 0.252983
v -0.270588 0.516441 0.285860
v -0.257959 0.559644 0.221945
v -0.010810 0.588817 0.138175
vn 0.4844 0.6695 -0.5631
vn 0.4566 -0.8127 0.3621
vn 0.9992 0.0399 0.0002
vn 0.3110 0.1224 0.9425
vn 0.2521 -0.8980 -0.3605
vn 0.3742 0.2557 0.8914
vn 0.3911 0.1131 -0.9134
vn 0.9458 0.3221 -0.0411
vn 0.9376 0.3210 -0.1335
vn 0.2818 0.0494 0.9582
vn 0.3296 -0.1408 -0.9336
vn -0.9775 -0.2107 -0.0001
vn 0.3293 -0.0025 -0.9442
vn -0.1724 0.3430 0.9234
vn 0.3010 0.4019 -0.8648
vn -0.9177 0.3838 -0.1025
vn 0.3197 -0.0245 0.9472
vn -0.8271 0.0852 -0.5556
vn 0.5965 0.1402 -0.7903
vn 0.5553 -0.7623 -0.3325
vn 0.3655 0.7345 -0.5717
vn -0.2964 -0.9070 0.2992
vn -0.6151 -0.1747 -0.7689
vn -0.9643 -0.1526 -0.2164
vn -0.7321 -0.6807 0.0264
vn 0.0624 -0.4774 0.8764
vn 0.8931 -0.4199 0.1614
vn -0.3173 0.8558 -0.4087
vn -0.1762 0.5267 0.8316
vn 0.9156 0.3654 -0.1678
vn 0.1652 -0.2733 -0.9476
vn 0.8621 -0.3911 0.3221
vn -0.4144 -0.5438 0.7297
vn -0.7381 0.6740 0.0308
vn 0.5040 0.6995 -0.5066
vn -0.0009 -1.0000 0.0024
vn -0.9913 -0.0009 -0.1320
vn 0.9874 0.0001 -0.1583
vn -0.9999 -0.0006 -0.0148
vn 0.3300 0.0066 0.9440
vn -0.0690 0.9577 0.2792
vn 1.0000 0.0006 0.0092
vn 0.0172 -0.9974 -0.0705
vn -0.9973 -0.0735 0.0008
vn 0.3292 -0.0268 -0.9439
vn 0.3214 -0.2258 0.9196
vn 0.9992 -0.0405 -0.0002
vn 0.3656 -0.3617 -0.8576
vn 0.2559 0.8567 0.4479
vn 0.4931 0.6814 -0.5409
vn 0.2291 -0.3781 -0.8970
vn -0.1741 -0.2564 -0.9507
vn 0.5355 -0.8445 0.0064
vn 0.4089 0.8848 0.2233
vn 0.9718 0.0004 0.2359
vn 0.9954 -0.0961 0.0027
vn 0.3956 0.9141 -0.0893
vn 0.9965 -0.0835 0.0027
vn 0.2504 -0.0718 -0.9655
vn 0.0762 0.1885 0.9791
vn 0.0623 -0.1409 0.9881
vn 0.9370 -0.0906 0.3373
vn 0.2855 -0.9117 0.2955
vn 0.9988 0.0275 0.0400
vn 0.1823 0.0940 0.9787
vn 0.4685 0.1299 -0.8738
vn -0.2517 0.7170 0.6500
vn 0.9097 0.3994 -0.1137
vn -0.1758 0.5249 0.8328
vn -0.9747 -0.1110 -0.1941
vn -0.3396 0.5122 0.7889
vn 0.9254 0.3686 0.0886
vn -0.9513 -0.0875 -0.2955
vn 0.2208 -0.5363 -0.8146
vn -0.0918 0.8325 -0.5463
vn 0.8966 0.4068 0.1751
vn -0.9996 0.0037 0.0271
vn 0.2419 -0.3708 -0.8966
vn -0.1582 0.8033 0.5742
vn -0.0300 -0.6043 0.7962
vn -0.1025 -0.8291 -0.5496
vn -0.2789 0.5092 -0.8142
vn 0.2641 0.5606 -0.7848
vn 0.3089 -0.7559 -0.5772
vn 0.5583 -0.4534 0.6948
vn 0.2900 0.8164 0.4993
vn 0.8025 0.1675 0.5726
vn 0.4260 -0.7674 0.4792
vn -0.5622 0.8250 -0.0574
vn -0.4441 -0.8210 0.3588
vn -0.9992 0.0401 -0.0004
vn -0.3066 0.1226 0.9439
vn -0.2522 -0.8980 -0.3605
vn 0.3138 -0.3381 -0.8873
vn -0.2742 0.1940 -0.9419
vn -0.9478 0.3162 -0.0420
vn -0.9202 0.3621 -0.1484
vn -0.2818 0.0494 0.9582
vn -0.3262 -0.1403 -0.9348
vn 0.9775 -0.2107 -0.0001
vn -0.3293 -0.0025 -0.9442
vn 0.1724 0.3430 0.9234
vn -0.3010 0.4019 -0.8648
vn 0.9351 0.3313 -0.1256
vn -0.3180 -0.0189 0.9479
vn -0.9876 -0.1568 -0.0013
vn -0.4023 0.0520 -0.9140
vn -0.5471 -0.7636 -0.3430
vn 0.3184 0.5304 -0.7857
vn 0.2997 -0.9079 0.2932
vn 0.1037 0.0356 -0.9940
vn 0.9890 -0.0238 -0.1462
vn 0.7321 -0.6807 0.0264
vn -0.0701 -0.4625 0.8839
vn -0.9086 -0.3947 0.1366
vn 0.3173 0.8558 -0.4087
vn 0.1932 0.5148 0.8353
vn -0.9390 0.3439 0.0042
vn -0.1652 -0.2733 -0.9476
vn -0.8621 -0.3777 0.3378
vn -0.3178 0.5913 -0.7412
vn 0.8129 0.3943 0.4285
vn 0.8078 -0.3943 0.4381
vn -0.0003 -1.0000 0.0035
vn 0.9913 -0.0009 -0.1320
vn -0.9874 0.0001 -0.1583
vn 0.9999 -0.0013 -0.0147
vn -0.3300 0.0066 0.9440
vn -0.0617 0.9826 0.1752
vn -1.0000 0.0006 0.0092
vn -0.0172 -0.9974 -0.0705
vn 0.9894 -0.0966 -0.1087
vn -0.3292 -0.0268 -0.9439
vn -0.3214 -0.2258 0.9196
vn -0.9992 -0.0405 -0.0002
vn -0.3710 -0.3514 -0.8596
vn -0.2524 0.8603 0.4428
vn -0.3517 0.7942 -0.4955
vn -0.2168 -0.3569 -0.9087
vn -0.1541 -0.2857 0.9459
vn -0.5628 -0.8266 -0.0014
vn -0.2883 0.8833 0.3696
vn -0.9726 0.0276 0.2307
vn -0.9977 -0.0683 -0.0027
vn -0.3082 0.9505 -0.0392
vn -0.9984 -0.0556 -0.0027
vn -0.0956 0.1232 -0.9878
vn -0.0761 0.1906 0.9787
vn -0.0715 -0.1390 0.9877
vn -0.9564 -0.1132 0.2694
vn -0.3124 -0.9034 0.2939
vn -0.9949 0.0925 -0.0396
vn -0.1721 0.1171 0.9781
vn -0.4341 0.1719 -0.8843
vn 0.3586 0.5339 0.7657
vn -0.9097 0.3994 -0.1137
vn 0.1758 0.5249 0.8328
vn 0.9613 -0.1941 -0.1953
vn 0.2659 0.5695 0.7778
vn -0.9254 0.3686 0.0886
vn 0.8351 0.5488 0.0360
vn -0.2208 -0.5363 -0.8146
vn 0.0919 0.8325 -0.5464
vn -0.8966 0.4068 0.1751
vn 0.9993 0.0048 0.0376
vn -0.2419 -0.3708 -0.8966
vn 0.3396 0.8915 -0.2997
vn 0.0300 -0.6043 0.7962
vn 0.1352 -0.9620 0.2371
vn 0.1794 0.9056 -0.3843
vn -0.2641 0.5606 -0.7848
vn -0.3089 -0.7559 -0.5772
vn -0.5595 -0.4533 0.6938
vn -0.2900 0.8164 0.4993
vn -0.8006 0.1899 0.5683
vn -0.4498 -0.7552 0.4769
vn 0.2908 0.9563 -0.0314
vn 0.3354 -0.2511 -0.9080
vn 0.9992 0.0401 -0.0004
vn 0.2620 0.1525 0.9530
vn 0.2691 -0.8885 -0.3717
vn -0.3160 -0.3442 -0.8841
vn 0.2749 0.1909 -0.9423
vn 0.9323 0.3616 -0.0008
vn 0.9202 0.3621 -0.1484
vn 0.3298 0.0379 0.9433
vn 0.3262 -0.1403 -0.9348
vn -0.9774 -0.2114 0.0012
vn -0.2141 0.4561 0.8638
vn -0.9351 0.3313 -0.1256
vn 0.5247 0.0661 0.8487
vn 0.9875 -0.1578 0.0004
vn 0.3959 0.0435 -0.9173
vn 0.8161 -0.5678 -0.1080
vn -0.3225 0.5399 -0.7775
vn -0.7213 -0.6817 -0.1224
vn -0.1144 0.0265 -0.9931
vn -0.9890 -0.0238 -0.1462
vn -0.7518 -0.6593 0.0008
vn 0.0701 -0.4625 0.8839
vn 0.9086 -0.3947 0.1366
vn -0.1932 0.5148 0.8353
vn 0.9390 0.3439 0.0042
vn 0.1149 -0.3036 -0.9459
vn 0.9665 -0.0809 -0.2434
vn 0.3235 0.5905 -0.7394
vn -0.7975 0.4140 0.4389
vn -0.7986 -0.4006 0.4491
vn 0.0003 -1.0000 0.0035
vn -0.9999 -0.0013 -0.0147
vn 0.0617 0.9826 0.1752
vn 1.0000 0.0013 0.0089
vn -0.0155 -0.9990 -0.0431
vn -0.9894 -0.0966 -0.1087
vn -0.1817 -0.1490 0.9720
vn 0.9882 -0.0618 -0.1398
vn 0.1931 -0.5365 -0.8215
vn 0.1766 0.8975 0.4040
vn 0.3789 0.7817 -0.4953
vn 0.2115 -0.3629 -0.9075
vn 0.1436 -0.2994 0.9433
vn 0.5395 -0.8420 0.0015
vn 0.3109 0.8749 0.3712
vn 0.9613 -0.0296 0.2739
vn 0.3349 0.9415 -0.0375
vn 0.9962 0.0159 0.0858
vn 0.1043 0.1204 -0.9872
vn 0.1296 0.1414 0.9814
vn 0.1445 -0.1884 0.9714
vn 0.0939 -0.1784 0.9795
vn 0.3121 -0.1903 0.9308
vn 0.9514 -0.1398 0.2744
vn 0.3985 -0.9018 0.1674
vn 0.9999 -0.0037 0.0105
vn 0.1607 0.1161 0.9802
vn 0.4435 0.1596 -0.8820
vn -0.3581 0.5342 0.7658
vn 0.9548 0.2739 -0.1155
vn -0.9613 -0.1941 -0.1953
vn -0.2659 0.5695 0.7778
vn 0.8746 0.4675 0.1281
vn -0.8361 0.5474 0.0351
vn 0.2589 -0.5011 -0.8258
vn -0.0919 0.8325 -0.5464
vn -0.9871 -0.0158 -0.1593
vn 0.2420 -0.3708 -0.8966
vn 0.0102 0.9509 -0.3093
vn 0.0367 -0.3808 0.9239
vn -0.1442 -0.9613 0.2348
vn -0.1728 0.8922 -0.4172
vn 0.2650 0.5603 -0.7848
vn 0.2952 -0.7586 -0.5809
vn 0.5595 -0.4533 0.6938
vn 0.3025 0.8163 0.4920
vn -0.2396 0.7789 -0.5796
vn -0.3240 -0.2407 -0.9149
vn -0.9992 0.0399 0.0002
vn -0.2626 0.1492 0.9533
vn -0.2690 -0.8885 -0.3717
vn -0.3706 0.2495 0.8947
vn -0.3967 0.1128 -0.9110
vn -0.9345 0.3560 -0.0007
vn -0.9376 0.3210 -0.1335
vn -0.3298 0.0379 0.9433
vn -0.3296 -0.1408 -0.9336
vn 0.9774 -0.2114 0.0012
vn 0.2141 0.4561 0.8638
vn 0.9177 0.3838 -0.1025
vn -0.5113 0.0708 0.8565
vn 0.8295 0.0876 -0.5515
vn -0.5887 0.1476 -0.7947
vn -0.8176 -0.5652 -0.1102
vn -0.3724 0.7236 -0.5811
vn 0.7234 -0.6789 -0.1258
vn 0.6113 -0.1709 -0.7727
vn 0.9643 -0.1526 -0.2164
vn 0.7518 -0.6593 0.0008
vn -0.0624 -0.4774 0.8764
vn -0.8931 -0.4199 0.1614
vn 0.1762 0.5267 0.8316
vn -0.9156 0.3654 -0.1678
vn -0.1149 -0.3036 -0.9459
vn -0.9701 -0.0658 -0.2338
vn 0.4070 -0.5481 0.7307
vn 0.7520 0.6591 0.0038
vn -0.5083 0.6950 -0.5086
vn 0.0009 -1.0000 0.0024
vn 0.9999 -0.0006 -0.0148
vn 0.0690 0.9577 0.2792
vn -1.0000 0.0013 0.0089
vn 0.0155 -0.9990 -0.0431
vn 0.9973 -0.0735 0.0008
vn 0.1817 -0.1490 0.9720
vn -0.9882 -0.0618 -0.1398
vn -0.2037 -0.5310 -0.8226
vn -0.1526 0.9077 0.3910
vn -0.4742 0.6903 -0.5465
vn -0.2348 -0.3716 -0.8982
vn 0.1690 -0.2614 -0.9503
vn -0.5675 -0.8234 -0.0073
vn -0.3852 0.8959 0.2212
vn -0.9632 -0.0027 0.2687
vn -0.9977 -0.0683 -0.0026
vn -0.3694 0.9248 -0.0913
vn -0.9958 0.0438 0.0805
vn -0.2472 -0.0648 -0.9668
vn -0.1309 0.1451 0.9807
vn -0.1548 -0.1842 0.9706
vn -0.3222 -0.1814 0.9291
vn -0.1041 -0.1757 0.9789
vn -0.9410 -0.0643 0.3323
vn -0.4244 -0.8903 0.1652
vn -0.9925 0.1216 -0.0115
vn -0.1601 0.1282 0.9787
vn -0.4468 0.1578 -0.8806
vn 0.2514 0.7145 0.6529
vn -0.9548 0.2739 -0.1155
vn 0.9747 -0.1110 -0.1941
vn 0.3403 0.5116 0.7890
vn -0.8747 0.4675 0.1281
vn 0.9513 -0.0875 -0.2955
vn -0.2589 -0.5011 -0.8258
vn 0.9871 -0.0158 -0.1593
vn 0.0461 0.8234 0.5656
vn -0.0348 -0.3738 0.9269
vn 0.0854 -0.8289 -0.5529
vn 0.2849 0.5076 -0.8131
vn -0.2649 0.5603 -0.7848
vn -0.2952 -0.7586 -0.5809
vn -0.5583 -0.4534 0.6948
vn -0.3025 0.8163 0.4920
vt 0.893585 0.136111
vt 0.830834 0.037042
vt 0.918326 0.037182
vt 0.235185 0.860325
vt 0.102067 0.988094
vt 0.108649 0.906037
vt 0.485327 0.702022
vt 0.573537 0.440743
vt 0.604980 0.707017
vt 0.238935 0.593891
vt 0.313557 0.708875
vt 0.242129 0.718052
vt 0.753374 0.244392
vt 0.770879 0.228964
vt 0.770910 0.239844
vt 0.238935 0.882993
vt 0.384308 0.988717
vt 0.246904 1.000000
vt 0.162460 0.718677
vt 0.238935 0.600854
vt 0.235382 0.717087
vt 0.592367 0.804488
vt 0.487908 0.799823
vt 0.544000 0.176393
vt 0.589806 0.161870
vt 0.582998 0.178203
vt 0.290957 0.348324
vt 0.350177 0.612407
vt 0.127050 0.620218
vt 0.177459 0.365828
vt 0.654510 0.750005
vt 0.789678 0.998035
vt 0.604980 1.000000
vt 0.123673 0.091089
vt 0.159631 0.060906
vt 0.159417 0.090628
vt 0.313429 0.067700
vt 0.354607 0.084106
vt 0.321598 0.084088
vt 0.152737 0.108225
vt 0.126878 0.108559
vt 0.666799 0.485512
vt 0.712697 0.469817
vt 0.708086 0.485533
vt 0.604980 1.000000
vt 0.518462 0.995823
vt 0.887573 0.959657
vt 0.805564 1.000000
vt 0.789678 0.959548
vt 0.906475 0.000174
vt 0.064917 0.977930
vt 0.378304 0.904581
vt 0.421324 0.977706
vt 0.812422 0.217242
vt 0.846752 0.173627
vt 0.851752 0.219607
vt 0.808593 0.239467
vt 0.845232 0.246330
vt 0.823114 0.248986
vt 0.007120 0.614243
vt 0.034353 0.603997
vt 0.021809 0.616299
vt 0.826714 0.626159
vt 0.863274 0.614919
vt 0.848470 0.628060
vt 0.773204 0.408657
vt 0.782133 0.435362
vt 0.773204 0.435526
vt 0.004242 0.578137
vt 0.026325 0.540883
vt 0.033358 0.582643
vt 0.820843 0.597462
vt 0.851691 0.551552
vt 0.859371 0.593344
vt 0.764803 0.288493
vt 0.773871 0.335380
vt 0.753374 0.333202
vt 0.817287 0.777022
vt 0.055118 0.935287
vt 0.033996 0.762498
vt 0.789678 0.551552
vt 0.853622 0.399382
vt 0.876308 0.551552
vt 0.482172 0.756235
vt 0.432231 0.937744
vt 0.876308 0.322144
vt 0.916930 0.278152
vt 0.926756 0.333715
vt 0.657378 0.469660
vt 0.712408 0.439757
vt 0.534171 0.159253
vt 0.591051 0.131705
vt 0.789678 0.455267
vt 0.773204 0.435526
vt 0.753374 0.382172
vt 0.773204 0.382216
vt 0.887573 1.000000
vt 0.937874 0.939996
vt 0.936517 0.988564
vt 0.487969 0.143504
vt 0.535417 0.129088
vt 0.926999 0.380244
vt 0.783038 0.748623
vt 0.109324 0.366707
vt 0.358590 0.347968
vt 0.490273 0.437266
vt 0.234792 0.151848
vt 0.170057 0.115340
vt 0.230089 0.117066
vt 0.847460 0.136040
vt 0.789678 0.169084
vt 0.948428 0.169515
vt 0.125059 0.273996
vt 0.119796 0.149006
vt 0.565506 0.614127
vt 0.554763 0.580258
vt 0.552317 0.581058
vt 0.429383 0.726250
vt 0.464582 0.768171
vt 0.429383 0.764913
vt 0.591072 0.786771
vt 0.660711 0.744401
vt 0.674310 0.793344
vt 0.679442 0.400282
vt 0.797873 0.240695
vt 0.780795 0.449003
vt 0.902485 0.048171
vt 0.797589 0.048117
vt 0.591072 0.892595
vt 0.962196 0.449096
vt 0.979274 0.240788
vt 0.251081 0.276892
vt 0.119796 0.421724
vt 0.554941 0.423117
vt 0.407550 0.267012
vt 0.542410 0.262748
vt 0.445787 0.170273
vt 0.420705 0.027207
vt 0.678991 0.074306
vt 0.307800 0.844707
vt 0.360301 0.794063
vt 0.360550 0.864285
vt 0.365687 0.628854
vt 0.406366 0.586197
vt 0.406342 0.633107
vt 0.591106 0.569470
vt 0.605070 0.605049
vt 0.230497 0.050848
vt 0.165475 0.050806
vt 0.730357 0.247108
vt 0.742215 0.238538
vt 0.750529 0.247108
vt 0.812260 0.609925
vt 0.000000 0.598681
vt 0.860555 0.232496
vt 0.731085 0.233540
vt 0.737504 0.217574
vt 0.807551 0.584698
vt 0.865547 0.204981
vt 0.759549 0.261562
vt 0.777694 0.288258
vt 0.753374 0.288258
vt 0.776301 0.236482
vt 0.770910 0.244392
vt 0.770910 0.235855
vt 0.806946 0.567534
vt 0.816660 0.583212
vt 0.860070 0.186373
vt 0.856007 0.208743
vt 0.763797 0.244392
vt 0.774394 0.262470
vt 0.865694 0.763743
vt 0.811411 0.764094
vt 0.038804 0.750028
vt 0.002058 0.745016
vt 0.807160 0.387495
vt 0.859311 0.387756
vt 0.448557 0.746528
vt 0.477974 0.605089
vt 0.485327 0.743465
vt 0.452967 0.758502
vt 0.812522 0.399012
vt 0.005050 0.758757
vt 0.859874 0.776638
vt 0.412186 0.182508
vt 0.413717 0.154598
vt 0.123886 0.061367
vt 0.841655 0.000000
vt 0.819813 0.173524
vt 0.782133 0.408493
vt 0.017590 0.538441
vt 0.824755 0.551649
vt 0.882794 0.266921
vt 0.657089 0.439600
vt 0.789562 0.435526
vt 0.753374 0.435483
vt 0.887573 0.921642
vt 0.912544 0.173524
vt 0.552317 0.652920
vt 0.464582 0.721379
vt 0.594938 0.739942
vt 0.674310 0.873109
vt 0.254046 0.440851
vt 0.648392 0.245780
vt 0.730614 0.217924
vt 0.467149 0.605949
vt 0.238935 1.000000
vt 0.753374 0.219994
vt 0.360771 0.067759
vt 0.871446 1.000000
vt 0.773871 0.288258
vt 0.488714 0.123693
vt 0.876308 0.398899
vt 0.840455 0.173524
vt 0.407550 0.463202
vt 0.538716 0.084269
vt 0.307800 0.792337
vt 0.365707 0.590093
vt 0.776301 0.243718
vt 0.812165 0.566683
vt 0.865442 0.187310
vt 0.772304 0.244912
s 0
usemtl Body
f 53/1/1 1/2/1 3/3/1
f 22/4/2 3/5/2 23/6/2
f 29/13/5 90/14/5 91/15/5
f 24/16/6 1/17/6 5/18/6
f 2/11/17 24/16/17 6/12/17
f 2/23/18 23/45/18 21/46/18
f 4/19/19 22/4/19 23/6/19
f 28/47/20 25/48/20 27/49/20
f 1/2/21 26/50/21 3/3/21
f 26/51/22 23/6/22 3/5/22
f 21/52/23 25/53/23 1/17/23
f 79/54/24 33/55/24 78/56/24
f 30/57/25 91/58/25 92/59/25
f 93/60/26 30/61/26 92/62/26
f 90/63/27 32/64/27 93/65/27
f 34/66/28 35/67/28 33/68/28
f 80/69/29 34/70/29 79/71/29
f 81/72/30 36/73/30 80/74/30
f 33/75/31 81/76/31 78/77/31
f 37/78/32 28/47/32 27/49/32
f 28/79/33 39/80/33 23/6/33
f 23/81/34 38/82/34 21/83/34
f 21/52/35 37/84/35 27/85/35
f 55/110/49 5/111/49 1/2/49
f 7/112/50 53/1/50 3/3/50
f 81/150/67 85/151/67 78/152/67
f 81/72/68 32/64/68 31/153/68
f 80/69/69 30/61/69 32/154/69
f 30/57/70 78/56/70 29/155/70
f 84/156/71 89/157/71 85/151/71
f 83/158/72 81/72/72 31/153/72
f 78/56/73 82/159/73 29/155/73
f 82/160/74 31/161/74 29/162/74
f 89/163/75 87/164/75 86/165/75
f 87/166/76 84/167/76 83/158/76
f 89/168/77 82/159/77 85/169/77
f 86/170/78 83/171/78 82/160/78
f 90/63/79 96/172/79 97/173/79
f 93/60/80 95/174/80 96/175/80
f 95/176/81 91/58/81 94/177/81
f 94/178/82 90/179/82 97/180/82
f 94/178/83 37/84/83 38/181/83
f 95/176/84 38/82/84 39/182/84
f 40/183/85 95/174/85 39/80/85
f 97/173/86 40/184/86 37/78/86
f 103/3/89 146/110/89 145/1/89
f 103/5/90 22/4/90 116/6/90
f 170/14/93 121/13/93 171/15/93
f 24/16/94 101/17/94 115/52/94
f 24/16/105 102/11/105 6/12/105
f 102/23/106 116/45/106 104/22/106
f 104/19/107 22/4/107 8/21/107
f 117/48/108 120/47/108 119/49/108
f 101/2/109 118/50/109 117/188/109
f 116/6/110 118/51/110 103/5/110
f 115/52/111 117/53/111 119/85/111
f 159/54/112 125/55/112 126/189/112
f 171/58/113 122/57/113 172/59/113
f 173/60/114 122/61/114 124/154/114
f 170/63/115 124/64/115 123/153/115
f 126/66/116 127/67/116 128/190/116
f 160/69/117 126/70/117 128/191/117
f 161/72/118 128/73/118 127/192/118
f 161/76/119 125/75/119 158/77/119
f 120/47/120 129/78/120 119/49/120
f 120/79/121 131/80/121 132/183/121
f 116/81/122 130/82/122 131/182/122
f 115/52/123 129/84/123 130/181/123
f 5/111/137 146/110/137 101/2/137
f 7/112/138 145/1/138 54/198/138
f 161/150/155 165/151/155 164/156/155
f 124/64/156 161/72/156 123/153/156
f 124/154/157 159/71/157 160/69/157
f 122/57/158 158/56/158 159/54/158
f 164/156/159 169/157/159 168/205/159
f 161/72/160 163/158/160 123/153/160
f 158/56/161 162/159/161 165/169/161
f 123/161/162 162/160/162 121/162/162
f 167/164/163 169/163/163 166/165/163
f 164/167/164 167/166/164 163/158/164
f 162/159/165 169/168/165 165/169/165
f 163/171/166 166/170/166 162/160/166
f 177/173/167 173/65/167 170/63/167
f 175/174/168 173/60/168 176/175/168
f 175/176/169 171/58/169 172/59/169
f 174/178/170 170/179/170 171/206/170
f 129/84/171 174/178/171 130/181/171
f 130/82/172 175/176/172 131/182/172
f 132/183/173 175/174/173 176/175/173
f 132/184/174 177/173/174 129/78/174
f 53/1/177 55/110/177 1/2/177
f 22/4/178 7/207/178 3/5/178
f 29/13/181 31/208/181 90/14/181
f 24/16/182 21/52/182 1/17/182
f 2/11/191 21/52/191 24/16/191
f 2/23/192 4/22/192 23/45/192
f 4/19/193 8/21/193 22/4/193
f 28/47/194 26/210/194 25/48/194
f 1/2/195 25/188/195 26/50/195
f 26/51/196 28/79/196 23/6/196
f 21/52/197 27/85/197 25/53/197
f 79/54/198 34/189/198 33/55/198
f 30/57/199 29/155/199 91/58/199
f 93/60/200 32/154/200 30/61/200
f 90/63/201 31/153/201 32/64/201
f 34/66/28 36/190/28 35/67/28
f 80/69/202 36/191/202 34/70/202
f 81/72/203 35/192/203 36/73/203
f 33/75/204 35/211/204 81/76/204
f 37/78/205 40/184/205 28/47/205
f 28/79/206 40/183/206 39/80/206
f 23/81/207 39/182/207 38/82/207
f 21/52/208 38/181/208 37/84/208
f 55/110/218 56/214/218 5/111/218
f 7/112/219 54/198/219 53/1/219
f 81/150/237 84/156/237 85/151/237
f 81/72/238 80/74/238 32/64/238
f 80/69/69 79/71/69 30/61/69
f 30/57/239 79/54/239 78/56/239
f 84/156/240 88/205/240 89/157/240
f 83/158/241 84/167/241 81/72/241
f 78/56/242 85/169/242 82/159/242
f 82/160/243 83/171/243 31/161/243
f 89/163/244 88/219/244 87/164/244
f 87/166/76 88/220/76 84/167/76
f 89/168/245 86/221/245 82/159/245
f 86/170/246 87/222/246 83/171/246
f 90/63/247 93/65/247 96/172/247
f 93/60/248 92/62/248 95/174/248
f 95/176/249 92/59/249 91/58/249
f 94/178/250 91/206/250 90/179/250
f 94/178/251 97/180/251 37/84/251
f 95/176/252 94/177/252 38/82/252
f 40/183/253 96/175/253 95/174/253
f 97/173/254 96/172/254 40/184/254
f 103/3/255 101/2/255 146/110/255
f 103/5/256 7/207/256 22/4/256
f 170/14/259 123/208/259 121/13/259
f 24/16/260 5/18/260 101/17/260
f 24/16/269 115/52/269 102/11/269
f 102/23/270 115/46/270 116/45/270
f 104/19/271 116/6/271 22/4/271
f 117/48/272 118/210/272 120/47/272
f 101/2/273 103/3/273 118/50/273
f 116/6/274 120/79/274 118/51/274
f 115/52/275 101/17/275 117/53/275
f 159/54/276 158/56/276 125/55/276
f 171/58/277 121/155/277 122/57/277
f 173/60/278 172/62/278 122/61/278
f 170/63/279 173/65/279 124/64/279
f 126/66/116 125/68/116 127/67/116
f 160/69/280 159/71/280 126/70/280
f 161/72/281 160/74/281 128/73/281
f 161/76/282 127/211/282 125/75/282
f 120/47/283 132/184/283 129/78/283
f 120/79/284 116/6/284 131/80/284
f 116/81/285 115/83/285 130/82/285
f 115/52/286 119/85/286 129/84/286
f 5/111/296 56/214/296 146/110/296
f 7/112/297 103/3/297 145/1/297
f 161/150/316 158/152/316 165/151/316
f 124/64/317 160/74/317 161/72/317
f 124/154/157 122/61/157 159/71/157
f 122/57/318 121/155/318 158/56/318
f 164/156/319 165/151/319 169/157/319
f 161/72/320 164/167/320 163/158/320
f 158/56/321 121/155/321 162/159/321
f 123/161/322 163/171/322 162/160/322
f 167/164/163 168/219/163 169/163/163
f 164/167/164 168/220/164 167/166/164
f 162/159/323 166/221/323 169/168/323
f 163/171/166 167/222/166 166/170/166
f 177/173/324 176/172/324 173/65/324
f 175/174/325 172/62/325 173/60/325
f 175/176/326 174/177/326 171/58/326
f 174/178/327 177/180/327 170/179/327
f 129/84/328 177/180/328 174/178/328
f 130/82/329 174/177/329 175/176/329
f 132/183/330 131/80/330 175/174/330
f 132/184/331 176/172/331 177/173/331
usemtl Head
f 58/107/48 74/108/48 75/109/48
f 58/107/51 61/113/51 57/114/51
f 77/115/52 60/116/52 76/117/52
f 74/118/53 59/119/53 77/120/53
f 67/121/54 73/122/54 66/123/54
f 73/124/55 63/125/55 66/126/55
f 57/127/56 63/125/56 59/128/56
f 66/123/57 65/129/57 67/121/57
f 64/130/58 63/125/58 61/131/58
f 62/132/59 64/133/59 61/113/59
f 73/134/60 70/135/60 71/136/60
f 71/136/61 100/137/61 68/138/61
f 63/125/62 69/139/62 59/128/62
f 69/140/63 60/141/63 59/142/63
f 74/143/64 55/144/64 53/145/64
f 77/115/65 56/146/65 55/147/65
f 54/148/66 74/108/66 53/149/66
f 70/135/87 99/185/87 100/137/87
f 99/185/88 98/186/88 100/137/88
f 156/108/136 58/107/136 75/109/136
f 58/107/139 149/113/139 62/132/139
f 157/115/140 60/116/140 148/199/140
f 156/118/141 148/119/141 147/200/141
f 67/121/142 155/122/142 72/201/142
f 150/125/143 155/124/143 152/126/143
f 147/127/144 150/125/144 149/131/144
f 152/123/145 65/129/145 151/202/145
f 150/125/146 151/130/146 149/131/146
f 62/132/147 151/133/147 65/203/147
f 70/135/148 155/134/148 154/136/148
f 68/138/149 178/137/149 154/136/149
f 150/125/150 153/139/150 154/204/150
f 60/141/151 153/140/151 148/142/151
f 146/144/152 156/143/152 145/145/152
f 56/146/153 157/115/153 146/147/153
f 54/148/154 156/108/154 75/109/154
f 70/135/175 178/137/175 99/185/175
f 99/185/176 178/137/176 98/186/176
f 58/107/217 57/114/217 74/108/217
f 58/107/220 62/132/220 61/113/220
f 77/115/221 59/199/221 60/116/221
f 74/118/222 57/200/222 59/119/222
f 67/121/223 72/201/223 73/122/223
f 73/124/224 71/204/224 63/125/224
f 57/127/56 61/131/56 63/125/56
f 66/123/225 64/202/225 65/129/225
f 64/130/226 66/126/226 63/125/226
f 62/132/227 65/203/227 64/133/227
f 73/134/228 72/215/228 70/135/228
f 68/138/229 69/216/229 71/136/229
f 71/136/230 70/135/230 100/137/230
f 100/137/231 98/186/231 68/138/231
f 63/125/232 71/204/232 69/139/232
f 69/140/233 68/217/233 60/141/233
f 74/143/234 77/218/234 55/144/234
f 77/115/235 76/117/235 56/146/235
f 54/148/236 75/109/236 74/108/236
f 156/108/295 147/114/295 58/107/295
f 58/107/298 147/114/298 149/113/298
f 157/115/299 76/117/299 60/116/299
f 156/118/300 157/120/300 148/119/300
f 67/121/301 152/123/301 155/122/301
f 150/125/302 154/204/302 155/124/302
f 147/127/303 148/128/303 150/125/303
f 152/123/304 67/121/304 65/129/304
f 150/125/305 152/126/305 151/130/305
f 62/132/306 149/113/306 151/133/306
f 70/135/307 72/215/307 155/134/307
f 154/136/308 153/216/308 68/138/308
f 68/138/309 98/186/309 178/137/309
f 178/137/310 70/135/310 154/136/310
f 150/125/311 148/128/311 153/139/311
f 60/141/312 68/217/312 153/140/312
f 146/144/313 157/218/313 156/143/313
f 56/146/314 76/117/314 157/115/314
f 54/148/315 145/149/315 156/108/315
usemtl legs
f 9/7/3 14/8/3 10/9/3
f 11/10/4 2/11/4 6/12/4
f 4/19/7 12/20/7 8/21/7
f 9/7/8 4/22/8 2/23/8
f 50/24/9 20/25/9 49/26/9
f 15/27/10 9/28/10 11/10/10
f 10/29/11 16/30/11 12/20/11
f 16/31/12 11/32/12 12/33/12
f 20/34/13 42/35/13 18/36/13
f 17/37/14 50/38/14 51/39/14
f 20/34/15 52/40/15 49/41/15
f 52/42/16 17/43/16 51/44/16
f 41/86/36 44/87/36 43/88/36
f 18/89/37 41/90/37 17/43/37
f 19/91/38 44/92/38 20/25/38
f 41/90/39 46/93/39 17/43/39
f 46/94/40 47/95/40 45/96/40
f 17/97/41 45/98/41 19/99/41
f 45/100/42 43/101/42 19/91/42
f 47/102/43 41/86/43 43/88/43
f 16/31/44 51/44/44 15/103/44
f 14/104/45 52/40/45 16/30/45
f 51/39/46 13/105/46 15/27/46
f 50/24/47 14/8/47 13/106/47
f 105/7/91 108/8/91 107/106/91
f 102/11/92 11/10/92 6/12/92
f 104/19/95 12/20/95 106/29/95
f 104/22/96 105/7/96 102/23/96
f 142/24/97 114/25/97 113/91/97
f 105/28/98 109/27/98 11/10/98
f 106/29/99 110/30/99 108/104/99
f 11/32/100 110/31/100 12/33/100
f 114/34/101 134/35/101 136/187/101
f 142/38/102 111/37/102 143/39/102
f 144/40/103 114/34/103 141/41/103
f 144/42/104 111/43/104 112/89/104
f 133/86/124 136/87/124 134/193/124
f 112/89/125 133/90/125 134/194/125
f 113/91/126 136/92/126 135/101/126
f 133/90/127 138/93/127 140/195/127
f 138/94/128 139/95/128 140/196/128
f 111/97/129 137/98/129 138/197/129
f 135/101/130 137/100/130 113/91/130
f 133/86/131 139/102/131 135/88/131
f 110/31/132 143/44/132 144/42/132
f 108/104/133 144/40/133 141/41/133
f 107/105/134 143/39/134 109/27/134
f 108/8/135 142/24/135 107/106/135
f 9/7/179 13/106/179 14/8/179
f 11/10/180 9/28/180 2/11/180
f 4/19/183 10/29/183 12/20/183
f 9/7/184 10/9/184 4/22/184
f 50/24/185 19/91/185 20/25/185
f 15/27/186 13/105/186 9/28/186
f 10/29/187 14/104/187 16/30/187
f 16/31/188 15/103/188 11/32/188
f 20/34/13 44/187/13 42/35/13
f 17/37/189 19/209/189 50/38/189
f 20/34/15 18/36/15 52/40/15
f 52/42/190 18/89/190 17/43/190
f 41/86/209 42/193/209 44/87/209
f 18/89/37 42/194/37 41/90/37
f 19/91/38 43/101/38 44/92/38
f 41/90/210 48/195/210 46/93/210
f 46/94/40 48/196/40 47/95/40
f 17/97/211 46/197/211 45/98/211
f 45/100/212 47/212/212 43/101/212
f 47/102/213 48/213/213 41/86/213
f 16/31/214 52/42/214 51/44/214
f 14/104/45 49/41/45 52/40/45
f 51/39/215 50/38/215 13/105/215
f 50/24/216 49/26/216 14/8/216
f 105/7/257 106/9/257 108/8/257
f 102/11/258 105/28/258 11/10/258
f 104/19/261 8/21/261 12/20/261
f 104/22/262 106/9/262 105/7/262
f 142/24/263 141/26/263 114/25/263
f 105/28/264 107/105/264 109/27/264
f 106/29/265 12/20/265 110/30/265
f 11/32/266 109/103/266 110/31/266
f 114/34/101 112/36/101 134/35/101
f 142/38/267 113/209/267 111/37/267
f 144/40/103 112/36/103 114/34/103
f 144/42/268 143/44/268 111/43/268
f 133/86/287 135/88/287 136/87/287
f 112/89/125 111/43/125 133/90/125
f 113/91/126 114/25/126 136/92/126
f 133/90/288 111/43/288 138/93/288
f 138/94/128 137/96/128 139/95/128
f 111/97/289 113/99/289 137/98/289
f 135/101/290 139/212/290 137/100/290
f 133/86/291 140/213/291 139/102/291
f 110/31/292 109/103/292 143/44/292
f 108/104/133 110/30/133 144/40/133
f 107/105/293 142/38/293 143/39/293
f 108/8/294 141/26/294 142/24/294
o Cube.001
v -0.059343 0.544700 0.257779
v -0.059343 0.543256 0.257779
v -0.059463 0.544700 0.225277
v -0.059463 0.543256 0.225277
v 0.059572 0.544644 0.258021
v 0.059572 0.543200 0.258021
v 0.059451 0.544644 0.225518
v 0.059451 0.543200 0.225518
v -0.059544 0.534958 0.257907
v -0.059544 0.533546 0.257907
v -0.059544 0.534958 0.225379
v -0.059544 0.533546 0.225379
v 0.059496 0.534958 0.257907
v 0.059496 0.533546 0.257907
v 0.059495 0.534958 0.225379
v 0.059495 0.533546 0.225379
v 0.059496 0.534917 0.225395
v 0.059496 0.543217 0.225395
v 0.059496 0.534917 0.257887
v 0.059496 0.543217 0.257887
v 0.044419 0.534936 0.225264
v 0.044419 0.543217 0.225276
v 0.044419 0.534917 0.257887
v 0.044419 0.543217 0.257887
v 0.059496 0.542579 0.225395
v 0.059496 0.541574 0.257887
v 0.044419 0.541574 0.257887
v 0.044419 0.542579 0.225276
v -0.045699 0.543217 0.257887
v -0.045699 0.543217 0.225276
v -0.045699 0.541574 0.257887
v -0.045699 0.542579 0.225276
v 0.059496 0.536042 0.257887
v 0.044419 0.536042 0.257846
v 0.044419 0.536232 0.225222
v 0.059496 0.536212 0.225395
v -0.045677 0.536042 0.257846
v -0.045677 0.534917 0.257887
v -0.045677 0.534936 0.225264
v -0.045677 0.536232 0.225222
v 0.059496 0.542579 0.225395
v 0.059496 0.541574 0.257887
v 0.044419 0.541574 0.257887
v 0.044419 0.542579 0.225395
v 0.039676 0.541574 0.257887
v 0.034933 0.541574 0.257887
v 0.030190 0.541574 0.257887
v 0.025447 0.541574 0.257887
v 0.020704 0.541574 0.257887
v 0.015961 0.541574 0.257887
v 0.011218 0.541574 0.257887
v 0.006475 0.541574 0.257887
v 0.001731 0.541574 0.257887
v -0.003012 0.541574 0.257887
v -0.007755 0.541574 0.257887
v -0.012498 0.541574 0.257887
v -0.017241 0.541574 0.257887
v -0.021984 0.541574 0.257887
v -0.026727 0.541574 0.257887
v -0.031470 0.541574 0.257887
v -0.036213 0.541574 0.257887
v -0.040956 0.541574 0.257887
v -0.040956 0.542579 0.225436
v -0.036213 0.542579 0.225436
v -0.031470 0.542579 0.225436
v -0.026727 0.542579 0.225436
v -0.021984 0.542579 0.225436
v -0.017241 0.542579 0.225436
v -0.012498 0.542579 0.225436
v -0.007755 0.542579 0.225436
v -0.003012 0.542579 0.225436
v 0.001731 0.542579 0.225436
v 0.006475 0.542579 0.225436
v 0.011218 0.542579 0.225436
v 0.015961 0.542579 0.225436
v 0.020704 0.542579 0.225436
v 0.025447 0.542579 0.225436
v 0.030190 0.542579 0.225436
v 0.034933 0.542579 0.225436
v 0.039676 0.542579 0.225436
v -0.040956 0.543217 0.225276
v -0.036213 0.543217 0.225276
v -0.031470 0.543217 0.225276
v -0.026727 0.543217 0.225276
v -0.021984 0.543217 0.225276
v -0.017241 0.543217 0.225276
v -0.012498 0.543217 0.225276
v -0.007755 0.543217 0.225276
v -0.003012 0.543217 0.225276
v 0.001731 0.543217 0.225276
v 0.006475 0.543217 0.225276
v 0.011218 0.543217 0.225276
v 0.015961 0.543217 0.225276
v 0.020704 0.543217 0.225276
v 0.025447 0.543217 0.225276
v 0.030190 0.543217 0.225276
v 0.034933 0.543217 0.225276
v 0.039676 0.543217 0.225276
v 0.039676 0.543217 0.257887
v 0.034933 0.543217 0.257887
v 0.030190 0.543217 0.257887
v 0.025447 0.543217 0.257887
v 0.020704 0.543217 0.257887
v 0.015961 0.543217 0.257887
v 0.011218 0.543217 0.257887
v 0.006475 0.543217 0.257887
v 0.001731 0.543217 0.257887
v -0.003012 0.543217 0.257887
v -0.007755 0.543217 0.257887
v -0.012498 0.543217 0.257887
v -0.017241 0.543217 0.257887
v -0.021984 0.543217 0.257887
v -0.026727 0.543217 0.257887
v -0.031470 0.543217 0.257887
v -0.036213 0.543217 0.257887
v -0.040956 0.543217 0.257887
v 0.039676 0.535227 0.257690
v 0.034933 0.535227 0.257690
v 0.030190 0.535227 0.257690
v 0.025447 0.535227 0.257690
v 0.020704 0.535227 0.257690
v 0.015961 0.535227 0.257690
v 0.011218 0.535227 0.257690
v 0.006475 0.535227 0.257690
v 0.001731 0.535227 0.257690
v -0.003012 0.535227 0.257690
v -0.007755 0.535227 0.257690
v -0.012498 0.535227 0.257690
v -0.017241 0.535227 0.257690
v -0.021984 0.535227 0.257690
v -0.026727 0.535227 0.257690
v -0.031470 0.535227 0.257690
v -0.036213 0.535227 0.257690
v -0.040956 0.535227 0.257690
v -0.040956 0.536232 0.225240
v -0.036213 0.536232 0.225240
v -0.031470 0.536232 0.225240
v -0.026727 0.536232 0.225240
v -0.021984 0.536232 0.225240
v -0.017241 0.536232 0.225240
v -0.012498 0.536232 0.225240
v -0.007755 0.536232 0.225240
v -0.003012 0.536232 0.225240
v 0.001731 0.536232 0.225240
v 0.006475 0.536232 0.225240
v 0.011218 0.536232 0.225240
v 0.015961 0.536232 0.225240
v 0.020704 0.536232 0.225240
v 0.025447 0.536232 0.225240
v 0.030190 0.536232 0.225240
v 0.034933 0.536232 0.225240
v 0.039676 0.536232 0.225240
v -0.059486 0.543218 0.257887
v -0.059486 0.543218 0.225276
v -0.059486 0.541574 0.257887
v -0.059486 0.542579 0.225276
v -0.045699 0.533951 0.257652
v -0.045699 0.534956 0.225041
v -0.059486 0.533951 0.257652
v -0.059486 0.534956 0.225041
v -0.045699 0.536178 0.257887
v -0.045699 0.536178 0.225276
v -0.059486 0.536178 0.257887
v -0.059486 0.536178 0.225276
v -0.045699 0.534847 0.257887
v -0.045699 0.534847 0.225276
v -0.059486 0.534847 0.257887
v -0.059486 0.534847 0.225276
v 0.049857 0.544259 0.238106
v 0.049857 0.545770 0.238106
v 0.048927 0.544259 0.238015
v 0.048927 0.545770 0.238015
v 0.048033 0.544259 0.237743
v 0.048033 0.545770 0.237743
v 0.047209 0.544259 0.237303
v 0.047209 0.545770 0.237303
v 0.042674 0.544259 0.236710
v 0.042674 0.545770 0.236710
v 0.042081 0.544259 0.235988
v 0.042081 0.545770 0.235988
v 0.041641 0.544259 0.235163
v 0.041641 0.545770 0.235163
v 0.041369 0.544259 0.234269
v 0.041369 0.545770 0.234269
v 0.041278 0.544259 0.233339
v 0.041278 0.545770 0.233339
v 0.041369 0.544259 0.232409
v 0.041369 0.545770 0.232409
v 0.041641 0.544259 0.231515
v 0.041641 0.545770 0.231515
v 0.042081 0.544259 0.230691
v 0.042081 0.545770 0.230691
v 0.046486 0.544259 0.229968
v 0.046486 0.545770 0.229968
v 0.047209 0.544259 0.229375
v 0.047209 0.545770 0.229375
v 0.048033 0.544259 0.228935
v 0.048033 0.545770 0.228935
v 0.048927 0.544259 0.228664
v 0.048927 0.545770 0.228664
v 0.049857 0.544259 0.228572
v 0.049857 0.545770 0.228572
v 0.050787 0.544259 0.228664
v 0.050787 0.545770 0.228664
v 0.051681 0.544259 0.228935
v 0.051681 0.545770 0.228935
v 0.052506 0.544259 0.229375
v 0.052506 0.545770 0.229375
v 0.053228 0.544259 0.229968
v 0.053228 0.545770 0.229968
v 0.053821 0.544259 0.230691
v 0.053821 0.545770 0.230691
v 0.054261 0.544259 0.231515
v 0.054261 0.545770 0.231515
v 0.054533 0.544259 0.232409
v 0.054533 0.545770 0.232409
v 0.054624 0.544259 0.233339
v 0.054624 0.545770 0.233339
v 0.054533 0.544259 0.234269
v 0.054533 0.545770 0.234269
v 0.054261 0.544259 0.235163
v 0.054261 0.545770 0.235163
v 0.053821 0.544259 0.235988
v 0.053821 0.545770 0.235988
v 0.053228 0.544259 0.236710
v 0.053228 0.545770 0.236710
v 0.052506 0.544259 0.237303
v 0.052506 0.545770 0.237303
v 0.051681 0.544259 0.237743
v 0.051681 0.545770 0.237743
v 0.050787 0.544259 0.238015
v 0.050787 0.545770 0.238015
v 0.049877 0.544383 0.254112
v 0.049877 0.545996 0.254112
v 0.048948 0.544383 0.254021
v 0.048948 0.545996 0.254021
v 0.048055 0.544383 0.253750
v 0.048055 0.545996 0.253750
v 0.047232 0.544383 0.253310
v 0.047232 0.545996 0.253310
v 0.046510 0.544383 0.252718
v 0.046510 0.545996 0.252718
v 0.042700 0.544383 0.251997
v 0.042700 0.545996 0.251997
v 0.042260 0.544383 0.251174
v 0.042260 0.545996 0.251174
v 0.041989 0.544383 0.250281
v 0.041989 0.545996 0.250281
v 0.041898 0.544383 0.249352
v 0.041898 0.545996 0.249352
v 0.041989 0.544383 0.248423
v 0.041989 0.545996 0.248423
v 0.042260 0.544383 0.247530
v 0.042260 0.545996 0.247530
v 0.042700 0.544383 0.246707
v 0.042700 0.545996 0.246707
v 0.043292 0.544383 0.245986
v 0.043292 0.545996 0.245986
v 0.047232 0.544383 0.245394
v 0.047232 0.545996 0.245394
v 0.048055 0.544383 0.244954
v 0.048055 0.545996 0.244954
v 0.048948 0.544383 0.244683
v 0.048948 0.545996 0.244683
v 0.049877 0.544383 0.244592
v 0.049877 0.545996 0.244592
v 0.050805 0.544383 0.244683
v 0.050805 0.545996 0.244683
v 0.051698 0.544383 0.244954
v 0.051698 0.545996 0.244954
v 0.052521 0.544383 0.245394
v 0.052521 0.545996 0.245394
v 0.053243 0.544383 0.245986
v 0.053243 0.545996 0.245986
v 0.053835 0.544383 0.246707
v 0.053835 0.545996 0.246707
v 0.054275 0.544383 0.247530
v 0.054275 0.545996 0.247530
v 0.054546 0.544383 0.248423
v 0.054546 0.545996 0.248423
v 0.054637 0.544383 0.249352
v 0.054637 0.545996 0.249352
v 0.054546 0.544383 0.250281
v 0.054546 0.545996 0.250281
v 0.054275 0.544383 0.251174
v 0.054275 0.545996 0.251174
v 0.053835 0.544383 0.251997
v 0.053835 0.545996 0.251997
v 0.053243 0.544383 0.252718
v 0.053243 0.545996 0.252718
v 0.052521 0.544383 0.253310
v 0.052521 0.545996 0.253310
v 0.051698 0.544383 0.253750
v 0.051698 0.545996 0.253750
v 0.050805 0.544383 0.254021
v 0.050805 0.545996 0.254021
v -0.052750 0.543855 0.238088
v -0.052750 0.545615 0.238088
v -0.053674 0.543855 0.237997
v -0.053674 0.545615 0.237997
v -0.054563 0.543855 0.237727
v -0.054563 0.545615 0.237727
v -0.055382 0.543855 0.237289
v -0.055382 0.545615 0.237289
v -0.056100 0.543855 0.236700
v -0.056100 0.545615 0.236700
v -0.056689 0.543855 0.235982
v -0.056689 0.545615 0.235982
v -0.057127 0.543855 0.235163
v -0.057127 0.545615 0.235163
v -0.057397 0.543855 0.234274
v -0.057397 0.545615 0.234274
v -0.057488 0.543855 0.233350
v -0.057488 0.545615 0.233350
v -0.057397 0.543855 0.232426
v -0.057397 0.545615 0.232426
v -0.057127 0.543855 0.231537
v -0.057127 0.545615 0.231537
v -0.056689 0.543855 0.230718
v -0.056689 0.545615 0.230718
v -0.056100 0.543855 0.230000
v -0.056100 0.545615 0.230000
v -0.055382 0.543855 0.229411
v -0.055382 0.545615 0.229411
v -0.054563 0.543855 0.228973
v -0.054563 0.545615 0.228973
v -0.053674 0.543855 0.228703
v -0.053674 0.545615 0.228703
v -0.052750 0.543855 0.228612
v -0.052750 0.545615 0.228612
v -0.051826 0.543855 0.228703
v -0.051826 0.545615 0.228703
v -0.050937 0.543855 0.228973
v -0.050937 0.545615 0.228973
v -0.050118 0.543855 0.229411
v -0.050118 0.545615 0.229411
v -0.049400 0.543855 0.230000
v -0.049400 0.545615 0.230000
v -0.044125 0.543855 0.230718
v -0.044125 0.545615 0.230718
v -0.043688 0.543855 0.231537
v -0.043688 0.545615 0.231537
v -0.043418 0.543855 0.232426
v -0.043418 0.545615 0.232426
v -0.043327 0.543855 0.233350
v -0.043327 0.545615 0.233350
v -0.043418 0.543855 0.234274
v -0.043418 0.545615 0.234274
v -0.043688 0.543855 0.235163
v -0.043688 0.545615 0.235163
v -0.044125 0.543855 0.235982
v -0.044125 0.545615 0.235982
v -0.044715 0.543855 0.236700
v -0.044715 0.545615 0.236700
v -0.050118 0.543855 0.237289
v -0.050118 0.545615 0.237289
v -0.050937 0.543855 0.237727
v -0.050937 0.545615 0.237727
v -0.051826 0.543855 0.237997
v -0.051826 0.545615 0.237997
v -0.052711 0.544311 0.253506
v -0.052711 0.545486 0.253506
v -0.053632 0.544311 0.253415
v -0.053632 0.545486 0.253415
v -0.054519 0.544311 0.253146
v -0.054519 0.545486 0.253146
v -0.055335 0.544311 0.252710
v -0.055335 0.545486 0.252710
v -0.056051 0.544311 0.252122
v -0.056051 0.545486 0.252122
v -0.056639 0.544311 0.251406
v -0.056639 0.545486 0.251406
v -0.057075 0.544311 0.250590
v -0.057075 0.545486 0.250590
v -0.057344 0.544311 0.249703
v -0.057344 0.545486 0.249703
v -0.057435 0.544311 0.248782
v -0.057435 0.545486 0.248782
v -0.057344 0.544311 0.247860
v -0.057344 0.545486 0.247860
v -0.057075 0.544311 0.246974
v -0.057075 0.545486 0.246974
v -0.056639 0.544311 0.246157
v -0.056639 0.545486 0.246157
v -0.056051 0.544311 0.245441
v -0.056051 0.545486 0.245441
v -0.055335 0.544311 0.244854
v -0.055335 0.545486 0.244854
v -0.054519 0.544311 0.244417
v -0.054519 0.545486 0.244417
v -0.053632 0.544311 0.244149
v -0.053632 0.545486 0.244149
v -0.052711 0.544311 0.244058
v -0.052711 0.545486 0.244058
v -0.051789 0.544311 0.244149
v -0.051789 0.545486 0.244149
v -0.050903 0.544311 0.244417
v -0.050903 0.545486 0.244417
v -0.050086 0.544311 0.244854
v -0.050086 0.545486 0.244854
v -0.049370 0.544311 0.245441
v -0.049370 0.545486 0.245441
v -0.044772 0.544311 0.246157
v -0.044772 0.545486 0.246157
v -0.044335 0.544311 0.246974
v -0.044335 0.545486 0.246974
v -0.044067 0.544311 0.247860
v -0.044067 0.545486 0.247860
v -0.043976 0.544311 0.248782
v -0.043976 0.545486 0.248782
v -0.044067 0.544311 0.249703
v -0.044067 0.545486 0.249703
v -0.044335 0.544311 0.250590
v -0.044335 0.545486 0.250590
v -0.044772 0.544311 0.251406
v -0.044772 0.545486 0.251406
v -0.045359 0.544311 0.252122
v -0.045359 0.545486 0.252122
v -0.050086 0.544311 0.252710
v -0.050086 0.545486 0.252710
v -0.050903 0.544311 0.253146
v -0.050903 0.545486 0.253146
v -0.051789 0.544311 0.253415
v -0.051789 0.545486 0.253415
v 0.047978 0.544322 0.227253
v 0.045062 0.550629 0.227257
v 0.047978 0.544322 0.256401
v 0.045062 0.550629 0.256406
v -0.047945 0.544322 0.227253
v -0.045412 0.550629 0.227253
v -0.047945 0.544322 0.256401
v -0.045412 0.550629 0.256401
v 0.045535 0.527406 0.227279
v 0.047881 0.533798 0.227279
v 0.045535 0.527406 0.255759
v 0.047881 0.533798 0.255759
v -0.045832 0.527406 0.227279
v -0.047675 0.533798 0.227279
v -0.045832 0.527406 0.255760
v -0.047675 0.533798 0.255760
v 0.049876 0.532226 0.238087
v 0.049876 0.534109 0.238087
v 0.048944 0.532226 0.237995
v 0.048944 0.534109 0.237995
v 0.048048 0.532226 0.237723
v 0.048048 0.534109 0.237723
v 0.047222 0.532226 0.237282
v 0.047222 0.534109 0.237282
v 0.046498 0.532226 0.236687
v 0.046498 0.534109 0.236687
v 0.045903 0.532226 0.235963
v 0.045903 0.534109 0.235963
v 0.045462 0.532226 0.235137
v 0.045462 0.534109 0.235137
v 0.045190 0.532226 0.234241
v 0.045190 0.534109 0.234241
v 0.045098 0.532226 0.233309
v 0.045098 0.534109 0.233309
v 0.045190 0.532226 0.232377
v 0.045190 0.534109 0.232377
v 0.045462 0.532226 0.231481
v 0.045462 0.534109 0.231481
v 0.045903 0.532226 0.230655
v 0.045903 0.534109 0.230655
v 0.046498 0.532226 0.229931
v 0.046498 0.534109 0.229931
v 0.047222 0.532226 0.229337
v 0.047222 0.534109 0.229337
v 0.048048 0.532226 0.228895
v 0.048048 0.534109 0.228895
v 0.048944 0.532226 0.228623
v 0.048944 0.534109 0.228623
v 0.049876 0.532226 0.228531
v 0.049876 0.534109 0.228531
v 0.050808 0.532226 0.228623
v 0.050808 0.534109 0.228623
v 0.051704 0.532226 0.228895
v 0.051704 0.534109 0.228895
v 0.052530 0.532226 0.229337
v 0.052530 0.534109 0.229337
v 0.053254 0.532226 0.229931
v 0.053254 0.534109 0.229931
v 0.053848 0.532226 0.230655
v 0.053848 0.534109 0.230655
v 0.054290 0.532226 0.231481
v 0.054290 0.534109 0.231481
v 0.054562 0.532226 0.232377
v 0.054562 0.534109 0.232377
v 0.054654 0.532226 0.233309
v 0.054654 0.534109 0.233309
v 0.054562 0.532226 0.234241
v 0.054562 0.534109 0.234241
v 0.054290 0.532226 0.235137
v 0.054290 0.534109 0.235137
v 0.053848 0.532226 0.235963
v 0.053848 0.534109 0.235963
v 0.053254 0.532226 0.236687
v 0.053254 0.534109 0.236687
v 0.052530 0.532226 0.237282
v 0.052530 0.534109 0.237282
v 0.051704 0.532226 0.237723
v 0.051704 0.534109 0.237723
v 0.050808 0.532226 0.237995
v 0.050808 0.534109 0.237995
v 0.049892 0.540815 0.244718
v 0.049892 0.532247 0.244718
v 0.050820 0.540815 0.244810
v 0.050820 0.532247 0.244810
v 0.051713 0.540815 0.245081
v 0.051713 0.532247 0.245080
v 0.052535 0.540815 0.245520
v 0.052535 0.532247 0.245520
v 0.053256 0.540815 0.246112
v 0.053256 0.532247 0.246112
v 0.053848 0.540815 0.246833
v 0.053848 0.532247 0.246833
v 0.054288 0.540815 0.247656
v 0.054288 0.532247 0.247656
v 0.054559 0.540815 0.248549
v 0.054559 0.532247 0.248549
v 0.054650 0.540815 0.249477
v 0.054650 0.532247 0.249477
v 0.054559 0.540815 0.250405
v 0.054559 0.532247 0.250405
v 0.054288 0.540815 0.251298
v 0.054288 0.532247 0.251298
v 0.053848 0.540815 0.252121
v 0.053848 0.532247 0.252121
v 0.053256 0.540815 0.252842
v 0.053256 0.532247 0.252842
v 0.052535 0.540815 0.253434
v 0.052535 0.532247 0.253434
v 0.051713 0.540815 0.253874
v 0.051713 0.532247 0.253874
v 0.050820 0.540815 0.254144
v 0.050820 0.532247 0.254144
v 0.049892 0.540815 0.254236
v 0.049892 0.532247 0.254236
v 0.048963 0.540815 0.254144
v 0.048963 0.532247 0.254144
v 0.048070 0.540815 0.253874
v 0.048070 0.532247 0.253874
v 0.047248 0.540815 0.253434
v 0.047248 0.532247 0.253434
v 0.046527 0.540815 0.252842
v 0.046527 0.532247 0.252842
v 0.045935 0.540815 0.252121
v 0.045935 0.532247 0.252121
v 0.045495 0.540815 0.251298
v 0.045495 0.532247 0.251298
v 0.045224 0.540815 0.250405
v 0.045224 0.532247 0.250405
v 0.045133 0.540815 0.249477
v 0.045133 0.532247 0.249477
v 0.045224 0.540815 0.248549
v 0.045224 0.532247 0.248549
v 0.045495 0.540815 0.247656
v 0.045495 0.532247 0.247656
v 0.045935 0.540815 0.246833
v 0.045935 0.532247 0.246833
v 0.046527 0.540815 0.246112
v 0.046527 0.532247 0.246112
v 0.047248 0.540815 0.245520
v 0.047248 0.532247 0.245520
v 0.048070 0.540815 0.245081
v 0.048070 0.532247 0.245081
v 0.048963 0.540815 0.244810
v 0.048963 0.532247 0.244810
v -0.052744 0.532153 0.238096
v -0.052744 0.534125 0.238096
v -0.053670 0.532153 0.238005
v -0.053670 0.534125 0.238005
v -0.054560 0.532153 0.237735
v -0.054560 0.534125 0.237735
v -0.055381 0.532153 0.237296
v -0.055381 0.534125 0.237296
v -0.056100 0.532153 0.236706
v -0.056100 0.534125 0.236706
v -0.056690 0.532153 0.235987
v -0.056690 0.534125 0.235987
v -0.057128 0.532153 0.235166
v -0.057128 0.534125 0.235166
v -0.057398 0.532153 0.234276
v -0.057398 0.534125 0.234276
v -0.057490 0.532153 0.233350
v -0.057490 0.534125 0.233350
v -0.057398 0.532153 0.232425
v -0.057398 0.534125 0.232425
v -0.057128 0.532153 0.231534
v -0.057128 0.534125 0.231534
v -0.056690 0.532153 0.230714
v -0.056690 0.534125 0.230714
v -0.056100 0.532153 0.229995
v -0.056100 0.534125 0.229995
v -0.055381 0.532153 0.229405
v -0.055381 0.534125 0.229405
v -0.054560 0.532153 0.228966
v -0.054560 0.534125 0.228966
v -0.053670 0.532153 0.228696
v -0.053670 0.534125 0.228696
v -0.052744 0.532153 0.228605
v -0.052744 0.534125 0.228605
v -0.051818 0.532153 0.228696
v -0.051818 0.534125 0.228696
v -0.050928 0.532153 0.228966
v -0.050928 0.534125 0.228966
v -0.050108 0.532153 0.229405
v -0.050108 0.534125 0.229405
v -0.047201 0.532153 0.229995
v -0.047201 0.534125 0.229995
v -0.046610 0.532153 0.230714
v -0.046610 0.534125 0.230714
v -0.046172 0.532153 0.231534
v -0.046172 0.534125 0.231534
v -0.045902 0.532153 0.232425
v -0.045902 0.534125 0.232425
v -0.045811 0.532153 0.233350
v -0.045811 0.534125 0.233350
v -0.045902 0.532153 0.234276
v -0.045902 0.534125 0.234276
v -0.046172 0.532153 0.235166
v -0.046172 0.534125 0.235166
v -0.046610 0.532153 0.235987
v -0.046610 0.534125 0.235987
v -0.047201 0.532153 0.236706
v -0.047201 0.534125 0.236706
v -0.050108 0.532153 0.237296
v -0.050108 0.534125 0.237296
v -0.050928 0.532153 0.237735
v -0.050928 0.534125 0.237735
v -0.051818 0.532153 0.238005
v -0.051818 0.534125 0.238005
v -0.052754 0.534152 0.246801
v -0.052754 0.532207 0.246801
v -0.051837 0.534152 0.246892
v -0.051837 0.532207 0.246892
v -0.050956 0.534152 0.247159
v -0.050956 0.532207 0.247159
v -0.050144 0.534152 0.247593
v -0.050144 0.532207 0.247593
v -0.049432 0.534152 0.248178
v -0.049432 0.532207 0.248178
v -0.044149 0.534152 0.248890
v -0.044149 0.532207 0.248890
v -0.043715 0.534152 0.249702
v -0.043715 0.532207 0.249702
v -0.043447 0.534152 0.250583
v -0.043447 0.532207 0.250583
v -0.043357 0.534152 0.251500
v -0.043357 0.532207 0.251500
v -0.043447 0.534152 0.252417
v -0.043447 0.532207 0.252417
v -0.043715 0.534152 0.253298
v -0.043715 0.532207 0.253298
v -0.044149 0.534152 0.254110
v -0.044149 0.532207 0.254110
v -0.044733 0.534152 0.254822
v -0.044733 0.532207 0.254822
v -0.050144 0.534152 0.255407
v -0.050144 0.532207 0.255407
v -0.050956 0.534152 0.255841
v -0.050956 0.532207 0.255841
v -0.051837 0.534152 0.256108
v -0.051837 0.532207 0.256108
v -0.052754 0.534152 0.256199
v -0.052754 0.532207 0.256199
v -0.053671 0.534152 0.256108
v -0.053671 0.532207 0.256108
v -0.054552 0.534152 0.255841
v -0.054552 0.532207 0.255841
v -0.055364 0.534152 0.255407
v -0.055364 0.532207 0.255407
v -0.056076 0.534152 0.254822
v -0.056076 0.532207 0.254822
v -0.056661 0.534152 0.254110
v -0.056661 0.532207 0.254110
v -0.057095 0.534152 0.253298
v -0.057095 0.532207 0.253298
v -0.057362 0.534152 0.252417
v -0.057362 0.532207 0.252417
v -0.057453 0.534152 0.251500
v -0.057453 0.532207 0.251500
v -0.057362 0.534152 0.250583
v -0.057362 0.532207 0.250583
v -0.057095 0.534152 0.249702
v -0.057095 0.532207 0.249702
v -0.056661 0.534152 0.248890
v -0.056661 0.532207 0.248890
v -0.056076 0.534152 0.248178
v -0.056076 0.532207 0.248178
v -0.055364 0.534152 0.247593
v -0.055364 0.532207 0.247593
v -0.054552 0.534152 0.247159
v -0.054552 0.532207 0.247159
v -0.053671 0.534152 0.246892
v -0.053671 0.532207 0.246892
v 0.059496 0.540151 0.257887
v 0.044419 0.540151 0.257876
v 0.044419 0.540946 0.225350
v 0.059496 0.540941 0.225395
v 0.059496 0.537112 0.257887
v 0.044419 0.537112 0.257854
v 0.044419 0.537459 0.225256
v 0.059496 0.537444 0.225395
v 0.059493 0.540142 0.260176
v 0.044416 0.540142 0.260166
v 0.059493 0.537104 0.260176
v 0.044416 0.537104 0.260143
v -0.045668 0.540152 0.257745
v -0.045668 0.537113 0.257722
v -0.045671 0.540143 0.260034
v -0.045671 0.537104 0.260012
v -0.045699 0.540182 0.225276
v -0.045699 0.540182 0.257887
v -0.059486 0.540182 0.257887
v -0.059486 0.540182 0.225276
v -0.045699 0.537135 0.225276
v -0.045699 0.537135 0.257887
v -0.059486 0.537136 0.257887
v -0.059486 0.537136 0.225276
v -0.045699 0.537135 0.260220
v -0.045699 0.540182 0.260220
v -0.059486 0.537136 0.260220
v -0.059486 0.540182 0.260220
vn -0.0005 -1.0000 -0.0000
vn -0.0000 1.0000 -0.0000
vn -1.0000 -0.0000 -0.0000
vn -0.0000 -0.0000 -1.0000
vn -0.0009 0.9995 0.0308
vn -0.0001 0.9995 0.0309
vn -0.0000 0.9995 0.0310
vn 0.0009 1.0000 0.0004
vn 0.0002 1.0000 0.0004
vn -0.0000 -1.0000 -0.0000
vn -0.0005 -0.0000 -1.0000
vn -1.0000 0.0007 -0.0000
vn 1.0000 -0.0000 -0.0000
vn -0.0000 -0.0000 1.0000
vn -0.0000 0.7889 -0.6145
vn -0.0423 0.9987 0.0269
vn -0.0000 -0.0000 -0.0000
vn -0.0004 0.0050 1.0000
vn -0.0113 0.0301 0.9995
vn -0.0089 0.0017 1.0000
vn -0.0114 0.0318 0.9994
vn 0.0026 -0.0350 -0.9994
vn 0.0001 -0.0017 -1.0000
vn -0.0000 -1.0000 -0.0058
vn -0.0000 -0.0367 -0.9993
vn -0.0000 0.0318 0.9995
vn -0.0000 1.0000 0.0006
vn 0.0006 1.0000 0.0006
vn -0.0016 -0.0263 0.9997
vn -0.0027 -0.0019 1.0000
vn -0.0000 -0.0272 0.9996
vn -0.0000 0.0004 -1.0000
vn 0.0007 0.0070 -1.0000
vn 0.7730 -0.0000 -0.6344
vn 0.1296 -0.0000 -0.9916
vn -0.0000 0.0103 -0.9999
vn 0.8819 -0.0000 -0.4714
vn 0.0009 0.9995 0.0308
vn 0.0001 0.9995 0.0310
vn 0.0010 0.9995 0.0308
vn 0.9952 -0.0000 0.0980
vn 0.9569 -0.0000 -0.2903
vn 0.9952 -0.0000 -0.0980
vn -0.0002 0.2431 0.9700
vn -0.0004 0.0215 0.9998
vn 1.0000 -0.0001 -0.0000
vn -0.0000 0.9995 0.0308
vn -0.0000 0.0308 -0.9995
vn -1.0000 0.0001 -0.0000
vn 0.9569 -0.0000 0.2903
vn 0.8819 -0.0000 0.4714
vn 0.1618 -0.0000 0.9868
vn 0.6344 -0.0000 0.7730
vn 0.6344 -0.0000 -0.7730
vn 0.1860 -0.0000 -0.9825
vn 0.8820 -0.0000 -0.4713
vn 0.8820 -0.0000 0.4713
vn 0.7730 -0.0000 0.6344
vn 0.1486 -0.0000 0.9889
vn 0.4714 -0.0000 0.8819
vn -0.8819 -0.0000 0.4714
vn -0.9569 -0.0000 0.2903
vn -0.9952 -0.0000 0.0980
vn -0.9952 -0.0000 -0.0980
vn -0.9569 -0.0000 -0.2903
vn -0.8819 -0.0000 -0.4714
vn -0.7730 -0.0000 -0.6344
vn -0.9952 -0.0000 0.0981
vn -0.9952 -0.0000 -0.0981
vn -0.6344 -0.0000 0.7730
vn -0.7730 -0.0000 0.6344
vn -0.8820 -0.0000 0.4713
vn -0.9569 -0.0000 0.2904
vn -0.9952 -0.0000 0.0979
vn -0.9952 -0.0000 -0.0979
vn -0.8819 -0.0000 -0.4713
vn -0.6344 -0.0000 -0.7730
vn -0.4714 -0.0000 -0.8819
vn 0.8819 -0.0000 -0.4713
vn 0.8819 -0.0000 0.4713
vn -1.0000 -0.0000 -0.0005
vn -1.0000 -0.0000 -0.0014
vn -0.0066 -0.0252 0.9997
vn -0.0056 -0.0020 1.0000
vn -0.0094 -0.0258 0.9996
vn -0.0103 -0.0007 0.9999
vn 0.0022 0.0003 -1.0000
vn 0.0027 0.0071 -1.0000
vn 0.0022 -0.0000 -1.0000
vn 0.0009 0.0009 -1.0000
vn 0.0017 0.0070 -1.0000
vn 0.0007 -0.0000 -1.0000
vn -0.0000 -1.0000 -0.0038
vn -0.0000 -1.0000 -0.0037
vn -0.0000 1.0000 0.0037
vn 1.0000 -0.0000 0.0014
vn -0.0015 -0.0075 1.0000
vn 0.0015 0.0075 -1.0000
vn 0.0018 0.0075 -1.0000
vn -1.0000 -0.0000 0.0037
vn 0.0020 -0.0000 -1.0000
vn 1.0000 -0.0000 -0.0037
vn -0.0020 -0.0000 1.0000
vn 0.0005 1.0000 -0.0000
vn 0.4714 -0.0000 -0.8819
vn 0.2903 -0.0000 -0.9569
vn 0.0980 -0.0000 -0.9952
vn 0.2903 -0.0000 0.9569
vn 0.0980 -0.0000 0.9952
vn -0.0980 -0.0000 0.9952
vn -0.2903 -0.0000 0.9569
vn -0.4714 -0.0000 0.8819
vn -0.2903 -0.0000 -0.9569
vn -0.0980 -0.0000 -0.9952
vn -0.1349 -0.0000 0.9909
vn -0.1084 -0.0000 -0.9941
vn 0.2904 -0.0000 -0.9569
vn 0.8819 -0.0000 -0.4715
vn 0.8819 -0.0000 0.4715
vn 0.0981 -0.0000 0.9952
vn -0.0981 -0.0000 0.9952
vn -0.1538 -0.0000 0.9881
vn -0.1233 -0.0000 -0.9924
vn -0.2904 -0.0000 -0.9569
vn -0.9077 -0.4196 -0.0000
vn -0.0000 0.0007 -1.0000
vn 0.9279 -0.3727 -0.0000
vn -0.0000 -0.0007 1.0000
vn -0.0001 -0.0000 1.0000
vn -0.9388 0.3445 -0.0000
vn 0.9609 0.2770 -0.0000
vn 0.0981 -0.0000 -0.9952
vn 0.2902 -0.0000 -0.9570
vn -0.2902 -0.0000 -0.9570
vn -0.0981 -0.0000 -0.9952
vn 0.6343 -0.0000 -0.7730
vn -0.1990 -0.0000 0.9800
vn -0.1989 -0.0000 -0.9800
vn -0.4715 -0.0000 -0.8819
vn 0.4715 -0.0000 -0.8819
vn 0.1336 -0.0000 -0.9910
vn 0.1074 -0.0000 0.9942
vn 0.4715 -0.0000 0.8819
vn -0.8819 -0.0000 0.4713
vn -0.0010 0.9995 0.0308
vn -0.0000 -0.8695 0.4940
vn -0.0079 -0.0000 1.0000
vn -0.0358 0.7142 0.6991
vn -0.0087 -0.0000 1.0000
vn 0.0027 -0.0367 -0.9993
vn 0.0007 0.0075 -1.0000
vn -0.0000 0.0309 -0.9995
vn -0.0000 0.0309 0.9995
vn 0.0010 0.1460 0.9893
vn 0.0337 -0.0000 0.9994
vn 0.0308 0.0213 0.9993
vn -0.0000 0.2431 0.9700
vn -0.0000 -0.0309 0.9995
vn -0.0000 0.1530 0.9882
vn -0.0101 0.2964 0.9550
vn -0.0000 0.8897 0.4566
vn -0.0114 -0.0000 0.9999
vn 0.0027 0.0075 -1.0000
vn 0.0001 -0.0000 -1.0000
vt 0.403152 0.000771
vt 0.268833 0.491429
vt 0.403152 0.492200
vt 0.268833 0.491943
vt 0.134426 -0.000000
vt 0.134426 0.491943
vt 0.651709 0.965328
vt 0.649070 0.831051
vt 0.649070 0.965328
vt 0.838577 0.497038
vt 0.845370 0.434730
vt 0.838577 0.434730
vt 0.512610 0.905538
vt 0.532212 0.771380
vt 0.512610 0.771380
vt 0.537996 -0.000000
vt 0.672253 0.062308
vt 0.672253 0.000000
vt 0.672253 0.062307
vt 0.806529 0.000000
vt 0.264235 0.491943
vt 0.264235 0.626775
vt 0.672253 0.434730
vt 0.807021 0.415129
vt 0.672253 0.415129
vt 0.848009 0.497038
vt 0.848008 0.434731
vt 0.845370 0.434731
vt 0.879594 0.497039
vt 0.874319 0.434730
vt 0.874238 0.497039
vt 0.434818 0.770758
vt 0.430165 0.636481
vt 0.429463 0.770758
vt 0.898249 0.807063
vt 0.893596 0.869370
vt 0.898249 0.869370
vt 0.672253 0.807063
vt 0.807073 0.434730
vt 0.454419 0.761839
vt 0.459072 0.627193
vt 0.454419 0.627020
vt 0.898249 0.434730
vt 0.893596 0.807063
vt 0.874243 0.869371
vt 0.537452 0.434640
vt 0.537452 0.062307
vt 0.854757 0.497038
vt 0.409921 0.770758
vt 0.407307 0.636481
vt 0.403152 0.770758
vt 0.392395 0.983776
vt 0.386514 0.921469
vt 0.386514 0.983776
vt 0.422641 0.905549
vt 0.428890 0.771209
vt 0.423010 0.771093
vt 0.672253 0.081909
vt 0.807021 0.062307
vt 0.672253 0.101510
vt 0.807021 0.081909
vt 0.672253 0.121111
vt 0.807021 0.101510
vt 0.672253 0.140712
vt 0.807021 0.121111
vt 0.672253 0.160313
vt 0.807021 0.140712
vt 0.672253 0.179915
vt 0.807021 0.160314
vt 0.672253 0.199516
vt 0.807021 0.179915
vt 0.672253 0.219117
vt 0.807021 0.199516
vt 0.672253 0.238718
vt 0.807021 0.219117
vt 0.672253 0.258319
vt 0.807021 0.238718
vt 0.672253 0.277921
vt 0.807021 0.258319
vt 0.672253 0.297522
vt 0.807021 0.277921
vt 0.672253 0.317123
vt 0.807021 0.297522
vt 0.672253 0.336724
vt 0.807021 0.317123
vt 0.672253 0.356326
vt 0.807021 0.336724
vt 0.672253 0.375927
vt 0.807021 0.356326
vt 0.672253 0.395528
vt 0.807021 0.375927
vt 0.807021 0.395528
vt 0.237983 0.962128
vt 0.231733 0.965114
vt 0.237980 0.965113
vt 0.962662 0.970288
vt 0.968910 0.951548
vt 0.962663 0.951548
vt 0.838576 0.751853
vt 0.838576 0.771455
vt 0.845369 0.849859
vt 0.237985 0.958722
vt 0.231736 0.962129
vt 0.454419 0.761178
vt 0.434818 0.627020
vt 0.434818 0.761839
vt 0.803459 0.807064
vt 0.777218 0.941234
vt 0.803459 0.941235
vt 0.987107 0.134158
vt 0.967506 -0.000000
vt 0.967506 0.134158
vt 0.609868 0.965210
vt 0.590267 0.831051
vt 0.590267 0.965210
vt 0.455634 0.904929
vt 0.429392 0.770759
vt 0.429392 0.904930
vt 0.987107 0.268317
vt 0.967506 0.268317
vt 0.649070 0.965210
vt 0.629469 0.831051
vt 0.629469 0.965210
vt 0.237985 0.947339
vt 0.231739 0.951183
vt 0.237986 0.951183
vt 0.609868 0.831051
vt 0.947905 0.000001
vt 0.921664 0.134171
vt 0.947905 0.134172
vt 0.947905 0.000000
vt 0.947905 0.134158
vt 0.536705 0.626359
vt 0.517104 0.492201
vt 0.517104 0.626359
vt 0.924490 0.703074
vt 0.898249 0.568904
vt 0.898249 0.703075
vt 0.993930 0.568889
vt 0.974329 0.434730
vt 0.974329 0.568889
vt 0.237986 0.955026
vt 0.231738 0.958723
vt 0.967506 0.268331
vt 0.947905 0.268331
vt 0.993930 0.837205
vt 0.974329 0.703047
vt 0.974329 0.837205
vt 0.137299 1.000000
vt 0.117698 0.865842
vt 0.117698 1.000000
vt 0.993930 0.971363
vt 0.974329 0.971363
vt 0.993930 0.703047
vt 0.987107 0.402503
vt 0.967506 0.268345
vt 0.967506 0.402503
vt 0.947905 0.268345
vt 0.947905 0.402503
vt 0.917850 0.971406
vt 0.898249 0.837248
vt 0.898249 0.971406
vt 0.944091 0.943995
vt 0.924490 0.809837
vt 0.924490 0.943995
vt 0.486369 0.905552
vt 0.460128 0.771381
vt 0.460128 0.905553
vt 0.512611 0.905552
vt 0.486369 0.771381
vt 0.486369 0.905553
vt 0.750977 0.807064
vt 0.724735 0.941234
vt 0.750977 0.941235
vt 0.947905 0.268346
vt 0.921664 0.402516
vt 0.947905 0.402517
vt 0.895422 0.000001
vt 0.895422 0.134172
vt 0.924490 0.837247
vt 0.898249 0.703076
vt 0.698494 0.807064
vt 0.672253 0.941234
vt 0.698494 0.941235
vt 0.777218 0.807064
vt 0.750977 0.941234
vt 0.777218 0.941235
vt 0.231739 0.955027
vt 0.921664 0.268344
vt 0.895422 0.134173
vt 0.895422 0.268345
vt 0.724735 0.807064
vt 0.698494 0.941234
vt 0.724735 0.941235
vt 0.895422 0.268346
vt 0.895422 0.402517
vt 0.950731 0.434731
vt 0.924490 0.568902
vt 0.950731 0.568903
vt 0.898249 0.434731
vt 0.898249 0.568903
vt 0.947905 0.134173
vt 0.845373 0.791056
vt 0.845374 0.810658
vt 0.848013 0.869461
vt 0.532551 0.626359
vt 0.529912 0.761127
vt 0.536705 0.761127
vt 0.838577 0.926437
vt 0.845369 0.869461
vt 0.838576 0.869461
vt 0.845374 0.869461
vt 0.848012 0.926437
vt 0.523810 0.761737
vt 0.519855 0.626969
vt 0.519855 0.761737
vt 0.403152 0.627020
vt 0.460128 0.492201
vt 0.403152 0.492201
vt 0.807072 0.869462
vt 0.465629 0.962529
vt 0.465629 0.905553
vt 0.215471 0.922818
vt 0.219426 0.865842
vt 0.215471 0.865842
vt 0.489219 0.771380
vt 0.485263 0.636612
vt 0.485263 0.771380
vt 0.469584 0.962529
vt 0.469584 0.905553
vt 0.517104 0.626969
vt 0.494720 0.771380
vt 0.489219 0.636612
vt 0.219426 0.922818
vt 0.224927 0.865842
vt 0.529311 0.761737
vt 0.523810 0.626969
vt 0.237983 0.943643
vt 0.231738 0.947340
vt 0.237980 0.940237
vt 0.231736 0.943644
vt 0.664560 0.944416
vt 0.670804 0.926217
vt 0.664557 0.926216
vt 0.664564 0.947397
vt 0.670807 0.944416
vt 0.115070 0.912159
vt 0.107825 0.887566
vt 0.085162 0.906418
vt 0.664557 0.941964
vt 0.657892 0.944946
vt 0.664557 0.944946
vt 0.664558 0.926216
vt 0.657893 0.941964
vt 0.225066 0.943639
vt 0.231733 0.940238
vt 0.225069 0.940238
vt 0.225064 0.947329
vt 0.231730 0.943640
vt 0.225063 0.951167
vt 0.231728 0.947330
vt 0.225063 0.955005
vt 0.231727 0.951168
vt 0.225064 0.958696
vt 0.231727 0.955006
vt 0.225066 0.962097
vt 0.231728 0.958697
vt 0.225069 0.965078
vt 0.231730 0.962098
vt 0.888609 0.942623
vt 0.895270 0.926346
vt 0.888605 0.926346
vt 0.888612 0.946022
vt 0.895274 0.942623
vt 0.428437 0.906301
vt 0.403904 0.919416
vt 0.440077 0.934401
vt 0.957612 0.405902
vt 0.964888 0.402518
vt 0.957614 0.402517
vt 0.957610 0.409575
vt 0.964885 0.405903
vt 0.957609 0.413395
vt 0.964884 0.409576
vt 0.957609 0.417215
vt 0.964883 0.413396
vt 0.957610 0.420887
vt 0.964883 0.417215
vt 0.957612 0.424272
vt 0.964884 0.420888
vt 0.957614 0.427239
vt 0.964885 0.424273
vt 0.179034 0.894228
vt 0.180328 0.915944
vt 0.207754 0.919723
vt 0.532214 0.893166
vt 0.537073 0.889792
vt 0.532216 0.889791
vt 0.532212 0.896829
vt 0.537071 0.893167
vt 0.532212 0.900637
vt 0.537069 0.896829
vt 0.532212 0.904446
vt 0.537068 0.900638
vt 0.532212 0.908108
vt 0.537068 0.904446
vt 0.532214 0.911483
vt 0.537069 0.908109
vt 0.532216 0.914442
vt 0.537071 0.911484
vt 0.002385 0.912757
vt 0.004172 0.934375
vt 0.031598 0.937515
vt 0.657892 0.831051
vt 0.657892 0.434640
vt 0.117698 0.886838
vt 0.000000 0.491943
vt 0.000000 0.886838
vt 0.943153 0.430440
vt 0.950938 0.427447
vt 0.943153 0.427447
vt 0.935357 0.427448
vt 0.927569 0.430440
vt 0.935354 0.430440
vt 0.935360 0.424034
vt 0.927572 0.427448
vt 0.935361 0.420330
vt 0.927575 0.424034
vt 0.935362 0.416478
vt 0.927576 0.420330
vt 0.935361 0.412627
vt 0.927577 0.416478
vt 0.935360 0.408923
vt 0.927576 0.412627
vt 0.935357 0.405509
vt 0.927575 0.408923
vt 0.935354 0.402517
vt 0.927572 0.405509
vt 0.919779 0.405505
vt 0.927560 0.402517
vt 0.919775 0.402517
vt 0.845564 0.420276
vt 0.832402 0.395651
vt 0.807776 0.408814
vt 0.874131 0.434194
vt 0.871147 0.398781
vt 0.871147 0.434190
vt 0.271814 0.962760
vt 0.268833 0.927348
vt 0.268833 0.962757
vt 0.275214 0.962762
vt 0.271814 0.927350
vt 0.278903 0.962763
vt 0.275214 0.927352
vt 0.282740 0.962763
vt 0.278903 0.927353
vt 0.286576 0.962763
vt 0.282740 0.927354
vt 0.290265 0.962762
vt 0.286576 0.927353
vt 0.293665 0.962760
vt 0.290265 0.927352
vt 0.296645 0.962757
vt 0.293665 0.927350
vt 0.299625 0.962758
vt 0.296645 0.927349
vt 0.296645 0.962758
vt 0.303024 0.962757
vt 0.299625 0.927348
vt 0.846967 0.940301
vt 0.860076 0.964829
vt 0.884600 0.951717
vt 0.911730 0.427280
vt 0.903579 0.430252
vt 0.911727 0.430252
vt 0.911732 0.423889
vt 0.903582 0.427280
vt 0.911733 0.420210
vt 0.903583 0.423889
vt 0.911734 0.416384
vt 0.903585 0.420210
vt 0.911733 0.412558
vt 0.903585 0.416384
vt 0.911732 0.408879
vt 0.903585 0.412558
vt 0.911730 0.405489
vt 0.903583 0.408879
vt 0.911727 0.402517
vt 0.903582 0.405489
vt 0.137972 0.948525
vt 0.160824 0.971471
vt 0.174202 0.964666
vt 0.879674 0.896792
vt 0.887710 0.893849
vt 0.879675 0.893849
vt 0.339777 0.948510
vt 0.331739 0.951865
vt 0.339774 0.951867
vt 0.339779 0.944867
vt 0.331742 0.948508
vt 0.339780 0.941079
vt 0.331744 0.944866
vt 0.339780 0.937291
vt 0.331745 0.941078
vt 0.339779 0.933648
vt 0.331745 0.937289
vt 0.339777 0.930291
vt 0.331744 0.933647
vt 0.339774 0.927349
vt 0.331742 0.930290
vt 0.320606 0.926301
vt 0.345323 0.914344
vt 0.310246 0.898126
vt 0.408227 0.905549
vt 0.410455 0.770845
vt 0.425745 0.636481
vt 0.413223 0.627020
vt 0.413188 0.636481
vt 0.424374 0.770758
vt 0.869166 0.497039
vt 0.854777 0.434731
vt 0.869230 0.434730
vt 0.889176 0.807063
vt 0.889175 0.869370
vt 0.406035 0.770758
vt 0.670449 0.496948
vt 0.670449 0.434640
vt 0.879714 0.869332
vt 0.889135 0.497038
vt 0.879674 0.497039
vt 0.879714 0.434731
vt 0.889175 0.434730
vt 0.895382 0.062308
vt 0.885962 0.000001
vt 0.885922 0.062309
vt 0.224927 0.878399
vt 0.234389 0.865877
vt 0.895422 0.434601
vt 0.386514 0.864493
vt 0.399071 0.492200
vt 0.386514 0.492200
vt 0.657892 0.869240
vt 0.657892 0.496947
vt 0.494720 0.905553
vt 0.482176 0.962529
vt 0.494720 0.962529
vt 0.472672 0.771380
vt 0.460128 0.636612
vt 0.460128 0.771380
vt 0.670436 0.926216
vt 0.657892 0.926216
vt 0.507263 0.761737
vt 0.494720 0.626969
vt 0.494720 0.761737
vt 0.482176 0.905553
vt 0.472672 0.636612
vt 0.455634 0.961906
vt 0.445992 0.904930
vt 0.445992 0.961906
vt 0.507263 0.626969
vt 0.399105 0.864493
vt 0.485263 0.626969
vt 0.888605 0.869370
vt 0.898249 0.926346
vt 0.507263 0.771380
vt 0.944091 0.944157
vt 0.950057 0.809837
vt 0.944091 0.809837
vt 0.962662 0.434733
vt 0.956697 0.926158
vt 0.962662 0.926161
vt 0.917850 0.971568
vt 0.923815 0.837248
vt 0.917850 0.837248
vt 0.950731 0.434733
vt 0.956697 0.926159
vt 0.956697 0.434730
vt 0.537451 0.491429
vt 0.403152 0.000772
vt 0.987107 0.134426
vt 0.992940 0.000000
vt 0.987107 0.000000
vt 0.962662 0.926673
vt 0.968496 0.434730
vt 0.962662 0.434730
vt 0.987107 0.268853
vt 0.992940 0.134426
vt 0.968496 0.926672
vt 0.974329 0.926672
vt -0.000000 0.000000
vt 0.968910 0.948141
vt 0.962663 0.948141
vt 0.968910 0.944445
vt 0.962664 0.944445
vt 0.968910 0.940601
vt 0.962664 0.940601
vt 0.664566 0.950800
vt 0.670811 0.947398
vt 0.664568 0.954494
vt 0.670813 0.950801
vt 0.664568 0.958337
vt 0.670815 0.954495
vt 0.664567 0.962181
vt 0.670815 0.958338
vt 0.664565 0.965879
vt 0.670814 0.962182
vt 0.664562 0.969288
vt 0.670812 0.965879
vt 0.664557 0.972277
vt 0.670808 0.969288
vt 0.346030 0.952223
vt 0.339780 0.955209
vt 0.346027 0.955209
vt 0.346032 0.948817
vt 0.339783 0.952223
vt 0.346033 0.945121
vt 0.339785 0.948817
vt 0.346033 0.941278
vt 0.339786 0.945121
vt 0.346033 0.937434
vt 0.339787 0.941278
vt 0.346032 0.933739
vt 0.339786 0.937434
vt 0.346030 0.930333
vt 0.339785 0.933739
vt 0.346027 0.927347
vt 0.339783 0.930333
vt 0.962663 0.929657
vt 0.968909 0.926673
vt 0.962663 0.933063
vt 0.968910 0.929657
vt 0.041090 0.930734
vt 0.067697 0.938999
vt 0.071125 0.906417
vt 0.962664 0.936758
vt 0.968910 0.933063
vt 0.968910 0.936758
vt 0.664556 0.952039
vt 0.657892 0.955877
vt 0.664556 0.955877
vt 0.664556 0.948348
vt 0.657892 0.952039
vt 0.657892 0.948348
vt 0.888614 0.949710
vt 0.895276 0.946022
vt 0.888614 0.953548
vt 0.895278 0.949710
vt 0.888614 0.957386
vt 0.895279 0.953548
vt 0.888612 0.961079
vt 0.895278 0.957386
vt 0.888609 0.964483
vt 0.895276 0.961079
vt 0.888605 0.967468
vt 0.895274 0.964483
vt 0.957606 0.427358
vt 0.950939 0.430339
vt 0.957603 0.430339
vt 0.957608 0.423957
vt 0.950942 0.427358
vt 0.957609 0.420266
vt 0.950943 0.423957
vt 0.957609 0.416428
vt 0.950945 0.420266
vt 0.957609 0.412590
vt 0.950945 0.416428
vt 0.957608 0.408900
vt 0.950945 0.412590
vt 0.957606 0.405498
vt 0.950943 0.408900
vt 0.957603 0.402517
vt 0.950942 0.405498
vt 0.664557 0.966806
vt 0.657893 0.969786
vt 0.664558 0.969786
vt 0.664557 0.963405
vt 0.657893 0.966806
vt 0.261991 0.917206
vt 0.253915 0.890582
vt 0.227291 0.898658
vt 0.664556 0.959715
vt 0.657892 0.963405
vt 0.657892 0.959715
vt 0.217654 0.959843
vt 0.224927 0.956023
vt 0.217654 0.956023
vt 0.217653 0.963516
vt 0.224927 0.959843
vt 0.217653 0.966902
vt 0.224927 0.963516
vt 0.217652 0.969870
vt 0.224926 0.966902
vt 0.331734 0.952069
vt 0.324457 0.955036
vt 0.331731 0.955036
vt 0.331737 0.948684
vt 0.324461 0.952069
vt 0.331738 0.945011
vt 0.324463 0.948684
vt 0.331739 0.941192
vt 0.324465 0.945011
vt 0.331738 0.937372
vt 0.324465 0.941192
vt 0.331737 0.933699
vt 0.324465 0.937372
vt 0.331734 0.930314
vt 0.324463 0.933699
vt 0.331731 0.927347
vt 0.324461 0.930314
vt 0.399675 0.967997
vt 0.392406 0.970961
vt 0.399679 0.970960
vt 0.399672 0.964615
vt 0.392401 0.967998
vt 0.399670 0.960944
vt 0.392398 0.964616
vt 0.399669 0.957125
vt 0.392396 0.960945
vt 0.399669 0.953305
vt 0.392395 0.957126
vt 0.399670 0.949630
vt 0.392395 0.953306
vt 0.399673 0.946242
vt 0.392397 0.949631
vt 0.399676 0.943272
vt 0.392399 0.946243
vt 0.399679 0.921469
vt 0.392403 0.943272
vt 0.217653 0.945147
vt 0.224926 0.922818
vt 0.217652 0.922818
vt 0.217653 0.948531
vt 0.224926 0.945147
vt 0.145016 0.919722
vt 0.172446 0.915945
vt 0.143847 0.889475
vt 0.217654 0.952204
vt 0.224927 0.948531
vt 0.224927 0.952204
vt 0.532213 0.852184
vt 0.537069 0.848375
vt 0.532213 0.848375
vt 0.532213 0.855847
vt 0.537069 0.852184
vt 0.532212 0.859223
vt 0.537069 0.855847
vt 0.532212 0.862182
vt 0.537069 0.859223
vt 0.537072 0.886833
vt 0.532212 0.889791
vt 0.537068 0.889791
vt 0.537074 0.883457
vt 0.532215 0.886833
vt 0.537076 0.879795
vt 0.532218 0.883457
vt 0.537076 0.875986
vt 0.532219 0.879795
vt 0.537076 0.872178
vt 0.532220 0.875986
vt 0.537074 0.868516
vt 0.532219 0.872178
vt 0.537072 0.865140
vt 0.532218 0.868516
vt 0.537068 0.862182
vt 0.532215 0.865140
vt 0.537075 0.815043
vt 0.532222 0.817998
vt 0.537079 0.817997
vt 0.537071 0.811670
vt 0.532218 0.815043
vt 0.537069 0.808010
vt 0.532215 0.811671
vt 0.537068 0.804202
vt 0.532213 0.808010
vt 0.537068 0.800393
vt 0.532212 0.804202
vt 0.537070 0.796729
vt 0.532212 0.800393
vt 0.537072 0.793351
vt 0.532213 0.796729
vt 0.537076 0.790388
vt 0.532216 0.793351
vt 0.537079 0.771380
vt 0.532219 0.790389
vt 0.532212 0.837531
vt 0.537068 0.817998
vt 0.532212 0.817998
vt 0.532213 0.840905
vt 0.537069 0.837531
vt 0.353678 0.920460
vt 0.381108 0.917322
vt 0.353204 0.890282
vt 0.532213 0.844567
vt 0.537069 0.840905
vt 0.537069 0.844567
vt 0.924490 0.689360
vt 0.950567 0.568921
vt 0.924490 0.568903
vt 0.885921 0.000000
vt 0.859857 0.384363
vt 0.885921 0.396411
vt 0.950569 0.689379
vt 0.950569 0.809837
vt 0.238155 0.491943
vt 0.264220 0.876305
vt 0.264220 0.502412
vt 0.117698 0.865836
vt 0.238155 0.491949
vt 0.117698 0.491943
vt 0.537451 0.948749
vt 0.563859 0.831052
vt 0.537452 0.831051
vt 0.833439 0.385202
vt 0.807021 -0.000000
vt 0.807021 0.394896
vt 0.590267 0.831052
vt 0.563859 0.948749
vt 0.590267 0.948749
vt 0.833439 0.385201
vt 0.859857 0.000000
vt 0.833439 0.007617
vt 0.268833 0.492200
vt 0.386514 0.869785
vt 0.943154 0.420328
vt 0.950939 0.416476
vt 0.943154 0.416476
vt 0.943154 0.424033
vt 0.950939 0.420328
vt 0.950939 0.424033
vt 0.919782 0.408916
vt 0.927564 0.405505
vt 0.919784 0.412618
vt 0.927567 0.408916
vt 0.919784 0.416469
vt 0.927568 0.412618
vt 0.919784 0.420322
vt 0.927569 0.416469
vt 0.919782 0.424028
vt 0.927568 0.420322
vt 0.919779 0.427444
vt 0.927567 0.424028
vt 0.919775 0.430440
vt 0.927564 0.427444
vt 0.943149 0.427448
vt 0.935362 0.430440
vt 0.943147 0.430440
vt 0.943151 0.424034
vt 0.935364 0.427448
vt 0.943152 0.420330
vt 0.935366 0.424034
vt 0.943153 0.416478
vt 0.935368 0.420330
vt 0.943152 0.412626
vt 0.935368 0.416478
vt 0.943151 0.408923
vt 0.935368 0.412626
vt 0.943149 0.405509
vt 0.935366 0.408923
vt 0.943147 0.402517
vt 0.935364 0.405509
vt 0.943153 0.405508
vt 0.950938 0.402517
vt 0.943153 0.402517
vt 0.943154 0.408921
vt 0.950938 0.405508
vt 0.943154 0.412625
vt 0.950939 0.408921
vt 0.950939 0.412625
vt 0.384906 0.950013
vt 0.371746 0.925388
vt 0.347123 0.938550
vt 0.314386 0.962757
vt 0.310549 0.927347
vt 0.310549 0.962757
vt 0.318076 0.962757
vt 0.314386 0.927348
vt 0.321476 0.962758
vt 0.318076 0.927348
vt 0.324457 0.962758
vt 0.321476 0.927348
vt 0.507380 0.941612
vt 0.504400 0.906199
vt 0.504400 0.941609
vt 0.510780 0.941615
vt 0.507380 0.906203
vt 0.514469 0.941616
vt 0.510780 0.906205
vt 0.518306 0.941617
vt 0.514469 0.906207
vt 0.522143 0.941616
vt 0.518306 0.906207
vt 0.525832 0.941615
vt 0.522143 0.906207
vt 0.529232 0.941612
vt 0.525832 0.906205
vt 0.532212 0.941609
vt 0.529232 0.906203
vt 0.849295 0.434190
vt 0.846319 0.398785
vt 0.846319 0.434194
vt 0.852692 0.434187
vt 0.849295 0.398781
vt 0.856380 0.434186
vt 0.852692 0.398778
vt 0.860216 0.434185
vt 0.856380 0.398776
vt 0.864053 0.434186
vt 0.860216 0.398776
vt 0.867744 0.434187
vt 0.864053 0.398776
vt 0.867744 0.398778
vt 0.839120 0.930807
vt 0.811442 0.933533
vt 0.814168 0.961211
vt 0.306713 0.962757
vt 0.303024 0.927348
vt 0.306713 0.927348
vt 0.950732 0.952895
vt 0.958881 0.949069
vt 0.950732 0.949069
vt 0.950732 0.956574
vt 0.958881 0.952895
vt 0.950732 0.959965
vt 0.958881 0.956574
vt 0.950731 0.962938
vt 0.958880 0.959965
vt 0.903574 0.427280
vt 0.895422 0.430252
vt 0.903571 0.430252
vt 0.903577 0.423889
vt 0.895426 0.427280
vt 0.903578 0.420210
vt 0.895428 0.423889
vt 0.903579 0.416384
vt 0.895430 0.420210
vt 0.903578 0.412558
vt 0.895430 0.416384
vt 0.903577 0.408880
vt 0.895430 0.412558
vt 0.903574 0.405489
vt 0.895428 0.408880
vt 0.903571 0.402517
vt 0.895426 0.405489
vt 0.874135 0.400386
vt 0.882280 0.397418
vt 0.874131 0.397418
vt 0.874138 0.403773
vt 0.882284 0.400386
vt 0.874140 0.407451
vt 0.882286 0.403773
vt 0.874140 0.411276
vt 0.882288 0.407451
vt 0.874140 0.415102
vt 0.882289 0.411276
vt 0.874138 0.418783
vt 0.882288 0.415102
vt 0.874135 0.422177
vt 0.882286 0.418783
vt 0.882284 0.422177
vt 0.950732 0.938174
vt 0.958880 0.926162
vt 0.950731 0.926162
vt 0.950732 0.941564
vt 0.958880 0.938174
vt 0.950732 0.945243
vt 0.958881 0.941564
vt 0.958881 0.945243
vt 0.208698 0.958117
vt 0.204842 0.925734
vt 0.178474 0.934325
vt 0.879675 0.886848
vt 0.887711 0.883060
vt 0.879675 0.883060
vt 0.879675 0.890491
vt 0.887711 0.886848
vt 0.887711 0.890491
vt 0.879674 0.918626
vt 0.887710 0.896792
vt 0.502760 0.930075
vt 0.494729 0.952430
vt 0.502764 0.952430
vt 0.502757 0.926720
vt 0.494725 0.930075
vt 0.502756 0.923080
vt 0.494722 0.926720
vt 0.502755 0.919292
vt 0.494720 0.923080
vt 0.502756 0.915503
vt 0.494720 0.919292
vt 0.502757 0.911859
vt 0.494720 0.915503
vt 0.502760 0.908499
vt 0.494722 0.911859
vt 0.502764 0.905553
vt 0.494725 0.908499
vt 0.919772 0.427035
vt 0.911733 0.429978
vt 0.919769 0.429978
vt 0.919773 0.423678
vt 0.911736 0.427035
vt 0.919775 0.420036
vt 0.911738 0.423678
vt 0.919775 0.416247
vt 0.911739 0.420036
vt 0.919775 0.412459
vt 0.911739 0.416247
vt 0.919773 0.408817
vt 0.911739 0.412459
vt 0.919772 0.405460
vt 0.911738 0.408817
vt 0.919769 0.402517
vt 0.911736 0.405460
vt 0.879674 0.872273
vt 0.887709 0.869332
vt 0.879674 0.869332
vt 0.879675 0.875630
vt 0.887710 0.872273
vt 0.275305 0.893461
vt 0.269879 0.914343
vt 0.294599 0.926302
vt 0.879675 0.879272
vt 0.887710 0.875630
vt 0.887711 0.879272
vt 0.268833 0.000000
vt 0.655863 0.831051
vt 0.845370 0.497038
vt 0.532212 0.906199
vt 0.264220 0.626283
vt 0.807021 0.434730
vt 0.845370 0.497039
vt 0.848008 0.497039
vt 0.879674 0.434730
vt 0.434818 0.636481
vt 0.807073 0.807063
vt 0.459774 0.762013
vt 0.893596 0.434730
vt 0.879598 0.869370
vt 0.672253 0.434640
vt 0.392395 0.921469
vt 0.429392 0.905549
vt 0.968909 0.970288
vt 0.838577 0.555841
vt 0.812348 0.555842
vt 0.812348 0.575443
vt 0.838576 0.575443
vt 0.812348 0.516639
vt 0.812348 0.536240
vt 0.838577 0.536240
vt 0.838577 0.516639
vt 0.845370 0.536240
vt 0.845370 0.516639
vt 0.845369 0.595044
vt 0.845369 0.575443
vt 0.845369 0.555841
vt 0.845369 0.634246
vt 0.845369 0.614645
vt 0.845369 0.693050
vt 0.845369 0.673449
vt 0.845369 0.653847
vt 0.845369 0.732252
vt 0.845369 0.712651
vt 0.845369 0.771455
vt 0.845369 0.751853
vt 0.845369 0.830258
vt 0.845369 0.810657
vt 0.845369 0.791056
vt 0.838576 0.595044
vt 0.812348 0.595044
vt 0.812347 0.614645
vt 0.838576 0.614645
vt 0.838576 0.634246
vt 0.812347 0.634246
vt 0.812347 0.653848
vt 0.838576 0.849859
vt 0.812347 0.830258
vt 0.812347 0.849860
vt 0.838576 0.830258
vt 0.838576 0.653847
vt 0.838576 0.673449
vt 0.812347 0.673449
vt 0.812347 0.693050
vt 0.812347 0.791056
vt 0.812347 0.810657
vt 0.838576 0.810657
vt 0.838576 0.693050
vt 0.838576 0.712651
vt 0.812347 0.712651
vt 0.812347 0.732252
vt 0.838576 0.732252
vt 0.838576 0.791056
vt 0.812347 0.751854
vt 0.812347 0.771455
vt 0.777218 0.807063
vt 0.455634 0.770758
vt 0.921664 0.000000
vt 0.536705 0.492201
vt 0.993930 0.434730
vt 0.967506 0.134172
vt 0.137299 0.865842
vt 0.987107 0.268345
vt 0.486369 0.771380
vt 0.512611 0.771380
vt 0.724735 0.807063
vt 0.921664 0.268345
vt 0.924490 0.703075
vt 0.750977 0.807063
vt 0.921664 0.134172
vt 0.698494 0.807063
vt 0.924490 0.434730
vt 0.848009 0.516639
vt 0.845370 0.516640
vt 0.874237 0.536241
vt 0.874237 0.516640
vt 0.848009 0.536240
vt 0.845370 0.536241
vt 0.845370 0.555842
vt 0.845371 0.575444
vt 0.874237 0.575444
vt 0.874237 0.555842
vt 0.848010 0.555841
vt 0.845371 0.595045
vt 0.848010 0.575442
vt 0.874238 0.614646
vt 0.874238 0.595045
vt 0.848010 0.595044
vt 0.848010 0.614645
vt 0.845371 0.614646
vt 0.845371 0.634247
vt 0.874238 0.653848
vt 0.874238 0.634247
vt 0.848011 0.634246
vt 0.845372 0.653848
vt 0.848011 0.653847
vt 0.874239 0.693051
vt 0.874239 0.673449
vt 0.848011 0.673448
vt 0.848011 0.693049
vt 0.845372 0.673449
vt 0.845372 0.693051
vt 0.874239 0.732253
vt 0.874239 0.712652
vt 0.848012 0.712651
vt 0.845372 0.712652
vt 0.848012 0.732252
vt 0.874240 0.771455
vt 0.874240 0.751854
vt 0.848012 0.751853
vt 0.848012 0.771454
vt 0.845373 0.732253
vt 0.845373 0.751854
vt 0.874240 0.810658
vt 0.874240 0.791056
vt 0.848013 0.791055
vt 0.845373 0.771455
vt 0.848013 0.810657
vt 0.874241 0.849860
vt 0.874241 0.830259
vt 0.848013 0.830258
vt 0.848013 0.849859
vt 0.845374 0.849860
vt 0.845374 0.830259
vt 0.529912 0.626359
vt 0.845370 0.926437
vt 0.845374 0.926437
vt 0.460128 0.627020
vt 0.807074 0.926438
vt 0.460128 0.962529
vt 0.460128 0.626969
vt 0.494720 0.636612
vt 0.224927 0.922818
vt 0.529311 0.626969
vt 0.080326 0.912393
vt 0.078872 0.915971
vt 0.078144 0.919764
vt 0.078170 0.923626
vt 0.078948 0.927408
vt 0.080450 0.930966
vt 0.082616 0.934163
vt 0.085365 0.936875
vt 0.088590 0.938999
vt 0.092167 0.940453
vt 0.095959 0.941181
vt 0.099821 0.941155
vt 0.103603 0.940376
vt 0.107161 0.938874
vt 0.110357 0.936707
vt 0.113070 0.933958
vt 0.115193 0.930733
vt 0.116647 0.927155
vt 0.117376 0.923362
vt 0.117350 0.919500
vt 0.116571 0.915717
vt 0.117376 0.893857
vt 0.114627 0.891144
vt 0.082450 0.909168
vt 0.096389 0.887643
vt 0.092831 0.889145
vt 0.111402 0.889020
vt 0.100171 0.886864
vt 0.104032 0.886838
vt 0.657893 0.926216
vt 0.231733 0.965079
vt 0.442304 0.923199
vt 0.441551 0.919416
vt 0.440075 0.915853
vt 0.437932 0.912647
vt 0.435206 0.909920
vt 0.431999 0.907777
vt 0.424654 0.905549
vt 0.420798 0.905549
vt 0.417016 0.906301
vt 0.413454 0.907777
vt 0.410248 0.909920
vt 0.407522 0.912647
vt 0.405379 0.915853
vt 0.403152 0.923199
vt 0.403152 0.927055
vt 0.403905 0.930838
vt 0.405381 0.934401
vt 0.407523 0.937607
vt 0.410250 0.940334
vt 0.417318 0.955204
vt 0.420881 0.956680
vt 0.424663 0.957432
vt 0.428519 0.957432
vt 0.432301 0.956680
vt 0.435863 0.955204
vt 0.439069 0.953061
vt 0.441796 0.950334
vt 0.441552 0.930838
vt 0.442304 0.927055
vt 0.964888 0.427240
vt 0.215471 0.902955
vt 0.214868 0.899165
vt 0.213537 0.895565
vt 0.211530 0.892293
vt 0.208924 0.889476
vt 0.200917 0.868489
vt 0.197431 0.866884
vt 0.193699 0.865990
vt 0.189864 0.865842
vt 0.186074 0.866444
vt 0.182475 0.867775
vt 0.179204 0.869782
vt 0.176387 0.872389
vt 0.177429 0.897714
vt 0.176536 0.901447
vt 0.176387 0.905282
vt 0.215322 0.906791
vt 0.212824 0.914010
vt 0.214429 0.910523
vt 0.210571 0.917116
vt 0.200884 0.923061
vt 0.204483 0.921730
vt 0.193259 0.923514
vt 0.197094 0.923663
vt 0.186041 0.921016
vt 0.189527 0.922621
vt 0.182935 0.918761
vt 0.176990 0.909073
vt 0.178321 0.912673
vt 0.537073 0.914442
vt 0.038907 0.920624
vt 0.038220 0.916859
vt 0.036811 0.913301
vt 0.034736 0.910085
vt 0.032073 0.907337
vt 0.024364 0.889225
vt 0.020852 0.887705
vt 0.017111 0.886899
vt 0.013285 0.886839
vt 0.009521 0.887526
vt 0.005963 0.888934
vt 0.002748 0.891010
vt 0.000000 0.893673
vt 0.000866 0.916269
vt 0.000060 0.920010
vt 0.000000 0.923837
vt 0.038847 0.924450
vt 0.036522 0.931704
vt 0.038042 0.928192
vt 0.034346 0.934852
vt 0.024826 0.940999
vt 0.028383 0.939591
vt 0.017235 0.941626
vt 0.021061 0.941686
vt 0.009983 0.939300
vt 0.013494 0.940820
vt 0.006835 0.937124
vt 0.000687 0.927601
vt 0.002096 0.931160
vt 0.537451 0.831051
vt 0.950938 0.430440
vt 0.927569 0.402517
vt 0.807021 0.412610
vt 0.807021 0.416480
vt 0.807776 0.420276
vt 0.809257 0.423852
vt 0.811408 0.427071
vt 0.814145 0.429808
vt 0.817363 0.431958
vt 0.820939 0.433439
vt 0.824735 0.434194
vt 0.828605 0.434194
vt 0.832402 0.433439
vt 0.835978 0.431958
vt 0.839196 0.429807
vt 0.841933 0.427071
vt 0.844083 0.423852
vt 0.846319 0.416480
vt 0.846319 0.412610
vt 0.845564 0.408813
vt 0.844083 0.405238
vt 0.841933 0.402019
vt 0.839196 0.399282
vt 0.835977 0.397132
vt 0.828605 0.394896
vt 0.824735 0.394896
vt 0.820939 0.395651
vt 0.817363 0.397132
vt 0.814144 0.399283
vt 0.811408 0.402019
vt 0.809257 0.405238
vt 0.874131 0.398785
vt 0.296645 0.927348
vt 0.885352 0.947936
vt 0.885352 0.944081
vt 0.884600 0.940300
vt 0.883125 0.936738
vt 0.880984 0.933533
vt 0.878258 0.930807
vt 0.875053 0.928665
vt 0.871492 0.927190
vt 0.867711 0.926438
vt 0.863856 0.926438
vt 0.860076 0.927190
vt 0.856515 0.928666
vt 0.853310 0.930807
vt 0.850584 0.933534
vt 0.848442 0.936739
vt 0.846215 0.944082
vt 0.846215 0.947937
vt 0.846967 0.951718
vt 0.848442 0.955280
vt 0.850584 0.958486
vt 0.853309 0.961212
vt 0.856514 0.963353
vt 0.863856 0.965581
vt 0.867711 0.965580
vt 0.871492 0.964828
vt 0.875053 0.963353
vt 0.878258 0.961211
vt 0.880984 0.958485
vt 0.883125 0.955279
vt 0.903579 0.402517
vt 0.175730 0.937905
vt 0.174331 0.934324
vt 0.172261 0.931085
vt 0.169598 0.928312
vt 0.166446 0.926111
vt 0.162924 0.924568
vt 0.159170 0.923741
vt 0.155326 0.923663
vt 0.151541 0.924336
vt 0.147960 0.925735
vt 0.144721 0.927805
vt 0.141947 0.930468
vt 0.139747 0.933620
vt 0.138204 0.937141
vt 0.137377 0.940896
vt 0.137299 0.944740
vt 0.139371 0.952106
vt 0.141441 0.955345
vt 0.144104 0.958118
vt 0.149704 0.969023
vt 0.153225 0.970566
vt 0.176325 0.945534
vt 0.176403 0.941690
vt 0.176403 0.961514
vt 0.175498 0.949289
vt 0.156980 0.971393
vt 0.164609 0.970798
vt 0.168190 0.969399
vt 0.171429 0.967329
vt 0.331739 0.927347
vt 0.307603 0.909085
vt 0.308195 0.912845
vt 0.309509 0.916417
vt 0.311494 0.919665
vt 0.314074 0.922463
vt 0.317151 0.924704
vt 0.324306 0.927194
vt 0.328109 0.927348
vt 0.331869 0.926756
vt 0.335441 0.925443
vt 0.338688 0.923457
vt 0.341485 0.920877
vt 0.343726 0.917799
vt 0.346215 0.910644
vt 0.346368 0.906841
vt 0.345777 0.903080
vt 0.344463 0.899508
vt 0.342478 0.896260
vt 0.339897 0.893462
vt 0.331937 0.872428
vt 0.328483 0.870831
vt 0.324783 0.869938
vt 0.320980 0.869785
vt 0.317220 0.870376
vt 0.313648 0.871689
vt 0.310401 0.873675
vt 0.307603 0.876256
vt 0.308649 0.901581
vt 0.307757 0.905281
vt 0.425780 0.627020
vt 0.403152 0.905549
vt 0.889175 0.869331
vt 0.895422 -0.000000
vt 0.234389 0.878434
vt 0.885962 0.434602
vt 0.399071 0.864493
vt 0.670449 0.869240
vt 0.670436 0.869240
vt 0.455634 0.904930
vt 0.399105 0.921469
vt 0.472672 0.626969
vt 0.519855 0.771380
vt 0.950057 0.944157
vt 0.923815 0.971568
vt 0.537452 -0.000000
vt 0.968496 0.926673
vt 0.992940 0.268853
vt 0.670804 0.972278
vt 0.339780 0.927347
vt 0.059897 0.887643
vt 0.056114 0.886864
vt 0.052252 0.886838
vt 0.048459 0.887567
vt 0.044882 0.889021
vt 0.041656 0.891145
vt 0.038907 0.893858
vt 0.041213 0.912160
vt 0.039711 0.915719
vt 0.038933 0.919501
vt 0.063455 0.889144
vt 0.075962 0.912392
vt 0.073837 0.909166
vt 0.078144 0.919762
vt 0.077416 0.915969
vt 0.077340 0.927407
vt 0.078118 0.923624
vt 0.073671 0.934162
vt 0.075838 0.930965
vt 0.070922 0.936874
vt 0.060326 0.941181
vt 0.064119 0.940453
vt 0.052682 0.940377
vt 0.056464 0.941155
vt 0.045927 0.936708
vt 0.049123 0.938875
vt 0.043214 0.933959
vt 0.038907 0.923363
vt 0.039635 0.927156
vt 0.895270 0.967468
vt 0.950939 0.402517
vt 0.225815 0.902221
vt 0.225063 0.906004
vt 0.225063 0.909860
vt 0.225815 0.913643
vt 0.227291 0.917206
vt 0.225573 0.933140
vt 0.228300 0.935867
vt 0.231507 0.938009
vt 0.235070 0.939485
vt 0.238852 0.940238
vt 0.242709 0.940238
vt 0.246491 0.939485
vt 0.250054 0.938009
vt 0.257122 0.923139
vt 0.259849 0.920412
vt 0.263467 0.913643
vt 0.264220 0.909860
vt 0.264220 0.906004
vt 0.263467 0.902221
vt 0.261991 0.898658
vt 0.259849 0.895451
vt 0.257122 0.892724
vt 0.250352 0.889106
vt 0.246570 0.888354
vt 0.242713 0.888354
vt 0.238931 0.889106
vt 0.235367 0.890582
vt 0.232161 0.892724
vt 0.229434 0.895451
vt 0.224926 0.969870
vt 0.324457 0.927347
vt 0.392406 0.921470
vt 0.137902 0.899163
vt 0.137299 0.902954
vt 0.137447 0.906789
vt 0.138341 0.910522
vt 0.139946 0.914008
vt 0.142200 0.917115
vt 0.148288 0.921730
vt 0.151888 0.923060
vt 0.155678 0.923663
vt 0.159514 0.923515
vt 0.163246 0.922621
vt 0.166733 0.921016
vt 0.169839 0.918762
vt 0.174454 0.912674
vt 0.175785 0.909074
vt 0.176387 0.905284
vt 0.176239 0.901448
vt 0.175345 0.897716
vt 0.173741 0.894229
vt 0.176387 0.872390
vt 0.173571 0.869783
vt 0.170299 0.867775
vt 0.166699 0.866444
vt 0.162909 0.865842
vt 0.159073 0.865990
vt 0.155341 0.866884
vt 0.151854 0.868488
vt 0.141240 0.892292
vt 0.139232 0.895563
vt 0.532222 0.771381
vt 0.347056 0.899803
vt 0.346368 0.903568
vt 0.346428 0.907395
vt 0.347234 0.911136
vt 0.348754 0.914649
vt 0.350930 0.917797
vt 0.356893 0.922536
vt 0.360452 0.923945
vt 0.364216 0.924632
vt 0.368043 0.924572
vt 0.371784 0.923767
vt 0.375297 0.922247
vt 0.378445 0.920071
vt 0.383184 0.914107
vt 0.384593 0.910549
vt 0.385280 0.906784
vt 0.385220 0.902957
vt 0.384415 0.899216
vt 0.382895 0.895704
vt 0.385280 0.876620
vt 0.382532 0.873957
vt 0.379317 0.871881
vt 0.375759 0.870472
vt 0.371994 0.869785
vt 0.368167 0.869845
vt 0.364426 0.870650
vt 0.360914 0.872170
vt 0.350540 0.893030
vt 0.348464 0.896245
vt 0.950567 0.689379
vt 0.859857 0.010470
vt 0.924490 0.689379
vt 0.238155 0.888353
vt 0.238155 0.865842
vt 0.563859 0.831051
vt 0.859857 0.394895
vt 0.268833 0.869785
vt 0.927560 0.430440
vt 0.935362 0.402517
vt 0.346368 0.942346
vt 0.346368 0.946217
vt 0.347123 0.950013
vt 0.348604 0.953589
vt 0.350754 0.956807
vt 0.353490 0.959544
vt 0.356708 0.961694
vt 0.360283 0.963176
vt 0.364079 0.963931
vt 0.367949 0.963931
vt 0.371745 0.963176
vt 0.375320 0.961694
vt 0.378538 0.959544
vt 0.381274 0.956807
vt 0.383425 0.953589
vt 0.385661 0.946217
vt 0.385661 0.942346
vt 0.384906 0.938550
vt 0.383425 0.934974
vt 0.381275 0.931756
vt 0.378539 0.929019
vt 0.375321 0.926869
vt 0.367950 0.924632
vt 0.364080 0.924632
vt 0.360284 0.925388
vt 0.356709 0.926869
vt 0.353491 0.929019
vt 0.350754 0.931756
vt 0.348604 0.934974
vt 0.324457 0.927349
vt 0.817373 0.963353
vt 0.820935 0.964828
vt 0.824716 0.965580
vt 0.828571 0.965580
vt 0.832352 0.964828
vt 0.835914 0.963353
vt 0.839120 0.961211
vt 0.841846 0.958485
vt 0.843988 0.955280
vt 0.845463 0.951718
vt 0.845463 0.940300
vt 0.843988 0.936739
vt 0.841846 0.933533
vt 0.835915 0.928665
vt 0.832353 0.927190
vt 0.828572 0.926438
vt 0.824716 0.926438
vt 0.820935 0.927190
vt 0.817374 0.928665
vt 0.814168 0.930807
vt 0.809300 0.936738
vt 0.807825 0.940300
vt 0.807072 0.944081
vt 0.807072 0.947937
vt 0.807825 0.951718
vt 0.809300 0.955279
vt 0.811442 0.958485
vt 0.958880 0.962938
vt 0.882280 0.434194
vt 0.177076 0.937906
vt 0.176403 0.941692
vt 0.176481 0.945535
vt 0.177307 0.949290
vt 0.176403 0.961515
vt 0.178603 0.964667
vt 0.181376 0.967329
vt 0.184615 0.969400
vt 0.188195 0.970798
vt 0.191980 0.971471
vt 0.195823 0.971392
vt 0.199577 0.970565
vt 0.203098 0.969022
vt 0.211360 0.955344
vt 0.213430 0.952104
vt 0.214828 0.948523
vt 0.215501 0.944738
vt 0.215423 0.940894
vt 0.214597 0.937140
vt 0.213054 0.933619
vt 0.210853 0.930466
vt 0.208081 0.927804
vt 0.201261 0.924336
vt 0.197476 0.923663
vt 0.193633 0.923741
vt 0.189879 0.924568
vt 0.186359 0.926112
vt 0.183207 0.928312
vt 0.180544 0.931086
vt 0.887709 0.918625
vt 0.494729 0.905553
vt 0.911733 0.402517
vt 0.307012 0.912846
vt 0.307603 0.909086
vt 0.307450 0.905282
vt 0.306558 0.901582
vt 0.304960 0.898127
vt 0.307603 0.876257
vt 0.304805 0.873676
vt 0.301558 0.871690
vt 0.297985 0.870376
vt 0.294225 0.869785
vt 0.290422 0.869938
vt 0.286721 0.870830
vt 0.283266 0.872427
vt 0.272724 0.896259
vt 0.270739 0.899506
vt 0.269425 0.903079
vt 0.305698 0.916419
vt 0.301131 0.922464
vt 0.303712 0.919666
vt 0.298054 0.924705
vt 0.287095 0.927347
vt 0.290898 0.927194
vt 0.279762 0.925442
vt 0.283335 0.926756
vt 0.273717 0.920875
vt 0.276515 0.923456
vt 0.271476 0.917798
vt 0.268833 0.906839
vt 0.268987 0.910643
s 1
usemtl Madeira
f 186/223/332 180/224/332 182/225/332
f 187/226/333 193/227/333 189/228/333
f 203/229/334 198/230/334 196/231/334
f 205/232/335 198/233/335 204/234/335
f 241/235/336 209/236/337 240/237/338
f 195/238/339 201/239/340 197/240/333
f 202/241/341 196/242/341 198/240/341
f 221/243/342 206/244/343 205/243/335
s 0
f 220/228/341 205/228/344 204/228/345
f 219/228/341 204/228/346 203/228/345
s 1
f 207/245/341 259/246/341 294/247/341
f 222/248/347 219/249/348 196/250/349
f 199/251/350 214/252/351 213/253/352
f 195/254/334 211/255/334 214/256/334
f 201/257/353 211/258/354 197/259/335
f 215/260/355 213/261/355 212/245/355
f 217/262/344 215/263/344 216/264/344
f 216/265/356 212/266/356 201/257/356
f 218/267/357 199/251/357 213/253/357
f 217/268/358 201/239/340 199/269/359
f 877/270/360 219/249/361 222/248/362
f 878/271/334 220/272/334 219/273/334
f 875/274/363 221/275/364 220/276/335
f 877/277/344 221/278/344 876/279/344
f 277/280/341 200/281/341 202/241/341
f 278/282/341 276/283/341 277/280/341
f 279/284/341 275/285/341 278/282/341
f 280/286/341 274/287/341 279/284/341
f 281/288/341 273/289/341 280/286/341
f 282/290/341 272/291/341 281/288/341
f 283/292/341 271/293/341 282/290/341
f 284/294/341 270/295/341 283/292/341
f 285/296/341 269/297/341 284/294/341
f 286/298/341 268/299/341 285/296/341
f 287/300/341 267/301/341 286/298/341
f 288/302/341 266/303/341 287/300/341
f 289/304/341 265/305/341 288/302/341
f 290/306/341 264/307/341 289/304/341
f 291/308/341 263/309/341 290/306/341
f 292/310/341 262/311/341 291/308/341
f 293/312/341 261/313/341 292/310/341
f 294/247/341 260/314/341 293/312/341
f 357/315/365 356/316/365 355/317/365
f 355/318/366 354/319/366 353/320/366
f 235/321/367 236/322/367 294/323/335
f 359/324/368 358/325/368 357/315/368
f 258/326/369 205/327/370 206/328/371
f 236/329/344 317/330/344 245/331/344
f 256/332/338 224/333/338 257/334/338
f 254/335/338 226/336/338 255/337/338
f 318/338/334 235/339/334 246/340/334
f 252/341/338 228/334/338 253/342/338
f 250/343/338 230/344/338 251/345/338
f 365/346/372 364/347/372 363/348/372
f 248/345/338 232/349/338 249/335/338
f 234/350/344 319/351/344 247/352/344
f 246/334/338 234/353/338 247/354/338
f 244/355/338 236/356/338 245/357/338
f 320/358/334 233/359/334 248/360/334
f 242/361/338 238/362/338 243/363/338
f 361/364/373 360/365/373 359/324/373
f 329/366/338 295/352/338 330/367/338
f 327/368/338 297/369/338 328/370/338
f 325/371/338 299/372/338 326/373/338
f 323/374/338 301/370/338 324/375/338
f 321/376/338 303/363/338 322/369/338
f 319/377/338 305/378/338 320/379/338
f 317/379/338 307/380/338 318/381/338
f 315/382/338 309/383/338 316/384/338
f 313/385/338 311/386/338 314/387/338
f 330/388/334 223/389/334 258/390/334
f 316/391/334 237/392/334 244/393/334
f 224/394/344 329/395/344 257/396/344
f 238/397/344 315/398/344 243/399/344
f 328/351/334 225/400/334 256/401/334
f 314/402/334 239/403/334 242/383/334
f 226/404/344 327/405/344 255/406/344
f 240/407/344 313/408/344 241/409/344
f 363/348/374 362/410/374 361/364/374
f 326/411/334 227/412/334 254/413/334
f 228/414/344 325/415/344 253/416/344
f 324/398/334 229/417/334 252/418/334
f 230/419/344 323/420/344 251/421/344
f 322/420/334 231/422/334 250/423/334
f 232/424/344 321/411/344 249/380/344
f 262/425/375 261/426/345 210/427/376
f 334/428/344 331/429/344 333/430/344
f 333/431/335 207/432/335 209/433/335
f 208/434/345 334/435/345 210/427/345
f 339/436/344 895/437/377 896/438/344
f 336/439/378 337/440/378 335/441/378
f 335/442/379 333/431/379 209/433/379
f 344/390/335 342/443/335 340/444/335
f 897/445/345 339/446/345 896/447/345
f 342/448/334 897/449/334 898/450/334
f 340/444/335 898/451/335 895/452/335
f 345/440/341 344/453/341 343/356/341
f 346/454/380 341/455/334 342/448/334
f 341/456/345 343/457/345 339/446/345
f 343/458/344 340/459/344 339/436/344
f 367/460/381 366/461/381 365/346/381
f 369/462/382 368/463/382 367/460/382
f 371/464/383 370/465/383 369/466/383
f 373/467/384 372/468/384 371/464/384
f 371/469/333 363/470/333 353/471/333
f 419/472/385 418/473/385 417/474/385
f 421/475/386 420/476/386 419/472/386
f 423/477/387 422/478/387 421/479/387
f 425/480/373 424/481/373 423/477/373
f 427/482/374 426/483/374 425/480/374
f 429/484/372 428/485/372 427/482/372
f 431/486/381 430/487/381 429/484/381
f 433/488/388 432/489/388 431/486/388
f 435/490/389 434/491/389 433/488/389
f 437/492/390 436/493/390 435/494/390
f 439/495/391 438/496/391 437/492/391
f 465/497/333 449/498/333 419/499/333
f 519/500/392 518/501/392 517/502/392
f 521/503/393 520/504/393 519/500/393
f 523/505/394 522/506/394 521/503/394
f 525/507/395 524/508/395 523/505/395
f 527/509/396 526/510/396 525/507/396
f 529/511/397 528/512/397 527/509/397
f 531/513/398 530/514/398 529/511/398
f 515/515/333 503/516/333 487/517/333
f 583/518/392 582/519/392 581/520/392
f 585/521/393 584/522/393 583/518/393
f 587/523/399 586/524/399 585/521/399
f 589/525/400 588/526/400 587/523/400
f 591/527/396 590/528/396 589/525/396
f 593/529/397 592/530/397 591/527/397
f 595/531/398 594/532/398 593/529/398
f 579/533/333 567/534/333 551/535/333
f 603/268/333 609/536/333 605/537/333
f 616/538/341 614/539/341 618/540/341
f 627/541/385 626/542/385 625/543/385
f 629/544/365 628/545/365 627/546/365
f 631/547/368 630/548/368 629/544/368
f 633/549/373 632/550/373 631/547/373
f 635/551/374 634/552/374 633/549/374
f 637/553/372 636/554/372 635/551/372
f 639/555/381 638/556/381 637/553/381
f 641/557/382 640/558/382 639/555/382
f 643/559/389 642/560/389 641/557/389
f 645/561/384 644/562/384 643/563/384
f 652/564/341 668/565/341 620/566/341
f 723/567/401 722/568/401 721/569/401
f 725/570/402 724/571/402 723/572/402
f 727/573/403 726/574/403 725/570/403
f 729/575/404 728/576/404 727/573/404
f 731/577/405 730/578/405 729/575/405
f 733/579/406 732/580/406 731/577/406
f 735/581/396 734/582/396 733/579/396
f 737/583/407 736/584/407 735/581/407
f 739/585/398 738/586/398 737/583/398
f 741/587/408 740/588/408 739/589/408
f 743/590/409 742/591/409 741/587/409
f 717/592/333 701/593/333 685/594/333
f 789/595/402 788/596/402 787/597/402
f 791/598/392 790/599/392 789/595/392
f 793/600/393 792/601/393 791/598/393
f 795/602/394 794/603/394 793/600/394
f 797/604/395 796/605/395 795/602/395
f 799/606/396 798/607/396 797/604/396
f 801/608/397 800/609/397 799/606/397
f 803/610/398 802/611/398 801/608/398
f 780/612/341 794/613/341 802/614/341
f 819/615/385 818/616/385 817/617/385
f 823/618/410 822/619/410 821/620/410
f 825/621/373 824/622/373 823/618/373
f 827/623/374 826/624/374 825/621/374
f 829/625/372 828/626/372 827/623/372
f 831/627/381 830/628/381 829/625/381
f 833/629/411 832/630/411 831/627/411
f 835/631/389 834/632/389 833/629/389
f 865/633/333 849/634/333 819/635/333
f 881/636/344 876/279/344 880/637/344
f 879/638/412 883/639/413 875/640/412
f 882/641/334 875/640/412 878/271/334
f 881/642/414 878/643/415 877/270/360
f 213/253/416 882/644/417 881/642/414
f 214/256/334 879/638/412 882/641/334
f 211/258/418 880/645/419 879/646/420
f 212/647/344 881/636/344 880/637/344
f 885/537/421 884/648/422 883/649/423
f 889/650/424 876/651/425 884/652/425
f 883/653/425 876/651/425 875/654/425
f 886/655/426 879/656/426 880/657/426
f 887/658/427 890/659/427 888/457/427
f 880/657/426 890/660/426 886/655/426
f 887/661/428 880/662/428 876/663/428
f 890/664/429 884/648/422 886/665/430
f 208/666/335 894/667/335 332/668/335
f 894/669/334 331/670/334 332/671/334
f 893/672/345 207/664/345 331/673/345
f 892/674/344 208/675/344 207/676/344
f 895/452/335 894/667/335 891/677/335
f 898/450/334 893/678/334 894/669/334
f 902/679/333 892/680/333 893/681/333
f 896/438/344 891/682/344 892/674/344
f 902/275/345 899/683/345 900/661/345
f 901/684/334 893/678/334 897/449/334
f 899/685/341 897/686/341 896/259/341
f 900/687/344 896/438/344 892/674/344
f 186/223/332 184/1146/332 180/224/332
f 187/226/333 191/1146/333 193/227/333
f 203/229/334 204/1147/334 198/230/334
f 205/232/335 202/1148/335 198/233/335
f 241/235/336 210/1149/476 209/236/337
f 195/238/339 199/269/359 201/239/340
f 202/241/341 200/281/341 196/242/341
f 221/243/342 222/1150/343 206/244/343
s 0
f 220/228/334 221/228/345 205/228/341
f 219/228/477 220/228/345 204/228/341
s 1
f 207/245/341 208/1151/341 259/246/341
f 196/250/349 200/1152/478 206/1153/479
f 196/250/349 206/1153/479 222/248/347
f 219/249/348 203/249/335 196/250/349
f 199/251/350 195/1154/480 214/252/351
f 195/254/334 197/1155/334 211/255/334
f 201/257/353 212/266/481 211/258/354
f 215/260/355 218/1156/355 213/261/355
f 217/262/344 218/1157/344 215/263/344
f 216/265/356 215/1158/356 212/266/356
f 218/267/357 217/1159/357 199/251/357
f 217/268/358 216/1160/358 201/239/340
f 877/270/360 878/643/415 219/249/361
f 878/271/334 875/640/412 220/272/334
f 875/274/363 876/1161/482 221/275/364
f 877/277/344 222/1162/344 221/278/344
f 277/280/341 276/283/341 200/281/341
f 278/282/341 275/285/341 276/283/341
f 279/284/341 274/287/341 275/285/341
f 280/286/341 273/289/341 274/287/341
f 281/288/341 272/291/341 273/289/341
f 282/290/341 271/293/341 272/291/341
f 283/292/341 270/295/341 271/293/341
f 284/294/341 269/297/341 270/295/341
f 285/296/341 268/299/341 269/297/341
f 286/298/341 267/301/341 268/299/341
f 287/300/341 266/303/341 267/301/341
f 288/302/341 265/305/341 266/303/341
f 289/304/341 264/307/341 265/305/341
f 290/306/341 263/309/341 264/307/341
f 291/308/341 262/311/341 263/309/341
f 292/310/341 261/313/341 262/311/341
f 293/312/341 260/314/341 261/313/341
f 294/247/341 259/246/341 260/314/341
f 357/315/365 358/325/365 356/316/365
f 355/318/366 356/1163/366 354/319/366
f 225/1164/367 297/1165/483 298/1166/483
f 225/1164/367 298/1166/483 226/1167/367
f 295/1168/483 296/1169/483 224/1170/367
f 223/1171/367 295/1168/483 224/1170/367
f 202/1148/335 205/232/335 223/1171/367
f 278/1172/335 277/1173/335 202/1148/335
f 281/1174/335 280/1175/335 279/1176/335
f 278/1172/335 202/1148/335 223/1171/367
f 281/1174/335 279/1176/335 278/1172/335
f 283/1177/335 282/1178/335 281/1174/335
f 286/1179/335 285/1180/335 284/1181/335
f 283/1177/335 281/1174/335 278/1172/335
f 286/1179/335 284/1181/335 283/1177/335
f 288/1182/335 287/1183/335 286/1179/335
f 290/1184/335 289/1185/335 288/1182/335
f 293/1186/335 292/1187/335 291/1188/335
f 291/1188/335 290/1184/335 288/1182/335
f 288/1182/335 286/1179/335 283/1177/335
f 283/1177/335 278/1172/335 223/1171/367
f 223/1171/367 224/1170/367 225/1164/367
f 283/1177/335 223/1171/367 225/1164/367
f 293/1186/335 291/1188/335 288/1182/335
f 288/1182/335 283/1177/335 225/1164/367
f 288/1182/335 225/1164/367 226/1167/367
f 293/1186/335 288/1182/335 226/1167/367
f 227/1189/367 299/1190/483 300/1191/483
f 293/1186/335 226/1167/367 227/1189/367
f 209/433/335 207/432/335 294/323/335
f 294/323/335 293/1186/335 227/1189/367
f 227/1189/367 300/1191/483 228/1192/484
f 229/1193/367 301/1194/483 302/1195/483
f 227/1189/367 228/1192/484 229/1193/367
f 240/1196/367 209/433/335 294/323/335
f 311/1197/483 312/1198/483 240/1196/367
f 239/1199/367 311/1197/483 240/1196/367
f 294/323/335 227/1189/367 229/1193/367
f 229/1193/367 302/1195/483 230/1200/367
f 231/1201/367 303/1202/483 304/1203/483
f 229/1193/367 230/1200/367 231/1201/367
f 239/1199/367 240/1196/367 294/323/335
f 309/1204/483 310/1205/483 238/1206/367
f 238/1206/367 239/1199/367 294/323/335
f 294/323/335 229/1193/367 231/1201/367
f 231/1201/367 304/1203/483 232/1207/367
f 233/1208/367 305/1209/483 306/1210/483
f 294/323/335 231/1201/367 232/1207/367
f 233/1208/367 306/1210/483 234/1211/367
f 294/323/335 232/1207/367 233/1208/367
f 237/1212/367 309/1204/483 238/1206/367
f 294/323/335 233/1208/367 234/1211/367
f 235/321/367 307/1213/483 308/1214/483
f 294/323/335 234/1211/367 235/321/367
f 237/1212/367 238/1206/367 294/323/335
f 235/321/367 308/1214/483 236/322/367
f 236/322/367 237/1212/367 294/323/335
f 359/324/368 360/365/368 358/325/368
f 258/326/369 223/264/338 205/327/370
f 236/329/344 308/1215/344 317/330/344
f 256/332/338 225/704/338 224/333/338
f 254/335/338 227/349/338 226/336/338
f 318/338/334 307/1216/334 235/339/334
f 252/341/338 229/332/338 228/334/338
f 250/343/338 231/230/338 230/344/338
f 365/346/372 366/461/372 364/347/372
f 248/345/338 233/344/338 232/349/338
f 234/350/344 306/1217/344 319/351/344
f 246/334/338 235/333/338 234/353/338
f 244/355/338 237/1218/338 236/356/338
f 320/358/334 305/920/334 233/359/334
f 242/361/338 239/1219/338 238/362/338
f 361/364/373 362/410/373 360/365/373
f 329/366/338 296/1220/338 295/352/338
f 327/368/338 298/376/338 297/369/338
f 325/371/338 300/1221/338 299/372/338
f 323/374/338 302/368/338 301/370/338
f 321/376/338 304/361/338 303/363/338
f 319/377/338 306/1222/338 305/378/338
f 317/379/338 308/378/338 307/380/338
f 315/382/338 310/696/338 309/383/338
f 313/385/338 312/690/338 311/386/338
f 330/388/334 295/1223/334 223/389/334
f 316/391/334 309/1224/334 237/392/334
f 224/394/344 296/1225/344 329/395/344
f 238/397/344 310/1226/344 315/398/344
f 328/351/334 297/1217/334 225/400/334
f 314/402/334 311/1227/334 239/403/334
f 226/404/344 298/260/344 327/405/344
f 240/407/344 312/1228/344 313/408/344
f 363/348/374 364/347/374 362/410/374
f 326/411/334 299/1229/334 227/412/334
f 228/414/344 300/1230/344 325/415/344
f 324/398/334 301/1226/334 229/417/334
f 230/419/344 302/1231/344 323/420/344
f 322/420/334 303/1231/334 231/422/334
f 232/424/344 304/1229/344 321/411/344
f 258/1232/485 206/1153/486 200/1152/487
f 258/1232/485 200/1152/487 276/1233/488
f 329/1234/489 330/1235/489 258/1232/485
f 257/1236/490 329/1234/489 258/1232/485
f 258/1232/485 276/1233/488 275/1237/488
f 258/1232/485 275/1237/488 274/1238/488
f 257/1236/490 258/1232/485 274/1238/488
f 257/1236/490 274/1238/488 273/1239/488
f 327/1240/489 328/1241/489 256/1242/490
f 256/1242/490 257/1236/490 273/1239/488
f 256/1242/490 273/1239/488 272/1243/488
f 255/1244/490 327/1240/489 256/1242/490
f 325/1245/489 326/1246/489 254/1247/490
f 255/1244/490 256/1242/490 272/1243/488
f 253/1248/490 325/1245/489 254/1247/490
f 254/1247/490 255/1244/490 272/1243/488
f 254/1247/490 272/1243/488 271/1249/488
f 253/1248/490 254/1247/490 271/1249/488
f 253/1248/490 271/1249/488 270/1250/488
f 323/1251/489 324/1252/489 252/1253/490
f 252/1253/490 253/1248/490 270/1250/488
f 252/1253/490 270/1250/488 269/1254/488
f 251/1255/490 323/1251/489 252/1253/490
f 321/1256/489 322/1257/489 250/1258/490
f 251/1255/490 252/1253/490 269/1254/488
f 249/1259/490 321/1256/489 250/1258/490
f 250/1258/490 251/1255/490 269/1254/488
f 250/1258/490 269/1254/488 268/1260/488
f 249/1259/490 250/1258/490 268/1260/488
f 249/1259/490 268/1260/488 267/1261/488
f 319/1262/489 320/1263/489 248/1264/490
f 248/1264/490 249/1259/490 267/1261/488
f 248/1264/490 267/1261/488 266/1265/488
f 247/1266/490 319/1262/489 248/1264/490
f 317/1267/489 318/1268/489 246/1269/490
f 247/1266/490 248/1264/490 266/1265/488
f 245/1270/490 317/1267/489 246/1269/490
f 246/1269/490 247/1266/490 266/1265/488
f 246/1269/490 266/1265/488 265/1271/488
f 245/1270/490 246/1269/490 265/1271/488
f 245/1270/490 265/1271/488 264/1272/488
f 315/1273/489 316/1274/489 244/1275/490
f 244/1275/490 245/1270/490 264/1272/488
f 244/1275/490 264/1272/488 263/1276/488
f 243/1277/490 315/1273/489 244/1275/490
f 313/1278/489 314/1279/489 242/1280/491
f 243/1277/490 244/1275/490 263/1276/488
f 241/1281/492 313/1278/489 242/1280/491
f 242/1280/491 243/1277/490 263/1276/488
f 242/1280/491 263/1276/488 262/425/375
f 210/427/376 241/1281/492 242/1280/491
f 259/1282/345 208/434/345 210/427/376
f 260/1283/345 259/1282/345 210/427/376
f 210/427/376 242/1280/491 262/425/375
f 261/426/345 260/1283/345 210/427/376
f 334/428/344 332/1284/344 331/429/344
f 333/431/335 331/1285/335 207/432/335
f 208/434/345 332/1286/345 334/435/345
f 339/436/344 340/459/344 895/437/377
f 336/439/378 338/1287/378 337/440/378
f 335/442/379 337/1288/379 333/431/379
f 344/390/335 346/1289/335 342/443/335
f 897/445/345 341/456/345 339/446/345
f 342/448/334 341/455/334 897/449/334
f 340/444/335 342/443/335 898/451/335
f 345/440/341 346/1290/341 344/453/341
f 346/454/380 345/1291/380 341/455/334
f 341/456/345 345/1292/345 343/457/345
f 343/458/344 344/1293/344 340/459/344
f 367/460/381 368/463/381 366/461/381
f 369/462/382 370/478/382 368/463/382
f 371/464/383 372/468/383 370/465/383
f 373/467/384 374/720/384 372/468/384
f 349/1294/333 347/1295/333 409/1296/333
f 409/1296/333 407/1297/333 405/1298/333
f 405/1298/333 403/1299/333 401/1300/333
f 401/1300/333 399/1301/333 397/1302/333
f 397/1302/333 395/1303/333 393/1304/333
f 393/1304/333 391/1305/333 389/1306/333
f 389/1306/333 387/1307/333 385/1308/333
f 385/1308/333 383/1309/333 381/1310/333
f 381/1310/333 379/1311/333 377/1312/333
f 377/1312/333 375/1313/333 373/1314/333
f 371/469/333 369/1315/333 367/1316/333
f 377/1312/333 373/1314/333 371/469/333
f 385/1308/333 381/1310/333 377/1312/333
f 393/1304/333 389/1306/333 385/1308/333
f 401/1300/333 397/1302/333 393/1304/333
f 409/1296/333 405/1298/333 401/1300/333
f 351/1317/333 349/1294/333 409/1296/333
f 357/1318/333 355/1319/333 353/471/333
f 353/471/333 351/1317/333 409/1296/333
f 409/1296/333 401/1300/333 393/1304/333
f 393/1304/333 385/1308/333 377/1312/333
f 371/469/333 367/1316/333 365/1320/333
f 393/1304/333 377/1312/333 371/469/333
f 353/471/333 409/1296/333 393/1304/333
f 359/1321/333 357/1318/333 353/471/333
f 363/470/333 361/1322/333 359/1321/333
f 371/469/333 365/1320/333 363/470/333
f 353/471/333 393/1304/333 371/469/333
f 363/470/333 359/1321/333 353/471/333
f 419/472/385 420/476/385 418/473/385
f 421/475/386 422/1323/386 420/476/386
f 423/477/387 424/481/387 422/478/387
f 425/480/373 426/483/373 424/481/373
f 427/482/374 428/485/374 426/483/374
f 429/484/372 430/487/372 428/485/372
f 431/486/381 432/489/381 430/487/381
f 433/488/388 434/491/388 432/489/388
f 435/490/389 436/1324/389 434/491/389
f 437/492/390 438/496/390 436/493/390
f 439/495/391 440/767/391 438/496/391
f 413/1325/333 411/1326/333 473/1327/333
f 473/1327/333 471/1328/333 469/1329/333
f 469/1329/333 467/1330/333 465/497/333
f 465/497/333 463/1331/333 461/1332/333
f 461/1332/333 459/1333/333 457/1334/333
f 457/1334/333 455/1335/333 453/1336/333
f 453/1336/333 451/1337/333 449/498/333
f 449/498/333 447/1338/333 445/1339/333
f 445/1339/333 443/1340/333 441/1341/333
f 441/1341/333 439/1342/333 437/1343/333
f 437/1343/333 435/1344/333 433/1345/333
f 433/1345/333 431/1346/333 429/1347/333
f 429/1347/333 427/1348/333 425/1349/333
f 425/1349/333 423/1350/333 421/1351/333
f 419/499/333 417/1352/333 415/1353/333
f 425/1349/333 421/1351/333 419/499/333
f 433/1345/333 429/1347/333 425/1349/333
f 445/1339/333 441/1341/333 437/1343/333
f 437/1343/333 433/1345/333 425/1349/333
f 419/499/333 415/1353/333 413/1325/333
f 437/1343/333 425/1349/333 419/499/333
f 449/498/333 445/1339/333 437/1343/333
f 457/1334/333 453/1336/333 449/498/333
f 465/497/333 461/1332/333 457/1334/333
f 473/1327/333 469/1329/333 465/497/333
f 419/499/333 413/1325/333 473/1327/333
f 449/498/333 437/1343/333 419/499/333
f 465/497/333 457/1334/333 449/498/333
f 419/499/333 473/1327/333 465/497/333
f 519/500/392 520/504/392 518/501/392
f 521/503/393 522/506/393 520/504/393
f 523/505/394 524/508/394 522/506/394
f 525/507/395 526/510/395 524/508/395
f 527/509/396 528/512/396 526/510/396
f 529/511/397 530/514/397 528/512/397
f 531/513/398 532/1354/398 530/514/398
f 477/1355/333 475/1356/333 537/1357/333
f 537/1357/333 535/1358/333 533/1359/333
f 533/1359/333 531/1360/333 529/1361/333
f 529/1361/333 527/1362/333 525/1363/333
f 525/1363/333 523/1364/333 521/1365/333
f 521/1365/333 519/1366/333 517/1367/333
f 515/515/333 513/1368/333 511/1369/333
f 521/1365/333 517/1367/333 515/515/333
f 529/1361/333 525/1363/333 521/1365/333
f 477/1355/333 537/1357/333 533/1359/333
f 533/1359/333 529/1361/333 521/1365/333
f 515/515/333 511/1369/333 509/1370/333
f 533/1359/333 521/1365/333 515/515/333
f 479/1371/333 477/1355/333 533/1359/333
f 483/1372/333 481/1373/333 479/1371/333
f 487/517/333 485/1374/333 483/1372/333
f 491/1375/333 489/1376/333 487/517/333
f 495/1377/333 493/1378/333 491/1375/333
f 499/1379/333 497/1380/333 495/1377/333
f 503/516/333 501/1381/333 499/1379/333
f 507/1382/333 505/1383/333 503/516/333
f 515/515/333 509/1370/333 507/1382/333
f 479/1371/333 533/1359/333 515/515/333
f 487/517/333 483/1372/333 479/1371/333
f 495/1377/333 491/1375/333 487/517/333
f 503/516/333 499/1379/333 495/1377/333
f 515/515/333 507/1382/333 503/516/333
f 487/517/333 479/1371/333 515/515/333
f 503/516/333 495/1377/333 487/517/333
f 583/518/392 584/522/392 582/519/392
f 585/521/393 586/524/393 584/522/393
f 587/523/399 588/526/399 586/524/399
f 589/525/400 590/528/400 588/526/400
f 591/527/396 592/530/396 590/528/396
f 593/529/397 594/532/397 592/530/397
f 595/531/398 596/1384/398 594/532/398
f 541/1385/333 539/1386/333 601/1387/333
f 601/1387/333 599/1388/333 597/1389/333
f 597/1389/333 595/1390/333 593/1391/333
f 593/1391/333 591/1392/333 589/1393/333
f 589/1393/333 587/1394/333 585/1395/333
f 585/1395/333 583/1396/333 581/1397/333
f 579/533/333 577/1398/333 575/1399/333
f 585/1395/333 581/1397/333 579/533/333
f 593/1391/333 589/1393/333 585/1395/333
f 541/1385/333 601/1387/333 597/1389/333
f 597/1389/333 593/1391/333 585/1395/333
f 579/533/333 575/1399/333 573/1400/333
f 597/1389/333 585/1395/333 579/533/333
f 543/1401/333 541/1385/333 597/1389/333
f 547/1402/333 545/1403/333 543/1401/333
f 551/535/333 549/1404/333 547/1402/333
f 555/1405/333 553/1406/333 551/535/333
f 559/1407/333 557/1408/333 555/1405/333
f 563/1409/333 561/1410/333 559/1407/333
f 567/534/333 565/1411/333 563/1409/333
f 571/1412/333 569/1413/333 567/534/333
f 579/533/333 573/1400/333 571/1412/333
f 543/1401/333 597/1389/333 579/533/333
f 551/535/333 547/1402/333 543/1401/333
f 559/1407/333 555/1405/333 551/535/333
f 567/534/333 563/1409/333 559/1407/333
f 579/533/333 571/1412/333 567/534/333
f 551/535/333 543/1401/333 579/533/333
f 567/534/333 559/1407/333 551/535/333
f 603/268/333 607/1414/333 609/536/333
f 616/538/341 612/931/341 614/539/341
f 627/541/385 628/1415/385 626/542/385
f 629/544/365 630/548/365 628/545/365
f 631/547/368 632/550/368 630/548/368
f 633/549/373 634/552/373 632/550/373
f 635/551/374 636/554/374 634/552/374
f 637/553/372 638/556/372 636/554/372
f 639/555/381 640/558/381 638/556/381
f 641/557/382 642/560/382 640/558/382
f 643/559/389 644/1416/389 642/560/389
f 645/561/384 646/953/384 644/562/384
f 620/566/341 622/1417/341 624/1418/341
f 624/1418/341 626/1419/341 628/1420/341
f 628/1420/341 630/1421/341 632/1422/341
f 632/1422/341 634/1423/341 636/1424/341
f 636/1424/341 638/1425/341 640/1426/341
f 640/1426/341 642/1427/341 644/1428/341
f 644/1428/341 646/1429/341 648/1430/341
f 648/1430/341 650/1431/341 652/564/341
f 652/564/341 654/1432/341 656/1433/341
f 656/1433/341 658/1434/341 660/1435/341
f 660/1435/341 662/1436/341 664/1437/341
f 664/1437/341 666/1438/341 668/565/341
f 668/565/341 670/1439/341 672/1440/341
f 672/1440/341 674/1441/341 676/1442/341
f 676/1442/341 678/1443/341 680/1444/341
f 680/1444/341 682/1445/341 620/566/341
f 620/566/341 624/1418/341 628/1420/341
f 628/1420/341 632/1422/341 636/1424/341
f 636/1424/341 640/1426/341 644/1428/341
f 644/1428/341 648/1430/341 652/564/341
f 652/564/341 656/1433/341 660/1435/341
f 660/1435/341 664/1437/341 668/565/341
f 668/565/341 672/1440/341 676/1442/341
f 676/1442/341 680/1444/341 620/566/341
f 620/566/341 628/1420/341 636/1424/341
f 636/1424/341 644/1428/341 652/564/341
f 652/564/341 660/1435/341 668/565/341
f 668/565/341 676/1442/341 620/566/341
f 620/566/341 636/1424/341 652/564/341
f 723/567/401 724/1446/401 722/568/401
f 725/570/402 726/574/402 724/571/402
f 727/573/403 728/576/403 726/574/403
f 729/575/404 730/578/404 728/576/404
f 731/577/405 732/580/405 730/578/405
f 733/579/406 734/582/406 732/580/406
f 735/581/396 736/584/396 734/582/396
f 737/583/407 738/586/407 736/584/407
f 739/585/398 740/1447/398 738/586/398
f 741/587/408 742/591/408 740/588/408
f 743/590/409 744/1038/409 742/591/409
f 685/594/333 683/1448/333 745/1449/333
f 745/1449/333 743/1450/333 741/1451/333
f 741/1451/333 739/1452/333 737/1453/333
f 737/1453/333 735/1454/333 733/1455/333
f 733/1455/333 731/1456/333 729/1457/333
f 729/1457/333 727/1458/333 725/1459/333
f 725/1459/333 723/1460/333 721/1461/333
f 721/1461/333 719/1462/333 717/592/333
f 717/592/333 715/1463/333 713/1464/333
f 713/1464/333 711/1465/333 709/1466/333
f 709/1466/333 707/1467/333 705/1468/333
f 705/1468/333 703/1469/333 701/593/333
f 701/593/333 699/1470/333 697/1471/333
f 697/1471/333 695/1472/333 693/1473/333
f 693/1473/333 691/1474/333 689/1475/333
f 689/1475/333 687/1476/333 685/594/333
f 685/594/333 745/1449/333 741/1451/333
f 741/1451/333 737/1453/333 733/1455/333
f 733/1455/333 729/1457/333 725/1459/333
f 725/1459/333 721/1461/333 717/592/333
f 717/592/333 713/1464/333 709/1466/333
f 709/1466/333 705/1468/333 701/593/333
f 701/593/333 697/1471/333 693/1473/333
f 693/1473/333 689/1475/333 685/594/333
f 685/594/333 741/1451/333 733/1455/333
f 733/1455/333 725/1459/333 717/592/333
f 717/592/333 709/1466/333 701/593/333
f 701/593/333 693/1473/333 685/594/333
f 685/594/333 733/1455/333 717/592/333
f 789/595/402 790/599/402 788/596/402
f 791/598/392 792/601/392 790/599/392
f 793/600/393 794/603/393 792/601/393
f 795/602/394 796/605/394 794/603/394
f 797/604/395 798/607/395 796/605/395
f 799/606/396 800/609/396 798/607/396
f 801/608/397 802/611/397 800/609/397
f 803/610/398 804/1477/398 802/611/398
f 748/1478/341 750/1479/341 752/1480/341
f 752/1480/341 754/1481/341 756/1482/341
f 756/1482/341 758/1483/341 760/1484/341
f 760/1484/341 762/1485/341 764/1486/341
f 764/1486/341 766/1487/341 768/1488/341
f 768/1488/341 770/1489/341 772/1490/341
f 772/1490/341 774/1491/341 776/1492/341
f 776/1492/341 778/1493/341 780/612/341
f 780/612/341 782/1494/341 784/1495/341
f 786/1496/341 788/1497/341 790/1498/341
f 780/612/341 784/1495/341 786/1496/341
f 772/1490/341 776/1492/341 780/612/341
f 764/1486/341 768/1488/341 772/1490/341
f 756/1482/341 760/1484/341 764/1486/341
f 748/1478/341 752/1480/341 756/1482/341
f 808/1499/341 810/1500/341 748/1478/341
f 802/614/341 804/1501/341 806/1502/341
f 806/1502/341 808/1499/341 748/1478/341
f 748/1478/341 756/1482/341 764/1486/341
f 764/1486/341 772/1490/341 780/612/341
f 780/612/341 786/1496/341 790/1498/341
f 790/1498/341 792/1503/341 794/613/341
f 794/613/341 796/1504/341 798/1505/341
f 798/1505/341 800/1506/341 802/614/341
f 802/614/341 806/1502/341 748/1478/341
f 748/1478/341 764/1486/341 780/612/341
f 780/612/341 790/1498/341 794/613/341
f 794/613/341 798/1505/341 802/614/341
f 802/614/341 748/1478/341 780/612/341
f 819/615/385 820/1100/385 818/616/385
f 823/618/410 824/622/368 822/619/410
f 825/621/373 826/624/373 824/622/373
f 827/623/374 828/626/374 826/624/374
f 829/625/372 830/628/372 828/626/372
f 831/627/381 832/630/381 830/628/381
f 833/629/411 834/632/411 832/630/411
f 835/631/389 836/1507/389 834/632/389
f 813/1508/333 811/1509/333 873/1510/333
f 873/1510/333 871/1511/333 869/1512/333
f 869/1512/333 867/1513/333 865/633/333
f 865/633/333 863/1514/333 861/1515/333
f 861/1515/333 859/1516/333 857/1517/333
f 857/1517/333 855/1518/333 853/1519/333
f 853/1519/333 851/1520/333 849/634/333
f 849/634/333 847/1521/333 845/1522/333
f 845/1522/333 843/1523/333 841/1524/333
f 841/1524/333 839/1525/333 837/1526/333
f 837/1526/333 835/1527/333 833/1528/333
f 833/1528/333 831/1529/333 829/1530/333
f 829/1530/333 827/1531/333 825/1532/333
f 825/1532/333 823/1533/333 821/1534/333
f 819/635/333 817/1535/333 815/1536/333
f 825/1532/333 821/1534/333 819/635/333
f 833/1528/333 829/1530/333 825/1532/333
f 845/1522/333 841/1524/333 837/1526/333
f 837/1526/333 833/1528/333 825/1532/333
f 819/635/333 815/1536/333 813/1508/333
f 837/1526/333 825/1532/333 819/635/333
f 849/634/333 845/1522/333 837/1526/333
f 857/1517/333 853/1519/333 849/634/333
f 865/633/333 861/1515/333 857/1517/333
f 873/1510/333 869/1512/333 865/633/333
f 819/635/333 813/1508/333 873/1510/333
f 849/634/333 837/1526/333 819/635/333
f 865/633/333 857/1517/333 849/634/333
f 819/635/333 873/1510/333 865/633/333
f 881/636/344 877/277/344 876/279/344
f 879/638/412 885/1537/413 883/639/413
f 882/641/334 879/638/412 875/640/412
f 881/642/414 882/644/417 878/643/415
f 213/253/416 214/252/493 882/644/417
f 214/256/334 211/255/334 879/638/412
f 211/258/418 212/266/494 880/645/419
f 212/647/344 213/1538/344 881/636/344
f 885/537/421 886/665/430 884/648/422
f 889/650/424 887/1539/424 876/651/425
f 883/653/425 884/652/425 876/651/425
f 886/655/426 885/1540/426 879/656/426
f 887/658/427 889/1541/427 890/659/427
f 880/657/426 888/1542/426 890/660/426
f 887/661/428 888/1543/428 880/662/428
f 890/664/429 889/1544/429 884/648/422
f 208/666/335 891/677/335 894/667/335
f 894/669/334 893/678/334 331/670/334
f 893/672/345 892/1545/345 207/664/345
f 892/674/344 891/682/344 208/675/344
f 895/452/335 898/451/335 894/667/335
f 898/450/334 897/449/334 893/678/334
f 902/679/333 900/1546/333 892/680/333
f 896/438/344 895/437/377 891/682/344
f 902/275/345 901/1547/345 899/683/345
f 901/684/334 902/1548/334 893/678/334
f 899/685/341 901/494/341 897/686/341
f 900/687/344 899/1549/344 896/438/344
usemtl Metal
f 181/688/431 180/689/431 179/690/431
f 185/691/432 182/692/432 181/693/432
f 183/694/433 186/695/433 185/696/433
f 183/697/434 180/698/434 184/699/434
f 179/700/435 185/701/435 181/441/435
f 189/702/334 188/703/334 187/704/334
f 193/705/335 190/706/335 189/707/335
f 191/708/344 194/709/344 193/702/344
f 187/362/345 192/710/345 191/711/345
f 192/712/341 190/228/341 194/227/341
f 353/320/436 352/713/436 351/714/436
f 351/714/437 350/715/437 349/716/437
f 349/716/438 348/717/438 347/718/438
f 375/719/391 374/720/391 373/467/391
f 377/721/439 376/722/439 375/719/439
f 379/723/440 378/724/440 377/721/440
f 381/725/441 380/726/441 379/723/441
f 383/727/442 382/728/442 381/725/442
f 385/729/443 384/730/443 383/727/443
f 387/731/401 386/732/401 385/729/401
f 389/733/402 388/734/402 387/735/402
f 391/736/392 390/737/392 389/733/392
f 393/738/393 392/739/393 391/736/393
f 395/740/394 394/741/394 393/738/394
f 397/742/395 396/743/395 395/740/395
f 399/744/396 398/745/396 397/742/396
f 401/746/397 400/747/397 399/744/397
f 403/748/398 402/749/398 401/746/398
f 405/750/408 404/751/408 403/705/408
f 407/752/409 406/753/409 405/750/409
f 382/754/341 398/755/341 354/756/341
f 409/757/444 408/758/444 407/752/444
f 347/718/445 410/759/445 409/757/445
f 413/760/438 412/761/438 411/762/438
f 415/763/437 414/764/437 413/760/437
f 417/474/436 416/765/436 415/763/436
f 441/766/439 440/767/439 439/495/439
f 443/768/440 442/769/440 441/766/440
f 445/770/441 444/771/441 443/768/441
f 447/772/442 446/773/442 445/770/442
f 449/774/443 448/775/443 447/772/443
f 451/776/401 450/777/401 449/774/401
f 453/778/402 452/779/402 451/780/402
f 455/781/392 454/782/392 453/778/392
f 457/783/393 456/784/393 455/781/393
f 459/785/394 458/786/394 457/783/394
f 461/787/395 460/788/395 459/785/395
f 463/789/396 462/790/396 461/787/396
f 465/791/397 464/792/397 463/789/397
f 467/793/398 466/794/398 465/791/398
f 469/795/408 468/796/408 467/797/408
f 471/798/409 470/799/409 469/795/409
f 442/800/341 458/801/341 474/802/341
f 473/803/444 472/804/444 471/798/444
f 411/762/445 474/805/445 473/803/445
f 477/806/438 476/807/438 475/808/438
f 479/809/437 478/810/437 477/806/437
f 481/811/436 480/812/436 479/809/436
f 483/813/385 482/814/385 481/811/385
f 485/815/365 484/816/365 483/817/365
f 487/818/368 486/819/368 485/815/368
f 489/820/373 488/821/373 487/818/373
f 491/822/374 490/823/374 489/820/374
f 493/824/372 492/825/372 491/822/372
f 495/826/381 494/827/381 493/824/381
f 497/828/382 496/829/382 495/826/382
f 499/830/389 498/831/389 497/828/389
f 501/832/384 500/833/384 499/834/384
f 503/835/391 502/836/391 501/832/391
f 505/837/439 504/838/439 503/835/439
f 507/839/440 506/840/440 505/837/440
f 509/841/441 508/842/441 507/839/441
f 511/843/442 510/844/442 509/841/442
f 513/845/443 512/846/443 511/843/443
f 515/847/401 514/848/401 513/845/401
f 517/849/446 516/850/446 515/847/446
f 533/851/447 532/852/447 531/853/447
f 535/854/409 534/855/409 533/851/409
f 488/856/341 504/857/341 534/858/341
f 537/859/444 536/860/444 535/854/444
f 475/808/445 538/861/445 537/859/445
f 541/862/438 540/863/438 539/864/438
f 543/865/448 542/866/448 541/862/448
f 545/867/436 544/868/436 543/865/436
f 547/869/385 546/870/385 545/867/385
f 549/871/365 548/872/365 547/873/365
f 551/874/449 550/875/449 549/871/449
f 553/876/373 552/877/373 551/874/373
f 555/878/374 554/879/374 553/876/374
f 557/880/372 556/881/372 555/878/372
f 559/882/381 558/883/381 557/880/381
f 561/884/450 560/885/450 559/882/450
f 563/886/389 562/887/389 561/884/389
f 565/888/384 564/889/384 563/890/384
f 567/891/391 566/892/391 565/888/391
f 569/893/439 568/894/439 567/891/439
f 571/895/451 570/896/451 569/893/451
f 573/897/452 572/898/452 571/895/452
f 575/899/442 574/900/442 573/897/442
f 577/901/443 576/902/443 575/899/443
f 579/903/401 578/904/401 577/901/401
f 581/905/453 580/906/453 579/903/453
f 597/907/454 596/908/454 595/909/454
f 599/910/409 598/911/409 597/907/409
f 552/912/341 568/913/341 598/914/341
f 601/915/455 600/916/455 599/910/455
f 539/864/445 602/917/445 601/915/445
f 605/918/456 604/919/456 603/920/456
f 609/921/335 606/922/457 605/923/457
f 607/924/458 610/386/458 609/925/458
f 607/926/345 604/927/459 608/928/460
f 610/929/341 604/930/341 606/931/341
f 613/932/461 612/933/461 611/934/461
f 613/935/335 618/936/335 614/937/335
f 615/938/462 618/939/462 617/940/462
f 611/941/345 616/942/345 615/943/345
f 611/944/333 617/945/333 613/663/333
f 621/946/463 620/947/463 619/948/463
f 623/949/464 622/950/464 621/946/464
f 625/543/436 624/951/436 623/949/436
f 647/952/391 646/953/391 645/561/391
f 649/954/439 648/955/439 647/952/439
f 651/956/451 650/957/451 649/954/451
f 653/958/452 652/959/452 651/956/452
f 655/960/442 654/961/442 653/958/442
f 657/962/443 656/963/443 655/960/443
f 659/964/401 658/965/401 657/962/401
f 661/966/402 660/967/402 659/968/402
f 663/969/392 662/970/392 661/966/392
f 665/971/393 664/972/393 663/969/393
f 667/973/399 666/974/399 665/971/399
f 669/975/400 668/976/400 667/973/400
f 671/977/396 670/978/396 669/975/396
f 673/979/397 672/980/397 671/977/397
f 675/981/398 674/982/398 673/979/398
f 677/983/408 676/984/408 675/985/408
f 679/986/409 678/987/409 677/983/409
f 681/988/465 680/989/465 679/986/465
f 619/948/466 682/990/466 681/988/466
f 653/991/333 637/992/333 621/993/333
f 685/994/438 684/995/438 683/996/438
f 687/997/437 686/998/437 685/994/437
f 689/999/436 688/1000/436 687/997/436
f 691/1001/467 690/1002/467 689/999/467
f 693/1003/365 692/1004/365 691/1005/365
f 695/1006/368 694/1007/368 693/1003/368
f 697/1008/373 696/1009/373 695/1006/373
f 699/1010/374 698/1011/374 697/1008/374
f 701/1012/372 700/1013/372 699/1010/372
f 703/1014/381 702/1015/381 701/1012/381
f 705/1016/382 704/1017/382 703/1014/382
f 707/1018/389 706/1019/389 705/1016/389
f 709/1020/384 708/1021/384 707/1022/384
f 711/1023/391 710/1024/391 709/1020/391
f 713/1025/439 712/1026/439 711/1023/439
f 715/1027/440 714/1028/440 713/1025/440
f 717/1029/441 716/1030/441 715/1027/441
f 719/1031/442 718/1032/442 717/1029/442
f 721/569/443 720/1033/443 719/1031/443
f 716/1034/341 732/1035/341 684/1036/341
f 745/1037/444 744/1038/444 743/590/444
f 683/996/445 746/1039/445 745/1037/445
f 749/1040/438 748/1041/438 747/1042/438
f 751/1043/464 750/1044/464 749/1040/464
f 753/1045/436 752/1046/436 751/1043/436
f 755/1047/385 754/1048/385 753/1045/385
f 757/1049/365 756/1050/365 755/1051/365
f 759/1052/368 758/1053/368 757/1049/368
f 761/1054/373 760/1055/373 759/1052/373
f 763/1056/374 762/1057/374 761/1054/374
f 765/1058/372 764/1059/372 763/1056/372
f 767/1060/381 766/1061/381 765/1058/381
f 769/1062/382 768/1063/382 767/1060/382
f 771/1064/389 770/1065/389 769/1062/389
f 773/1066/384 772/1067/384 771/1068/384
f 775/1069/391 774/1070/391 773/1066/391
f 777/1071/439 776/1072/439 775/1069/439
f 779/1073/440 778/1074/440 777/1071/440
f 781/1075/441 780/1076/441 779/1073/441
f 783/1077/442 782/1078/442 781/1075/442
f 785/1079/443 784/1080/443 783/1077/443
f 787/567/468 786/1081/468 785/1079/468
f 805/1082/469 804/1083/469 803/1084/469
f 807/1085/409 806/1086/409 805/1082/470
f 809/1087/465 808/1088/465 807/1085/465
f 747/1042/445 810/1089/445 809/1087/445
f 785/1090/333 765/1091/333 749/1092/333
f 813/1093/438 812/1094/438 811/1095/438
f 815/1096/437 814/1097/437 813/1093/437
f 817/617/471 816/1098/471 815/1096/471
f 821/1099/472 820/1100/472 819/615/472
f 837/1101/473 836/1102/473 835/1103/473
f 839/1104/474 838/1105/474 837/1101/474
f 841/1106/439 840/1107/439 839/1104/439
f 843/1108/440 842/1109/440 841/1106/440
f 845/1110/441 844/1111/441 843/1108/441
f 847/1112/442 846/1113/442 845/1110/442
f 849/1114/443 848/1115/443 847/1112/443
f 851/1116/401 850/1117/401 849/1114/401
f 853/1118/402 852/1119/402 851/1120/402
f 855/1121/475 854/1122/475 853/1118/475
f 857/1123/393 856/1124/393 855/1121/393
f 859/1125/399 858/1126/399 857/1123/399
f 861/1127/400 860/1128/400 859/1125/400
f 863/1129/396 862/1130/396 861/1127/396
f 865/1131/407 864/1132/407 863/1129/407
f 867/1133/398 866/1134/398 865/1131/398
f 869/1135/408 868/1136/408 867/1137/408
f 871/1138/409 870/1139/409 869/1135/409
f 838/1140/341 850/1141/341 866/1142/341
f 873/1143/444 872/1144/444 871/1138/444
f 811/1095/445 874/1145/445 873/1143/445
f 181/688/431 182/1550/431 180/689/431
f 185/691/432 186/699/432 182/692/432
f 183/694/433 184/1551/433 186/695/433
f 183/697/434 179/1084/434 180/698/434
f 179/700/435 183/1552/435 185/701/435
f 189/702/334 190/709/334 188/703/334
f 193/705/335 194/1553/335 190/706/335
f 191/708/344 192/1554/344 194/709/344
f 187/362/345 188/706/345 192/710/345
f 192/712/341 188/539/341 190/228/341
f 353/320/436 354/319/436 352/713/436
f 351/714/437 352/713/437 350/715/437
f 349/716/438 350/715/438 348/717/438
f 375/719/391 376/722/391 374/720/391
f 377/721/439 378/724/439 376/722/439
f 379/723/440 380/726/440 378/724/440
f 381/725/441 382/728/441 380/726/441
f 383/727/442 384/730/442 382/728/442
f 385/729/443 386/732/443 384/730/443
f 387/731/401 388/1555/401 386/732/401
f 389/733/402 390/737/402 388/734/402
f 391/736/392 392/739/392 390/737/392
f 393/738/393 394/741/393 392/739/393
f 395/740/394 396/743/394 394/741/394
f 397/742/395 398/745/395 396/743/395
f 399/744/396 400/747/396 398/745/396
f 401/746/397 402/749/397 400/747/397
f 403/748/398 404/1556/398 402/749/398
f 405/750/408 406/753/408 404/751/408
f 407/752/409 408/758/409 406/753/409
f 358/1557/341 360/1558/341 362/1559/341
f 362/1559/341 364/1560/341 366/1561/341
f 366/1561/341 368/1562/341 370/1563/341
f 372/1564/341 374/1565/341 376/1566/341
f 366/1561/341 370/1563/341 372/1564/341
f 358/1557/341 362/1559/341 366/1561/341
f 354/756/341 356/1567/341 358/1557/341
f 350/1568/341 352/1569/341 354/756/341
f 410/1570/341 348/1571/341 350/1568/341
f 406/1572/341 408/1573/341 410/1570/341
f 402/1574/341 404/1575/341 406/1572/341
f 398/755/341 400/1576/341 402/1574/341
f 394/1577/341 396/1578/341 398/755/341
f 390/1579/341 392/1580/341 394/1577/341
f 386/1581/341 388/1582/341 390/1579/341
f 382/754/341 384/1583/341 386/1581/341
f 378/1584/341 380/1585/341 382/754/341
f 372/1564/341 376/1566/341 378/1584/341
f 358/1557/341 366/1561/341 372/1564/341
f 410/1570/341 350/1568/341 354/756/341
f 354/756/341 358/1557/341 372/1564/341
f 372/1564/341 378/1584/341 382/754/341
f 382/754/341 386/1581/341 390/1579/341
f 390/1579/341 394/1577/341 398/755/341
f 398/755/341 402/1574/341 406/1572/341
f 406/1572/341 410/1570/341 354/756/341
f 354/756/341 372/1564/341 382/754/341
f 382/754/341 390/1579/341 398/755/341
f 398/755/341 406/1572/341 354/756/341
f 409/757/444 410/759/444 408/758/444
f 347/718/445 348/717/445 410/759/445
f 413/760/438 414/764/438 412/761/438
f 415/763/437 416/765/437 414/764/437
f 417/474/436 418/473/436 416/765/436
f 441/766/439 442/769/439 440/767/439
f 443/768/440 444/771/440 442/769/440
f 445/770/441 446/773/441 444/771/441
f 447/772/442 448/775/442 446/773/442
f 449/774/443 450/777/443 448/775/443
f 451/776/401 452/1586/401 450/777/401
f 453/778/402 454/782/402 452/779/402
f 455/781/392 456/784/392 454/782/392
f 457/783/393 458/786/393 456/784/393
f 459/785/394 460/788/394 458/786/394
f 461/787/395 462/790/395 460/788/395
f 463/789/396 464/792/396 462/790/396
f 465/791/397 466/794/397 464/792/397
f 467/793/398 468/1587/398 466/794/398
f 469/795/408 470/799/408 468/796/408
f 471/798/409 472/804/409 470/799/409
f 412/1588/341 414/1589/341 416/1590/341
f 416/1590/341 418/1591/341 420/1592/341
f 420/1592/341 422/1593/341 424/1594/341
f 424/1594/341 426/1595/341 428/1596/341
f 428/1596/341 430/1597/341 432/1598/341
f 432/1598/341 434/1599/341 436/1600/341
f 438/1601/341 440/1602/341 442/800/341
f 432/1598/341 436/1600/341 438/1601/341
f 424/1594/341 428/1596/341 432/1598/341
f 412/1588/341 416/1590/341 420/1592/341
f 420/1592/341 424/1594/341 432/1598/341
f 432/1598/341 438/1601/341 442/800/341
f 442/800/341 444/1603/341 446/1604/341
f 446/1604/341 448/1605/341 450/1606/341
f 450/1606/341 452/1607/341 454/1608/341
f 454/1608/341 456/1609/341 458/801/341
f 458/801/341 460/1610/341 462/1611/341
f 462/1611/341 464/1612/341 466/1613/341
f 466/1613/341 468/1614/341 470/1615/341
f 470/1615/341 472/1616/341 474/802/341
f 474/802/341 412/1588/341 420/1592/341
f 420/1592/341 432/1598/341 442/800/341
f 442/800/341 446/1604/341 450/1606/341
f 450/1606/341 454/1608/341 458/801/341
f 458/801/341 462/1611/341 466/1613/341
f 466/1613/341 470/1615/341 474/802/341
f 474/802/341 420/1592/341 442/800/341
f 442/800/341 450/1606/341 458/801/341
f 458/801/341 466/1613/341 474/802/341
f 473/803/444 474/805/444 472/804/444
f 411/762/445 412/761/445 474/805/445
f 477/806/438 478/810/438 476/807/438
f 479/809/437 480/812/437 478/810/437
f 481/811/436 482/814/436 480/812/436
f 483/813/385 484/1617/385 482/814/385
f 485/815/365 486/819/365 484/816/365
f 487/818/368 488/821/368 486/819/368
f 489/820/373 490/823/373 488/821/373
f 491/822/374 492/825/374 490/823/374
f 493/824/372 494/827/372 492/825/372
f 495/826/381 496/829/381 494/827/381
f 497/828/382 498/831/382 496/829/382
f 499/830/389 500/1618/389 498/831/389
f 501/832/384 502/836/384 500/833/384
f 503/835/391 504/838/391 502/836/391
f 505/837/439 506/840/439 504/838/439
f 507/839/440 508/842/440 506/840/440
f 509/841/441 510/844/441 508/842/441
f 511/843/442 512/846/442 510/844/442
f 513/845/443 514/848/443 512/846/443
f 515/847/401 516/850/401 514/848/401
f 517/849/446 518/1619/446 516/850/446
f 533/851/447 534/855/447 532/852/447
f 535/854/409 536/860/409 534/855/409
f 476/1620/341 478/1621/341 480/1622/341
f 480/1622/341 482/1623/341 484/1624/341
f 484/1624/341 486/1625/341 488/856/341
f 488/856/341 490/1626/341 492/1627/341
f 492/1627/341 494/1628/341 496/1629/341
f 496/1629/341 498/1630/341 500/1631/341
f 500/1631/341 502/1632/341 504/857/341
f 504/857/341 506/1633/341 508/1634/341
f 508/1634/341 510/1635/341 512/1636/341
f 512/1636/341 514/1637/341 516/1638/341
f 516/1638/341 518/1639/341 520/1640/341
f 520/1640/341 522/1641/341 524/1642/341
f 524/1642/341 526/1643/341 528/1644/341
f 528/1644/341 530/1645/341 532/1646/341
f 534/858/341 536/1647/341 538/1648/341
f 528/1644/341 532/1646/341 534/858/341
f 520/1640/341 524/1642/341 528/1644/341
f 508/1634/341 512/1636/341 516/1638/341
f 516/1638/341 520/1640/341 528/1644/341
f 534/858/341 538/1648/341 476/1620/341
f 516/1638/341 528/1644/341 534/858/341
f 504/857/341 508/1634/341 516/1638/341
f 496/1629/341 500/1631/341 504/857/341
f 488/856/341 492/1627/341 496/1629/341
f 480/1622/341 484/1624/341 488/856/341
f 534/858/341 476/1620/341 480/1622/341
f 504/857/341 516/1638/341 534/858/341
f 488/856/341 496/1629/341 504/857/341
f 534/858/341 480/1622/341 488/856/341
f 537/859/444 538/861/444 536/860/444
f 475/808/445 476/807/445 538/861/445
f 541/862/438 542/866/438 540/863/438
f 543/865/448 544/868/448 542/866/448
f 545/867/436 546/870/436 544/868/436
f 547/869/385 548/886/385 546/870/385
f 549/871/365 550/875/365 548/872/365
f 551/874/449 552/877/449 550/875/449
f 553/876/373 554/879/373 552/877/373
f 555/878/374 556/881/374 554/879/374
f 557/880/372 558/883/372 556/881/372
f 559/882/381 560/885/381 558/883/381
f 561/884/450 562/887/450 560/885/450
f 563/886/389 564/869/389 562/887/389
f 565/888/384 566/892/384 564/889/384
f 567/891/391 568/894/391 566/892/391
f 569/893/439 570/896/439 568/894/439
f 571/895/451 572/898/451 570/896/451
f 573/897/452 574/900/452 572/898/452
f 575/899/442 576/902/442 574/900/442
f 577/901/443 578/904/443 576/902/443
f 579/903/401 580/906/401 578/904/401
f 581/905/453 582/1649/453 580/906/453
f 597/907/454 598/911/454 596/908/454
f 599/910/409 600/916/409 598/911/409
f 540/1650/341 542/1651/341 544/1652/341
f 544/1652/341 546/1653/341 548/1654/341
f 548/1654/341 550/1655/341 552/912/341
f 552/912/341 554/1656/341 556/1657/341
f 556/1657/341 558/1658/341 560/1659/341
f 560/1659/341 562/1660/341 564/1661/341
f 564/1661/341 566/1662/341 568/913/341
f 568/913/341 570/1663/341 572/1664/341
f 572/1664/341 574/1665/341 576/1666/341
f 576/1666/341 578/1667/341 580/1668/341
f 580/1668/341 582/1669/341 584/1670/341
f 584/1670/341 586/1671/341 588/1672/341
f 588/1672/341 590/1673/341 592/1674/341
f 592/1674/341 594/1675/341 596/1676/341
f 598/914/341 600/1677/341 602/1678/341
f 592/1674/341 596/1676/341 598/914/341
f 584/1670/341 588/1672/341 592/1674/341
f 572/1664/341 576/1666/341 580/1668/341
f 580/1668/341 584/1670/341 592/1674/341
f 598/914/341 602/1678/341 540/1650/341
f 580/1668/341 592/1674/341 598/914/341
f 568/913/341 572/1664/341 580/1668/341
f 560/1659/341 564/1661/341 568/913/341
f 552/912/341 556/1657/341 560/1659/341
f 544/1652/341 548/1654/341 552/912/341
f 598/914/341 540/1650/341 544/1652/341
f 568/913/341 580/1668/341 598/914/341
f 552/912/341 560/1659/341 568/913/341
f 598/914/341 544/1652/341 552/912/341
f 601/915/455 602/917/455 600/916/455
f 539/864/445 540/863/445 602/917/445
f 605/918/456 606/1679/456 604/919/456
f 609/921/335 610/1680/495 606/922/457
f 607/924/458 608/1681/458 610/386/458
f 607/926/345 603/1682/459 604/927/459
f 610/929/341 608/1683/341 604/930/341
f 613/932/461 614/939/461 612/933/461
f 613/935/335 617/943/335 618/936/335
f 615/938/462 616/1684/462 618/939/462
f 611/941/345 612/1685/345 616/942/345
f 611/944/333 615/1686/333 617/945/333
f 621/946/463 622/950/463 620/947/463
f 623/949/464 624/951/464 622/950/464
f 625/543/436 626/542/436 624/951/436
f 647/952/391 648/955/391 646/953/391
f 649/954/439 650/957/439 648/955/439
f 651/956/451 652/959/451 650/957/451
f 653/958/452 654/961/452 652/959/452
f 655/960/442 656/963/442 654/961/442
f 657/962/443 658/965/443 656/963/443
f 659/964/401 660/1687/401 658/965/401
f 661/966/402 662/970/402 660/967/402
f 663/969/392 664/972/392 662/970/392
f 665/971/393 666/974/393 664/972/393
f 667/973/399 668/976/399 666/974/399
f 669/975/400 670/978/400 668/976/400
f 671/977/396 672/980/396 670/978/396
f 673/979/397 674/982/397 672/980/397
f 675/981/398 676/1688/398 674/982/398
f 677/983/408 678/987/408 676/984/408
f 679/986/409 680/989/409 678/987/409
f 681/988/465 682/990/465 680/989/465
f 619/948/466 620/947/466 682/990/466
f 621/993/333 619/1689/333 681/1690/333
f 681/1690/333 679/1691/333 677/1692/333
f 677/1692/333 675/1693/333 673/1694/333
f 673/1694/333 671/1695/333 669/1696/333
f 669/1696/333 667/1697/333 665/1698/333
f 665/1698/333 663/1699/333 661/1700/333
f 661/1700/333 659/1701/333 657/1702/333
f 657/1702/333 655/1703/333 653/991/333
f 653/991/333 651/1704/333 649/1705/333
f 649/1705/333 647/1706/333 645/1707/333
f 645/1707/333 643/1708/333 641/1709/333
f 641/1709/333 639/1710/333 637/992/333
f 637/992/333 635/1711/333 633/1712/333
f 633/1712/333 631/1713/333 629/1714/333
f 629/1714/333 627/1715/333 625/1716/333
f 625/1716/333 623/1717/333 621/993/333
f 621/993/333 681/1690/333 677/1692/333
f 677/1692/333 673/1694/333 669/1696/333
f 669/1696/333 665/1698/333 661/1700/333
f 661/1700/333 657/1702/333 653/991/333
f 653/991/333 649/1705/333 645/1707/333
f 645/1707/333 641/1709/333 637/992/333
f 637/992/333 633/1712/333 629/1714/333
f 629/1714/333 625/1716/333 621/993/333
f 621/993/333 677/1692/333 669/1696/333
f 669/1696/333 661/1700/333 653/991/333
f 653/991/333 645/1707/333 637/992/333
f 637/992/333 629/1714/333 621/993/333
f 621/993/333 669/1696/333 653/991/333
f 685/994/438 686/998/438 684/995/438
f 687/997/437 688/1000/437 686/998/437
f 689/999/436 690/1002/436 688/1000/436
f 691/1001/467 692/1718/467 690/1002/467
f 693/1003/365 694/1007/365 692/1004/365
f 695/1006/368 696/1009/368 694/1007/368
f 697/1008/373 698/1011/373 696/1009/373
f 699/1010/374 700/1013/374 698/1011/374
f 701/1012/372 702/1015/372 700/1013/372
f 703/1014/381 704/1017/381 702/1015/381
f 705/1016/382 706/1019/382 704/1017/382
f 707/1018/389 708/1149/389 706/1019/389
f 709/1020/384 710/1024/384 708/1021/384
f 711/1023/391 712/1026/391 710/1024/391
f 713/1025/439 714/1028/439 712/1026/439
f 715/1027/440 716/1030/440 714/1028/440
f 717/1029/441 718/1032/441 716/1030/441
f 719/1031/442 720/1033/442 718/1032/442
f 721/569/443 722/568/443 720/1033/443
f 684/1036/341 686/1719/341 688/1720/341
f 688/1720/341 690/1721/341 692/1722/341
f 692/1722/341 694/1723/341 696/1724/341
f 696/1724/341 698/1725/341 700/1726/341
f 700/1726/341 702/1727/341 704/1728/341
f 704/1728/341 706/1464/341 708/1463/341
f 708/1463/341 710/1729/341 712/1730/341
f 712/1730/341 714/1731/341 716/1034/341
f 716/1034/341 718/1732/341 720/1733/341
f 720/1733/341 722/1734/341 724/1735/341
f 724/1735/341 726/1736/341 728/1737/341
f 728/1737/341 730/1738/341 732/1035/341
f 732/1035/341 734/1739/341 736/1740/341
f 736/1740/341 738/1741/341 740/1742/341
f 740/1742/341 742/1743/341 744/1744/341
f 744/1744/341 746/1745/341 684/1036/341
f 684/1036/341 688/1720/341 692/1722/341
f 692/1722/341 696/1724/341 700/1726/341
f 700/1726/341 704/1728/341 708/1463/341
f 708/1463/341 712/1730/341 716/1034/341
f 716/1034/341 720/1733/341 724/1735/341
f 724/1735/341 728/1737/341 732/1035/341
f 732/1035/341 736/1740/341 740/1742/341
f 740/1742/341 744/1744/341 684/1036/341
f 684/1036/341 692/1722/341 700/1726/341
f 700/1726/341 708/1463/341 716/1034/341
f 716/1034/341 724/1735/341 732/1035/341
f 732/1035/341 740/1742/341 684/1036/341
f 684/1036/341 700/1726/341 716/1034/341
f 745/1037/444 746/1039/444 744/1038/444
f 683/996/445 684/995/445 746/1039/445
f 749/1040/438 750/1044/438 748/1041/438
f 751/1043/464 752/1046/464 750/1044/464
f 753/1045/436 754/1048/436 752/1046/436
f 755/1047/385 756/1746/385 754/1048/385
f 757/1049/365 758/1053/365 756/1050/365
f 759/1052/368 760/1055/368 758/1053/368
f 761/1054/373 762/1057/373 760/1055/373
f 763/1056/374 764/1059/374 762/1057/374
f 765/1058/372 766/1061/372 764/1059/372
f 767/1060/381 768/1063/381 766/1061/381
f 769/1062/382 770/1065/382 768/1063/382
f 771/1064/389 772/418/389 770/1065/389
f 773/1066/384 774/1070/384 772/1067/384
f 775/1069/391 776/1072/391 774/1070/391
f 777/1071/439 778/1074/439 776/1072/439
f 779/1073/440 780/1076/440 778/1074/440
f 781/1075/441 782/1078/441 780/1076/441
f 783/1077/442 784/1080/442 782/1078/442
f 785/1079/443 786/1081/443 784/1080/443
f 787/567/468 788/1747/468 786/1081/468
f 805/1082/469 806/1086/469 804/1083/469
f 807/1085/409 808/1088/409 806/1086/409
f 809/1087/465 810/1089/465 808/1088/465
f 747/1042/445 748/1041/445 810/1089/445
f 749/1092/333 747/1748/333 809/1749/333
f 809/1749/333 807/1750/333 805/1751/333
f 805/1751/333 803/1752/333 801/1753/333
f 801/1753/333 799/1754/333 797/1755/333
f 797/1755/333 795/1756/333 793/1757/333
f 793/1757/333 791/1758/333 789/1759/333
f 789/1759/333 787/1760/333 785/1090/333
f 785/1090/333 783/1761/333 781/1762/333
f 781/1762/333 779/1763/333 777/1764/333
f 777/1764/333 775/1765/333 773/1766/333
f 773/1766/333 771/1767/333 769/1768/333
f 769/1768/333 767/1769/333 765/1091/333
f 765/1091/333 763/1770/333 761/1771/333
f 761/1771/333 759/1772/333 757/1773/333
f 757/1773/333 755/1774/333 753/1775/333
f 753/1775/333 751/1776/333 749/1092/333
f 749/1092/333 809/1749/333 805/1751/333
f 805/1751/333 801/1753/333 797/1755/333
f 797/1755/333 793/1757/333 789/1759/333
f 785/1090/333 781/1762/333 777/1764/333
f 797/1755/333 789/1759/333 785/1090/333
f 749/1092/333 805/1751/333 797/1755/333
f 757/1773/333 753/1775/333 749/1092/333
f 765/1091/333 761/1771/333 757/1773/333
f 773/1766/333 769/1768/333 765/1091/333
f 785/1090/333 777/1764/333 773/1766/333
f 749/1092/333 797/1755/333 785/1090/333
f 765/1091/333 757/1773/333 749/1092/333
f 785/1090/333 773/1766/333 765/1091/333
f 813/1093/438 814/1097/438 812/1094/438
f 815/1096/437 816/1098/437 814/1097/437
f 817/617/471 818/616/471 816/1098/471
f 821/1099/472 822/1777/472 820/1100/472
f 837/1101/473 838/1105/473 836/1102/473
f 839/1104/474 840/1107/474 838/1105/474
f 841/1106/439 842/1109/439 840/1107/439
f 843/1108/440 844/1111/440 842/1109/440
f 845/1110/441 846/1113/441 844/1111/441
f 847/1112/442 848/1115/442 846/1113/442
f 849/1114/443 850/1117/443 848/1115/443
f 851/1116/401 852/1778/401 850/1117/401
f 853/1118/402 854/1122/402 852/1119/402
f 855/1121/475 856/1124/475 854/1122/475
f 857/1123/393 858/1126/393 856/1124/393
f 859/1125/399 860/1128/399 858/1126/399
f 861/1127/400 862/1130/400 860/1128/400
f 863/1129/396 864/1132/396 862/1130/396
f 865/1131/407 866/1134/407 864/1132/407
f 867/1133/398 868/1779/398 866/1134/398
f 869/1135/408 870/1139/408 868/1136/408
f 871/1138/409 872/1144/409 870/1139/409
f 812/1780/341 814/1781/341 816/1782/341
f 816/1782/341 818/1783/341 820/1784/341
f 820/1784/341 822/1785/341 824/1786/341
f 824/1786/341 826/1787/341 828/1788/341
f 828/1788/341 830/1789/341 832/1790/341
f 832/1790/341 834/1791/341 836/1792/341
f 838/1140/341 840/1793/341 842/1794/341
f 832/1790/341 836/1792/341 838/1140/341
f 824/1786/341 828/1788/341 832/1790/341
f 812/1780/341 816/1782/341 820/1784/341
f 820/1784/341 824/1786/341 832/1790/341
f 838/1140/341 842/1794/341 844/1795/341
f 820/1784/341 832/1790/341 838/1140/341
f 874/1796/341 812/1780/341 820/1784/341
f 870/1797/341 872/1798/341 874/1796/341
f 866/1142/341 868/1799/341 870/1797/341
f 862/1800/341 864/1801/341 866/1142/341
f 858/1802/341 860/1803/341 862/1800/341
f 854/1804/341 856/1805/341 858/1802/341
f 850/1141/341 852/1806/341 854/1804/341
f 846/1807/341 848/1808/341 850/1141/341
f 838/1140/341 844/1795/341 846/1807/341
f 874/1796/341 820/1784/341 838/1140/341
f 866/1142/341 870/1797/341 874/1796/341
f 858/1802/341 862/1800/341 866/1142/341
f 850/1141/341 854/1804/341 858/1802/341
f 838/1140/341 846/1807/341 850/1141/341
f 866/1142/341 874/1796/341 838/1140/341
f 850/1141/341 858/1802/341 866/1142/341
f 873/1143/444 874/1145/444 872/1144/444
f 811/1095/445 812/1094/445 874/1145/445
