# Blender 4.2.3 LTS
# www.blender.org
mtllib harmonica.mtl
o Cube
v 0.750806 0.002136 -0.412976
v 0.750806 -0.016128 -0.412976
v 0.752333 0.002136 -0.001754
v 0.752333 -0.016128 -0.001754
v -0.753707 0.001424 -0.416029
v -0.753707 -0.016840 -0.416029
v -0.752180 0.001424 -0.004806
v -0.752180 -0.016840 -0.004806
v 0.753350 -0.121120 -0.414592
v 0.753350 -0.138979 -0.414592
v 0.753350 -0.121120 -0.003043
v 0.753350 -0.138979 -0.003043
v -0.752739 -0.121120 -0.414592
v -0.752739 -0.138979 -0.414592
v -0.752739 -0.121120 -0.003043
v -0.752739 -0.138979 -0.003043
v -0.752746 -0.121642 -0.003248
v -0.752746 -0.016620 -0.003248
v -0.752746 -0.121642 -0.414338
v -0.752746 -0.016620 -0.414338
v -0.561991 -0.121397 -0.001586
v -0.561991 -0.016620 -0.001743
v -0.561991 -0.121642 -0.414338
v -0.561991 -0.016620 -0.414338
v -0.752746 -0.024697 -0.003248
v -0.752746 -0.037416 -0.414338
v -0.561991 -0.037416 -0.414338
v -0.561991 -0.024697 -0.001743
v 0.578187 -0.016620 -0.414338
v 0.578187 -0.016620 -0.001743
v 0.578187 -0.037416 -0.414338
v 0.578187 -0.024697 -0.001743
v -0.752746 -0.107398 -0.414338
v -0.561991 -0.107398 -0.413815
v -0.561991 -0.105002 -0.001064
v -0.752746 -0.105247 -0.003248
v 0.577910 -0.107398 -0.413815
v 0.577910 -0.121642 -0.414338
v 0.577910 -0.121397 -0.001586
v 0.577910 -0.105002 -0.001064
v -0.752746 -0.024697 -0.003248
v -0.752746 -0.037416 -0.414338
v -0.561991 -0.037416 -0.414338
v -0.561991 -0.024697 -0.003248
v -0.501981 -0.037416 -0.414338
v -0.441972 -0.037416 -0.414338
v -0.381963 -0.037416 -0.414338
v -0.321953 -0.037416 -0.414338
v -0.261944 -0.037416 -0.414338
v -0.201935 -0.037416 -0.414338
v -0.141925 -0.037416 -0.414338
v -0.081916 -0.037416 -0.414338
v -0.021906 -0.037416 -0.414338
v 0.038103 -0.037416 -0.414338
v 0.098112 -0.037416 -0.414338
v 0.158122 -0.037416 -0.414338
v 0.218131 -0.037416 -0.414338
v 0.278140 -0.037416 -0.414338
v 0.338150 -0.037416 -0.414338
v 0.398159 -0.037416 -0.414338
v 0.458169 -0.037416 -0.414338
v 0.518178 -0.037416 -0.414338
v 0.518178 -0.024697 -0.003767
v 0.458169 -0.024697 -0.003767
v 0.398159 -0.024697 -0.003767
v 0.338150 -0.024697 -0.003767
v 0.278140 -0.024697 -0.003767
v 0.218131 -0.024697 -0.003767
v 0.158122 -0.024697 -0.003767
v 0.098112 -0.024697 -0.003767
v 0.038103 -0.024697 -0.003767
v -0.021906 -0.024697 -0.003767
v -0.081916 -0.024697 -0.003767
v -0.141925 -0.024697 -0.003767
v -0.201935 -0.024697 -0.003767
v -0.261944 -0.024697 -0.003767
v -0.321953 -0.024697 -0.003767
v -0.381963 -0.024697 -0.003767
v -0.441972 -0.024697 -0.003767
v -0.501981 -0.024697 -0.003767
v 0.518178 -0.016620 -0.001743
v 0.458169 -0.016620 -0.001743
v 0.398159 -0.016620 -0.001743
v 0.338150 -0.016620 -0.001743
v 0.278140 -0.016620 -0.001743
v 0.218131 -0.016620 -0.001743
v 0.158122 -0.016620 -0.001743
v 0.098112 -0.016620 -0.001743
v 0.038103 -0.016620 -0.001743
v -0.021906 -0.016620 -0.001743
v -0.081916 -0.016620 -0.001743
v -0.141925 -0.016620 -0.001743
v -0.201935 -0.016620 -0.001743
v -0.261944 -0.016620 -0.001743
v -0.321953 -0.016620 -0.001743
v -0.381963 -0.016620 -0.001743
v -0.441972 -0.016620 -0.001743
v -0.501981 -0.016620 -0.001743
v -0.501981 -0.016620 -0.414338
v -0.441972 -0.016620 -0.414338
v -0.381963 -0.016620 -0.414338
v -0.321953 -0.016620 -0.414338
v -0.261944 -0.016620 -0.414338
v -0.201935 -0.016620 -0.414338
v -0.141925 -0.016620 -0.414338
v -0.081916 -0.016620 -0.414338
v -0.021906 -0.016620 -0.414338
v 0.038103 -0.016620 -0.414338
v 0.098112 -0.016620 -0.414338
v 0.158122 -0.016620 -0.414338
v 0.218131 -0.016620 -0.414338
v 0.278140 -0.016620 -0.414338
v 0.338150 -0.016620 -0.414338
v 0.398159 -0.016620 -0.414338
v 0.458169 -0.016620 -0.414338
v 0.518178 -0.016620 -0.414338
v -0.501981 -0.117716 -0.411853
v -0.441972 -0.117716 -0.411853
v -0.381963 -0.117716 -0.411853
v -0.321953 -0.117716 -0.411853
v -0.261944 -0.117716 -0.411853
v -0.201935 -0.117716 -0.411853
v -0.141925 -0.117716 -0.411853
v -0.081916 -0.117716 -0.411853
v -0.021906 -0.117716 -0.411853
v 0.038103 -0.117716 -0.411853
v 0.098112 -0.117716 -0.411853
v 0.158122 -0.117716 -0.411853
v 0.218131 -0.117716 -0.411853
v 0.278140 -0.117716 -0.411853
v 0.338150 -0.117716 -0.411853
v 0.398159 -0.117716 -0.411853
v 0.458169 -0.117716 -0.411853
v 0.518178 -0.117716 -0.411853
v 0.518178 -0.104996 -0.001282
v 0.458169 -0.104996 -0.001282
v 0.398159 -0.104996 -0.001282
v 0.338150 -0.104996 -0.001282
v 0.278140 -0.104996 -0.001282
v 0.218131 -0.104996 -0.001282
v 0.158122 -0.104996 -0.001282
v 0.098112 -0.104996 -0.001282
v 0.038103 -0.104996 -0.001282
v -0.021906 -0.104996 -0.001282
v -0.081916 -0.104996 -0.001282
v -0.141925 -0.104996 -0.001282
v -0.201935 -0.104996 -0.001282
v -0.261944 -0.104996 -0.001282
v -0.321953 -0.104996 -0.001282
v -0.381963 -0.104996 -0.001282
v -0.441972 -0.104996 -0.001282
v -0.501981 -0.104996 -0.001282
v 0.752620 -0.016615 -0.414338
v 0.752620 -0.016615 -0.001743
v 0.752620 -0.037412 -0.414338
v 0.752620 -0.024692 -0.001743
v 0.578190 -0.133863 -0.411364
v 0.578190 -0.121143 0.001230
v 0.752623 -0.133858 -0.411364
v 0.752623 -0.121139 0.001230
v 0.578190 -0.105681 -0.414338
v 0.578190 -0.105681 -0.001743
v 0.752622 -0.105676 -0.414338
v 0.752622 -0.105676 -0.001743
v 0.578190 -0.122522 -0.414338
v 0.578190 -0.122522 -0.001743
v 0.752623 -0.122518 -0.414338
v 0.752623 -0.122518 -0.001743
v -0.630793 -0.003446 -0.164073
v -0.630793 0.015678 -0.164073
v -0.619027 -0.003446 -0.162914
v -0.619027 0.015678 -0.162914
v -0.607712 -0.003446 -0.159482
v -0.607712 0.015678 -0.159482
v -0.597284 -0.003446 -0.153908
v -0.597284 0.015678 -0.153908
v -0.539913 -0.003446 -0.146407
v -0.539913 0.015678 -0.146407
v -0.532412 -0.003446 -0.137267
v -0.532412 0.015678 -0.137267
v -0.526838 -0.003446 -0.126840
v -0.526838 0.015678 -0.126840
v -0.523406 -0.003446 -0.115525
v -0.523406 0.015678 -0.115525
v -0.522247 -0.003446 -0.103758
v -0.522247 0.015678 -0.103758
v -0.523406 -0.003446 -0.091992
v -0.523406 0.015678 -0.091992
v -0.526838 -0.003446 -0.080677
v -0.526838 0.015678 -0.080677
v -0.532412 -0.003446 -0.070249
v -0.532412 0.015678 -0.070249
v -0.588144 -0.003446 -0.061110
v -0.588144 0.015678 -0.061110
v -0.597284 -0.003446 -0.053609
v -0.597284 0.015678 -0.053609
v -0.607712 -0.003446 -0.048035
v -0.607712 0.015678 -0.048035
v -0.619027 -0.003446 -0.044603
v -0.619027 0.015678 -0.044603
v -0.630793 -0.003446 -0.043444
v -0.630793 0.015678 -0.043444
v -0.642560 -0.003446 -0.044603
v -0.642560 0.015678 -0.044603
v -0.653875 -0.003446 -0.048035
v -0.653875 0.015678 -0.048035
v -0.664302 -0.003446 -0.053609
v -0.664302 0.015678 -0.053609
v -0.673442 -0.003446 -0.061110
v -0.673442 0.015678 -0.061110
v -0.680943 -0.003446 -0.070249
v -0.680943 0.015678 -0.070249
v -0.686517 -0.003446 -0.080677
v -0.686517 0.015678 -0.080677
v -0.689949 -0.003446 -0.091992
v -0.689949 0.015678 -0.091992
v -0.691108 -0.003446 -0.103758
v -0.691108 0.015678 -0.103758
v -0.689949 -0.003446 -0.115525
v -0.689949 0.015678 -0.115525
v -0.686517 -0.003446 -0.126840
v -0.686517 0.015678 -0.126840
v -0.680943 -0.003446 -0.137267
v -0.680943 0.015678 -0.137267
v -0.673442 -0.003446 -0.146407
v -0.673442 0.015678 -0.146407
v -0.664302 -0.003446 -0.153908
v -0.664302 0.015678 -0.153908
v -0.653875 -0.003446 -0.159482
v -0.653875 0.015678 -0.159482
v -0.642560 -0.003446 -0.162914
v -0.642560 0.015678 -0.162914
v -0.631040 -0.001868 -0.366583
v -0.631040 0.018535 -0.366583
v -0.619289 -0.001868 -0.365426
v -0.619289 0.018535 -0.365426
v -0.607991 -0.001868 -0.361999
v -0.607991 0.018535 -0.361999
v -0.597578 -0.001868 -0.356433
v -0.597578 0.018535 -0.356433
v -0.588451 -0.001868 -0.348943
v -0.588451 0.018535 -0.348943
v -0.540242 -0.001868 -0.339816
v -0.540242 0.018535 -0.339816
v -0.534677 -0.001868 -0.329403
v -0.534677 0.018535 -0.329403
v -0.531249 -0.001868 -0.318104
v -0.531249 0.018535 -0.318104
v -0.530092 -0.001868 -0.306354
v -0.530092 0.018535 -0.306354
v -0.531249 -0.001868 -0.294604
v -0.531249 0.018535 -0.294604
v -0.534677 -0.001868 -0.283305
v -0.534677 0.018535 -0.283305
v -0.540242 -0.001868 -0.272892
v -0.540242 0.018535 -0.272892
v -0.547733 -0.001868 -0.263765
v -0.547733 0.018535 -0.263765
v -0.597578 -0.001868 -0.256275
v -0.597578 0.018535 -0.256275
v -0.607991 -0.001868 -0.250709
v -0.607991 0.018535 -0.250709
v -0.619289 -0.001868 -0.247282
v -0.619289 0.018535 -0.247282
v -0.631040 -0.001868 -0.246125
v -0.631040 0.018535 -0.246125
v -0.642790 -0.001868 -0.247282
v -0.642790 0.018535 -0.247282
v -0.654088 -0.001868 -0.250709
v -0.654088 0.018535 -0.250709
v -0.664501 -0.001868 -0.256275
v -0.664501 0.018535 -0.256275
v -0.673628 -0.001868 -0.263765
v -0.673628 0.018535 -0.263765
v -0.681118 -0.001868 -0.272892
v -0.681118 0.018535 -0.272892
v -0.686684 -0.001868 -0.283305
v -0.686684 0.018535 -0.283305
v -0.690112 -0.001868 -0.294604
v -0.690112 0.018535 -0.294604
v -0.691269 -0.001868 -0.306354
v -0.691269 0.018535 -0.306354
v -0.690112 -0.001868 -0.318104
v -0.690112 0.018535 -0.318104
v -0.686684 -0.001868 -0.329403
v -0.686684 0.018535 -0.329403
v -0.681118 -0.001868 -0.339816
v -0.681118 0.018535 -0.339816
v -0.673628 -0.001868 -0.348943
v -0.673628 0.018535 -0.348943
v -0.664501 -0.001868 -0.356433
v -0.664501 0.018535 -0.356433
v -0.654088 -0.001868 -0.361999
v -0.654088 0.018535 -0.361999
v -0.642790 -0.001868 -0.365426
v -0.642790 0.018535 -0.365426
v 0.667395 -0.008551 -0.163839
v 0.667395 0.013717 -0.163839
v 0.679089 -0.008551 -0.162687
v 0.679089 0.013717 -0.162687
v 0.690334 -0.008551 -0.159276
v 0.690334 0.013717 -0.159276
v 0.700697 -0.008551 -0.153737
v 0.700697 0.013717 -0.153737
v 0.709780 -0.008551 -0.146283
v 0.709780 0.013717 -0.146283
v 0.717235 -0.008551 -0.137199
v 0.717235 0.013717 -0.137199
v 0.722774 -0.008551 -0.126836
v 0.722774 0.013717 -0.126836
v 0.726185 -0.008551 -0.115592
v 0.726185 0.013717 -0.115592
v 0.727337 -0.008551 -0.103898
v 0.727337 0.013717 -0.103898
v 0.726185 -0.008551 -0.092204
v 0.726185 0.013717 -0.092204
v 0.722774 -0.008551 -0.080959
v 0.722774 0.013717 -0.080959
v 0.717235 -0.008551 -0.070596
v 0.717235 0.013717 -0.070596
v 0.709780 -0.008551 -0.061513
v 0.709780 0.013717 -0.061513
v 0.700697 -0.008551 -0.054058
v 0.700697 0.013717 -0.054058
v 0.690334 -0.008551 -0.048519
v 0.690334 0.013717 -0.048519
v 0.679089 -0.008551 -0.045108
v 0.679089 0.013717 -0.045108
v 0.667395 -0.008551 -0.043957
v 0.667395 0.013717 -0.043957
v 0.655701 -0.008551 -0.045108
v 0.655701 0.013717 -0.045108
v 0.644457 -0.008551 -0.048519
v 0.644457 0.013717 -0.048519
v 0.634094 -0.008551 -0.054058
v 0.634094 0.013717 -0.054058
v 0.625010 -0.008551 -0.061513
v 0.625010 0.013717 -0.061513
v 0.558275 -0.008551 -0.070596
v 0.558275 0.013717 -0.070596
v 0.552736 -0.008551 -0.080959
v 0.552736 0.013717 -0.080959
v 0.549325 -0.008551 -0.092204
v 0.549325 0.013717 -0.092204
v 0.548173 -0.008551 -0.103898
v 0.548173 0.013717 -0.103898
v 0.549325 -0.008551 -0.115592
v 0.549325 0.013717 -0.115592
v 0.552736 -0.008551 -0.126836
v 0.552736 0.013717 -0.126836
v 0.558275 -0.008551 -0.137199
v 0.558275 0.013717 -0.137199
v 0.565730 -0.008551 -0.146283
v 0.565730 0.013717 -0.146283
v 0.634094 -0.008551 -0.153737
v 0.634094 0.013717 -0.153737
v 0.644457 -0.008551 -0.159276
v 0.644457 0.013717 -0.159276
v 0.655701 -0.008551 -0.162687
v 0.655701 0.013717 -0.162687
v 0.666898 -0.002789 -0.358908
v 0.666898 0.012079 -0.358908
v 0.678558 -0.002789 -0.357760
v 0.678558 0.012079 -0.357760
v 0.689770 -0.002789 -0.354358
v 0.689770 0.012079 -0.354358
v 0.700103 -0.002789 -0.348835
v 0.700103 0.012079 -0.348835
v 0.709160 -0.002789 -0.341402
v 0.709160 0.012079 -0.341402
v 0.716593 -0.002789 -0.332345
v 0.716593 0.012079 -0.332345
v 0.722117 -0.002789 -0.322012
v 0.722117 0.012079 -0.322012
v 0.725518 -0.002789 -0.310800
v 0.725518 0.012079 -0.310800
v 0.726666 -0.002789 -0.299140
v 0.726666 0.012079 -0.299140
v 0.725518 -0.002789 -0.287479
v 0.725518 0.012079 -0.287479
v 0.722117 -0.002789 -0.276267
v 0.722117 0.012079 -0.276267
v 0.716593 -0.002789 -0.265934
v 0.716593 0.012079 -0.265934
v 0.709160 -0.002789 -0.256877
v 0.709160 0.012079 -0.256877
v 0.700103 -0.002789 -0.249444
v 0.700103 0.012079 -0.249444
v 0.689770 -0.002789 -0.243921
v 0.689770 0.012079 -0.243921
v 0.678558 -0.002789 -0.240520
v 0.678558 0.012079 -0.240520
v 0.666898 -0.002789 -0.239371
v 0.666898 0.012079 -0.239371
v 0.655237 -0.002789 -0.240520
v 0.655237 0.012079 -0.240520
v 0.644025 -0.002789 -0.243921
v 0.644025 0.012079 -0.243921
v 0.633692 -0.002789 -0.249444
v 0.633692 0.012079 -0.249444
v 0.624635 -0.002789 -0.256877
v 0.624635 0.012079 -0.256877
v 0.566456 -0.002789 -0.265934
v 0.566456 0.012079 -0.265934
v 0.560933 -0.002789 -0.276267
v 0.560933 0.012079 -0.276267
v 0.557532 -0.002789 -0.287479
v 0.557532 0.012079 -0.287479
v 0.556383 -0.002789 -0.299140
v 0.556383 0.012079 -0.299140
v 0.557532 -0.002789 -0.310800
v 0.557532 0.012079 -0.310800
v 0.560933 -0.002789 -0.322012
v 0.560933 0.012079 -0.322012
v 0.566456 -0.002789 -0.332345
v 0.566456 0.012079 -0.332345
v 0.573889 -0.002789 -0.341402
v 0.573889 0.012079 -0.341402
v 0.633692 -0.002789 -0.348835
v 0.633692 0.012079 -0.348835
v 0.644025 -0.002789 -0.354358
v 0.644025 0.012079 -0.354358
v 0.655237 -0.002789 -0.357760
v 0.655237 0.012079 -0.357760
v -0.607015 -0.002649 -0.026755
v -0.570128 0.077147 -0.026813
v -0.607015 -0.002649 -0.395538
v -0.570128 0.077147 -0.395596
v 0.606604 -0.002649 -0.026755
v 0.574551 0.077147 -0.026755
v 0.606604 -0.002649 -0.395538
v 0.574551 0.077147 -0.395538
v -0.576109 -0.216668 -0.027088
v -0.605788 -0.135788 -0.027088
v -0.576109 -0.216668 -0.387422
v -0.605788 -0.135788 -0.387422
v 0.579873 -0.216668 -0.027088
v 0.603192 -0.135788 -0.027088
v 0.579873 -0.216668 -0.387422
v 0.603192 -0.135788 -0.387422
v -0.631032 -0.155689 -0.163825
v -0.631032 -0.131855 -0.163825
v -0.619240 -0.155689 -0.162663
v -0.619240 -0.131855 -0.162663
v -0.607900 -0.155689 -0.159224
v -0.607900 -0.131855 -0.159224
v -0.597450 -0.155689 -0.153638
v -0.597450 -0.131855 -0.153638
v -0.588290 -0.155689 -0.146120
v -0.588290 -0.131855 -0.146120
v -0.580772 -0.155689 -0.136960
v -0.580772 -0.131855 -0.136960
v -0.575186 -0.155689 -0.126510
v -0.575186 -0.131855 -0.126510
v -0.571746 -0.155689 -0.115170
v -0.571746 -0.131855 -0.115170
v -0.570585 -0.155689 -0.103378
v -0.570585 -0.131855 -0.103378
v -0.571746 -0.155689 -0.091585
v -0.571746 -0.131855 -0.091585
v -0.575186 -0.155689 -0.080245
v -0.575186 -0.131855 -0.080245
v -0.580772 -0.155689 -0.069795
v -0.580772 -0.131855 -0.069795
v -0.588290 -0.155689 -0.060635
v -0.588290 -0.131855 -0.060635
v -0.597450 -0.155689 -0.053118
v -0.597450 -0.131855 -0.053118
v -0.607900 -0.155689 -0.047532
v -0.607900 -0.131855 -0.047532
v -0.619240 -0.155689 -0.044092
v -0.619240 -0.131855 -0.044092
v -0.631032 -0.155689 -0.042930
v -0.631032 -0.131855 -0.042930
v -0.642825 -0.155689 -0.044092
v -0.642825 -0.131855 -0.044092
v -0.654164 -0.155689 -0.047532
v -0.654164 -0.131855 -0.047532
v -0.664615 -0.155689 -0.053118
v -0.664615 -0.131855 -0.053118
v -0.673775 -0.155689 -0.060635
v -0.673775 -0.131855 -0.060635
v -0.681292 -0.155689 -0.069795
v -0.681292 -0.131855 -0.069795
v -0.686878 -0.155689 -0.080245
v -0.686878 -0.131855 -0.080245
v -0.690318 -0.155689 -0.091585
v -0.690318 -0.131855 -0.091585
v -0.691480 -0.155689 -0.103378
v -0.691480 -0.131855 -0.103378
v -0.690318 -0.155689 -0.115170
v -0.690318 -0.131855 -0.115170
v -0.686878 -0.155689 -0.126510
v -0.686878 -0.131855 -0.126510
v -0.681292 -0.155689 -0.136960
v -0.681292 -0.131855 -0.136960
v -0.673775 -0.155689 -0.146120
v -0.673775 -0.131855 -0.146120
v -0.664615 -0.155689 -0.153638
v -0.664615 -0.131855 -0.153638
v -0.654164 -0.155689 -0.159224
v -0.654164 -0.131855 -0.159224
v -0.642825 -0.155689 -0.162663
v -0.642825 -0.131855 -0.162663
v -0.631229 -0.047014 -0.247728
v -0.631229 -0.155420 -0.247728
v -0.642975 -0.047014 -0.248885
v -0.642975 -0.155420 -0.248885
v -0.654269 -0.047014 -0.252311
v -0.654269 -0.155420 -0.252311
v -0.664678 -0.047014 -0.257875
v -0.664678 -0.155420 -0.257875
v -0.673802 -0.047014 -0.265362
v -0.673802 -0.155420 -0.265362
v -0.681290 -0.047014 -0.274486
v -0.681290 -0.155420 -0.274486
v -0.686854 -0.047014 -0.284895
v -0.686854 -0.155420 -0.284895
v -0.690280 -0.047014 -0.296190
v -0.690280 -0.155420 -0.296190
v -0.691437 -0.047014 -0.307936
v -0.691437 -0.155420 -0.307936
v -0.690280 -0.047014 -0.319682
v -0.690280 -0.155420 -0.319682
v -0.686854 -0.047014 -0.330976
v -0.686854 -0.155420 -0.330976
v -0.681290 -0.047014 -0.341386
v -0.681290 -0.155420 -0.341386
v -0.673802 -0.047014 -0.350509
v -0.673802 -0.155420 -0.350509
v -0.664678 -0.047014 -0.357997
v -0.664678 -0.155420 -0.357997
v -0.654269 -0.047014 -0.363561
v -0.654269 -0.155420 -0.363561
v -0.642975 -0.047014 -0.366987
v -0.642975 -0.155420 -0.366987
v -0.631229 -0.047014 -0.368144
v -0.631229 -0.155420 -0.368144
v -0.619483 -0.047014 -0.366987
v -0.619483 -0.155420 -0.366987
v -0.608188 -0.047014 -0.363561
v -0.608188 -0.155420 -0.363561
v -0.597779 -0.047014 -0.357997
v -0.597779 -0.155420 -0.357997
v -0.588655 -0.047014 -0.350509
v -0.588655 -0.155420 -0.350509
v -0.581167 -0.047014 -0.341386
v -0.581167 -0.155420 -0.341386
v -0.575604 -0.047014 -0.330976
v -0.575604 -0.155420 -0.330976
v -0.572177 -0.047014 -0.319682
v -0.572177 -0.155420 -0.319682
v -0.571021 -0.047014 -0.307936
v -0.571021 -0.155420 -0.307936
v -0.572177 -0.047014 -0.296190
v -0.572177 -0.155420 -0.296190
v -0.575604 -0.047014 -0.284895
v -0.575604 -0.155420 -0.284895
v -0.581167 -0.047014 -0.274486
v -0.581167 -0.155420 -0.274486
v -0.588655 -0.047014 -0.265362
v -0.588655 -0.155420 -0.265362
v -0.597779 -0.047014 -0.257875
v -0.597779 -0.155420 -0.257875
v -0.608188 -0.047014 -0.252311
v -0.608188 -0.155420 -0.252311
v -0.619483 -0.047014 -0.248885
v -0.619483 -0.155420 -0.248885
v 0.667320 -0.156604 -0.163941
v 0.667320 -0.131657 -0.163941
v 0.679034 -0.156604 -0.162787
v 0.679034 -0.131657 -0.162787
v 0.690297 -0.156604 -0.159371
v 0.690297 -0.131657 -0.159371
v 0.700677 -0.156604 -0.153822
v 0.700677 -0.131657 -0.153822
v 0.709775 -0.156604 -0.146356
v 0.709775 -0.131657 -0.146356
v 0.717242 -0.156604 -0.137257
v 0.717242 -0.131657 -0.137257
v 0.722790 -0.156604 -0.126877
v 0.722790 -0.131657 -0.126877
v 0.726207 -0.156604 -0.115614
v 0.726207 -0.131657 -0.115614
v 0.727360 -0.156604 -0.103901
v 0.727360 -0.131657 -0.103901
v 0.726207 -0.156604 -0.092187
v 0.726207 -0.131657 -0.092187
v 0.722790 -0.156604 -0.080924
v 0.722790 -0.131657 -0.080924
v 0.717242 -0.156604 -0.070544
v 0.717242 -0.131657 -0.070544
v 0.709775 -0.156604 -0.061446
v 0.709775 -0.131657 -0.061446
v 0.700677 -0.156604 -0.053979
v 0.700677 -0.131657 -0.053979
v 0.690297 -0.156604 -0.048431
v 0.690297 -0.131657 -0.048431
v 0.679034 -0.156604 -0.045014
v 0.679034 -0.131657 -0.045014
v 0.667320 -0.156604 -0.043861
v 0.667320 -0.131657 -0.043861
v 0.655607 -0.156604 -0.045014
v 0.655607 -0.131657 -0.045014
v 0.644344 -0.156604 -0.048431
v 0.644344 -0.131657 -0.048431
v 0.633964 -0.156604 -0.053979
v 0.633964 -0.131657 -0.053979
v 0.597184 -0.156604 -0.061446
v 0.597184 -0.131657 -0.061446
v 0.589717 -0.156604 -0.070544
v 0.589717 -0.131657 -0.070544
v 0.584169 -0.156604 -0.080924
v 0.584169 -0.131657 -0.080924
v 0.580752 -0.156604 -0.092187
v 0.580752 -0.131657 -0.092187
v 0.579598 -0.156604 -0.103901
v 0.579598 -0.131657 -0.103901
v 0.580752 -0.156604 -0.115614
v 0.580752 -0.131657 -0.115614
v 0.584169 -0.156604 -0.126877
v 0.584169 -0.131657 -0.126877
v 0.589717 -0.156604 -0.137257
v 0.589717 -0.131657 -0.137257
v 0.597184 -0.156604 -0.146356
v 0.597184 -0.131657 -0.146356
v 0.633964 -0.156604 -0.153822
v 0.633964 -0.131657 -0.153822
v 0.644344 -0.156604 -0.159371
v 0.644344 -0.131657 -0.159371
v 0.655607 -0.156604 -0.162787
v 0.655607 -0.131657 -0.162787
v 0.667446 -0.131316 -0.274084
v 0.667446 -0.155917 -0.274084
v 0.655848 -0.131316 -0.275226
v 0.655848 -0.155917 -0.275226
v 0.644696 -0.131316 -0.278609
v 0.644696 -0.155917 -0.278609
v 0.634419 -0.131316 -0.284103
v 0.634419 -0.155917 -0.284103
v 0.625410 -0.131316 -0.291496
v 0.625410 -0.155917 -0.291496
v 0.558571 -0.131316 -0.300504
v 0.558571 -0.155917 -0.300504
v 0.553078 -0.131316 -0.310782
v 0.553078 -0.155917 -0.310782
v 0.549695 -0.131316 -0.321934
v 0.549695 -0.155917 -0.321934
v 0.548553 -0.131316 -0.333531
v 0.548553 -0.155917 -0.333531
v 0.549695 -0.131316 -0.345129
v 0.549695 -0.155917 -0.345129
v 0.553078 -0.131316 -0.356280
v 0.553078 -0.155917 -0.356280
v 0.558571 -0.131316 -0.366558
v 0.558571 -0.155917 -0.366558
v 0.565964 -0.131316 -0.375566
v 0.565964 -0.155917 -0.375566
v 0.634419 -0.131316 -0.382959
v 0.634419 -0.155917 -0.382959
v 0.644696 -0.131316 -0.388453
v 0.644696 -0.155917 -0.388453
v 0.655848 -0.131316 -0.391836
v 0.655848 -0.155917 -0.391836
v 0.667446 -0.131316 -0.392978
v 0.667446 -0.155917 -0.392978
v 0.679043 -0.131316 -0.391836
v 0.679043 -0.155917 -0.391836
v 0.690195 -0.131316 -0.388453
v 0.690195 -0.155917 -0.388453
v 0.700473 -0.131316 -0.382959
v 0.700473 -0.155917 -0.382959
v 0.709481 -0.131316 -0.375566
v 0.709481 -0.155917 -0.375566
v 0.716874 -0.131316 -0.366558
v 0.716874 -0.155917 -0.366558
v 0.722367 -0.131316 -0.356280
v 0.722367 -0.155917 -0.356280
v 0.725750 -0.131316 -0.345129
v 0.725750 -0.155917 -0.345129
v 0.726893 -0.131316 -0.333531
v 0.726893 -0.155917 -0.333531
v 0.725750 -0.131316 -0.321934
v 0.725750 -0.155917 -0.321934
v 0.722367 -0.131316 -0.310782
v 0.722367 -0.155917 -0.310782
v 0.716874 -0.131316 -0.300504
v 0.716874 -0.155917 -0.300504
v 0.709481 -0.131316 -0.291496
v 0.709481 -0.155917 -0.291496
v 0.700473 -0.131316 -0.284103
v 0.700473 -0.155917 -0.284103
v 0.690195 -0.131316 -0.278609
v 0.690195 -0.155917 -0.278609
v 0.679043 -0.131316 -0.275226
v 0.679043 -0.155917 -0.275226
vn 1.0000 -0.0000 -0.0037
vn -0.0020 -0.0000 1.0000
vn -1.0000 -0.0000 0.0037
vn 0.0020 -0.0000 -1.0000
vn -0.0005 1.0000 -0.0000
vn 0.0005 -1.0000 -0.0000
vn 1.0000 -0.0000 -0.0000
vn -0.0000 -0.0000 1.0000
vn -1.0000 -0.0000 -0.0000
vn -0.0000 -0.0000 -1.0000
vn -0.0000 1.0000 -0.0000
vn -0.0000 -1.0000 -0.0000
vn 0.0010 0.9995 -0.0308
vn 1.0000 -0.0009 -0.0000
vn 0.0087 -0.0000 -1.0000
vn -0.0000 -1.0000 0.0058
vn -0.0000 -0.0367 0.9993
vn -0.0000 0.0318 -0.9995
vn -0.0000 1.0000 -0.0006
vn 0.0114 -0.0000 -0.9999
vn -0.0027 0.0075 1.0000
vn -0.7730 -0.0000 0.6344
vn -0.1296 -0.0000 0.9916
vn -0.4714 -0.0000 0.8819
vn -0.2903 -0.0000 0.9569
vn -0.0980 -0.0000 0.9952
vn -0.8819 -0.0000 0.4714
vn -0.0010 0.9995 -0.0308
vn -0.0000 0.9995 -0.0310
vn -0.9952 -0.0000 -0.0980
vn -0.9569 -0.0000 0.2903
vn -0.9952 -0.0000 0.0980
vn -0.0000 0.9995 -0.0308
vn -0.0000 0.0308 0.9995
vn 1.0000 0.0001 -0.0000
vn -0.9569 -0.0000 -0.2903
vn -0.8819 -0.0000 -0.4714
vn -0.1618 -0.0000 -0.9868
vn -0.6344 -0.0000 -0.7730
vn -0.4714 -0.0000 -0.8819
vn -0.2903 -0.0000 -0.9569
vn -0.0980 -0.0000 -0.9952
vn 0.0980 -0.0000 -0.9952
vn 0.2903 -0.0000 -0.9569
vn 0.4714 -0.0000 -0.8819
vn 0.6344 -0.0000 -0.7730
vn 0.7730 -0.0000 -0.6344
vn 0.8819 -0.0000 -0.4714
vn 0.9569 -0.0000 -0.2903
vn 0.9952 -0.0000 -0.0980
vn 0.9952 -0.0000 0.0980
vn 0.9569 -0.0000 0.2903
vn 0.8819 -0.0000 0.4714
vn 0.7730 -0.0000 0.6344
vn 0.6344 -0.0000 0.7730
vn 0.4714 -0.0000 0.8819
vn 0.2903 -0.0000 0.9569
vn 0.0980 -0.0000 0.9952
vn -0.6344 -0.0000 0.7730
vn -0.1860 -0.0000 0.9825
vn -0.8820 -0.0000 0.4713
vn -0.8820 -0.0000 -0.4713
vn -0.7730 -0.0000 -0.6344
vn -0.1486 -0.0000 -0.9889
vn 0.1349 -0.0000 -0.9909
vn 0.1084 -0.0000 0.9941
vn -0.2904 -0.0000 0.9569
vn -0.8819 -0.0000 0.4715
vn -0.8819 -0.0000 -0.4715
vn -0.0981 -0.0000 -0.9952
vn 0.0981 -0.0000 -0.9952
vn 0.1538 -0.0000 -0.9881
vn 0.9952 -0.0000 -0.0981
vn 0.9952 -0.0000 0.0981
vn 0.1233 -0.0000 0.9924
vn 0.2904 -0.0000 0.9569
vn 0.9077 -0.4196 -0.0000
vn -0.0000 0.0007 1.0000
vn -0.9279 -0.3727 -0.0000
vn -0.0000 -0.0007 -1.0000
vn 0.9388 0.3445 -0.0000
vn -0.9609 0.2770 -0.0000
vn -0.0981 -0.0000 0.9952
vn -0.2902 -0.0000 0.9570
vn 0.2902 -0.0000 0.9570
vn 0.0981 -0.0000 0.9952
vn -0.6343 -0.0000 0.7730
vn 0.8820 -0.0000 -0.4713
vn 0.9569 -0.0000 -0.2904
vn 0.9952 -0.0000 -0.0979
vn 0.9952 -0.0000 0.0979
vn 0.8819 -0.0000 0.4713
vn 0.1990 -0.0000 -0.9800
vn 0.1989 -0.0000 0.9800
vn 0.4715 -0.0000 0.8819
vn -0.4715 -0.0000 0.8819
vn -0.1336 -0.0000 0.9910
vn -0.8819 -0.0000 0.4713
vn -0.8819 -0.0000 -0.4713
vn -0.1074 -0.0000 -0.9942
vn -0.4715 -0.0000 -0.8819
vn 0.8819 -0.0000 -0.4713
vn -0.0013 1.0000 -0.0006
vn 0.0078 0.1832 -0.9831
vn 0.0114 0.0318 -0.9994
vn -0.0027 -0.0367 0.9993
vn -0.0000 -0.0272 -0.9996
vn -0.0000 0.0309 0.9995
vn -0.0000 -0.0309 -0.9995
vn -0.0337 -0.0000 -0.9994
vn -0.0000 0.2431 -0.9700
vn 0.0135 0.6008 -0.7992
vn -0.0001 -0.0000 1.0000
vn 0.0001 -0.0000 -1.0000
vt 0.527648 0.493043
vt 0.521672 0.493043
vt 0.521672 0.627593
vt 0.664984 0.927652
vt 0.670960 0.927655
vt 0.670960 0.435386
vt 0.527648 0.627593
vt 0.533624 0.627593
vt 0.659009 0.435386
vt 0.659009 0.927656
vt 0.664984 0.927653
vt 0.403839 0.000773
vt 0.403839 0.493043
vt 0.538365 0.492269
vt 0.403839 0.000772
vt 0.269290 -0.000000
vt 0.269290 0.492269
vt 0.527515 0.627593
vt 0.521672 0.762249
vt 0.933742 0.928258
vt 0.939585 0.928258
vt 0.939585 0.435474
vt 0.399818 0.627548
vt 0.393974 0.627548
vt 0.393974 0.762205
vt 0.945428 0.928258
vt 0.945428 0.435474
vt 0.134656 0.000000
vt 0.134656 0.492784
vt 0.269290 0.492784
vt 0.000000 0.000000
vt 0.396617 0.627548
vt 0.400779 0.493042
vt 0.393974 0.493042
vt 0.846807 0.435474
vt 0.840002 0.435474
vt 0.840002 0.497888
vt 0.941096 0.269442
vt 0.960730 0.270104
vt 0.960730 0.135052
vt 0.673394 0.062414
vt 0.673394 0.000000
vt 0.538910 0.000000
vt 0.808393 0.062414
vt 0.807900 -0.000000
vt 0.117914 0.492784
vt 0.117899 0.627355
vt 0.117914 0.627847
vt 0.808393 0.415839
vt 0.673394 0.415839
vt 0.673394 0.435474
vt 0.849451 0.497889
vt 0.849450 0.435475
vt 0.846807 0.435475
vt 0.881089 0.497889
vt 0.881169 0.435474
vt 0.875805 0.435474
vt 0.518741 0.897547
vt 0.518741 0.763040
vt 0.514081 0.763040
vt 0.813053 -0.000000
vt 0.808393 -0.000000
vt 0.808444 0.435474
vt 0.673394 0.808444
vt 0.532176 0.627766
vt 0.527515 0.762643
vt 0.813053 0.062414
vt 0.808393 0.435383
vt 0.875724 0.497889
vt 0.875731 0.870858
vt 0.538365 0.062414
vt 0.538365 0.435383
vt 0.513377 0.897547
vt 0.491183 0.763040
vt 0.835951 0.062414
vt 0.455729 0.763545
vt 0.432836 0.763094
vt 0.429948 0.898115
vt 0.673394 0.082049
vt 0.808393 0.082049
vt 0.673394 0.101684
vt 0.808393 0.101684
vt 0.673394 0.121318
vt 0.808393 0.121318
vt 0.673394 0.140953
vt 0.808393 0.140953
vt 0.673394 0.160588
vt 0.673394 0.180222
vt 0.808393 0.180222
vt 0.673394 0.199857
vt 0.808393 0.199857
vt 0.673394 0.219492
vt 0.808393 0.219492
vt 0.673394 0.239127
vt 0.673394 0.258761
vt 0.808393 0.258761
vt 0.673394 0.278396
vt 0.808393 0.278396
vt 0.673394 0.298031
vt 0.808393 0.298031
vt 0.673394 0.317666
vt 0.808393 0.317666
vt 0.673394 0.337300
vt 0.808393 0.337300
vt 0.673394 0.356935
vt 0.808393 0.356935
vt 0.673394 0.376570
vt 0.808393 0.376570
vt 0.673394 0.396205
vt 0.808393 0.396205
vt 0.888524 0.428125
vt 0.894781 0.428125
vt 0.894784 0.425134
vt 0.387170 0.777790
vt 0.393427 0.777790
vt 0.393427 0.759018
vt 0.387170 0.781203
vt 0.393427 0.781203
vt 0.387170 0.784905
vt 0.393427 0.784905
vt 0.387170 0.788756
vt 0.393427 0.788756
vt 0.846806 0.772775
vt 0.840001 0.851313
vt 0.846806 0.792409
vt 0.888527 0.425135
vt 0.894786 0.421722
vt 0.941096 0.000000
vt 0.941096 0.135052
vt 0.960731 0.134390
vt 0.699680 0.808445
vt 0.673394 0.808443
vt 0.673394 0.942844
vt 0.960731 0.269442
vt 0.960730 0.403832
vt 0.980365 0.403832
vt 0.965063 0.435474
vt 0.965063 0.569864
vt 0.984698 0.569864
vt 0.456233 0.763095
vt 0.456233 0.897496
vt 0.482519 0.897495
vt 0.980365 0.000000
vt 0.980365 0.134390
vt 1.000000 0.134390
vt 0.945428 0.704254
vt 0.945428 0.838644
vt 0.965063 0.838644
vt 0.888530 0.414171
vt 0.894788 0.414170
vt 0.894786 0.410320
vt 0.881169 0.838680
vt 0.881169 0.973070
vt 0.900804 0.973070
vt 0.941096 0.000001
vt 0.914810 0.000000
vt 0.914810 0.134401
vt 0.945428 0.973034
vt 0.965063 0.973034
vt 0.945428 0.569864
vt 0.881170 0.435475
vt 0.881170 0.569876
vt 0.907456 0.569875
vt 0.965063 0.704254
vt 0.984698 0.704254
vt 0.888529 0.421723
vt 0.894788 0.418020
vt 0.960731 0.135052
vt 0.980365 0.269442
vt 0.980365 0.268780
vt 0.980365 0.403170
vt 1.000000 0.403170
vt 1.000000 0.268780
vt 0.900804 0.838680
vt 0.920439 0.973070
vt 0.960731 0.000000
vt 0.984698 0.838644
vt 0.984698 0.973034
vt 0.941096 0.404494
vt 0.960731 0.404494
vt 0.960731 0.270104
vt 0.888524 0.268805
vt 0.888524 0.403206
vt 0.914810 0.403205
vt 0.881169 0.569877
vt 0.881169 0.704278
vt 0.907456 0.704277
vt 0.941096 0.268805
vt 0.914810 0.268804
vt 0.941096 0.134403
vt 0.914810 0.134402
vt 0.914810 0.268803
vt 0.881169 0.704279
vt 0.907456 0.838679
vt 0.907456 0.435475
vt 0.907456 0.569876
vt 0.933742 0.569875
vt 0.725966 0.808444
vt 0.699680 0.808443
vt 0.699680 0.942844
vt 0.752253 0.808444
vt 0.725966 0.808443
vt 0.725966 0.942844
vt 0.888530 0.418021
vt 0.888524 0.000001
vt 0.888524 0.134402
vt 0.933742 0.704279
vt 0.907456 0.704278
vt 0.888524 0.134403
vt 0.888524 0.268804
vt 0.778539 0.808445
vt 0.752253 0.942845
vt 0.907456 0.569877
vt 0.933742 0.704277
vt 0.804825 0.808444
vt 0.778539 0.808443
vt 0.778539 0.942844
vt 0.849456 0.870949
vt 0.846812 0.792410
vt 0.846812 0.812045
vt 0.387170 0.628041
vt 0.393974 0.628041
vt 0.389813 0.493042
vt 0.846806 0.870948
vt 0.840001 0.870948
vt 0.840002 0.928022
vt 0.846813 0.870949
vt 0.846813 0.928022
vt 0.849456 0.928022
vt 0.487021 0.628042
vt 0.487021 0.763040
vt 0.516162 0.763040
vt 0.429948 0.628095
vt 0.487021 0.628095
vt 0.487021 0.493043
vt 0.808444 0.870949
vt 0.492532 0.954620
vt 0.492532 0.897547
vt 0.487021 0.897547
vt 0.429948 0.955189
vt 0.459088 0.955189
vt 0.516162 0.628042
vt 0.521672 0.954620
vt 0.521672 0.897547
vt 0.487021 0.763094
vt 0.516162 0.493043
vt 0.521672 0.628042
vt 0.459088 0.898115
vt 0.464598 0.955189
vt 0.521672 0.763040
vt 0.888529 0.410321
vt 0.894784 0.406618
vt 0.888527 0.406619
vt 0.894781 0.403206
vt 0.393427 0.671686
vt 0.387170 0.671685
vt 0.387174 0.689916
vt 0.393431 0.689917
vt 0.387179 0.692902
vt 0.393436 0.692903
vt 0.387183 0.696312
vt 0.393440 0.696312
vt 0.387185 0.700012
vt 0.393442 0.700013
vt 0.387185 0.703861
vt 0.393442 0.703862
vt 0.387183 0.707712
vt 0.393441 0.707713
vt 0.387180 0.711416
vt 0.393438 0.711417
vt 0.387176 0.714830
vt 0.393433 0.714831
vt 0.387170 0.717825
vt 0.387170 0.858486
vt 0.393427 0.858486
vt 0.393430 0.855496
vt 0.387173 0.855496
vt 0.393432 0.852084
vt 0.387175 0.852084
vt 0.393434 0.848381
vt 0.387176 0.848381
vt 0.393434 0.844531
vt 0.387177 0.844531
vt 0.393434 0.840681
vt 0.387176 0.840681
vt 0.393432 0.836979
vt 0.387175 0.836979
vt 0.393430 0.833568
vt 0.387173 0.833568
vt 0.393427 0.830577
vt 0.387170 0.802708
vt 0.393427 0.802708
vt 0.393427 0.799718
vt 0.387170 0.799718
vt 0.393427 0.796307
vt 0.032273 0.907968
vt 0.005985 0.890542
vt 0.007031 0.938311
vt 0.387170 0.796307
vt 0.393427 0.792605
vt 0.387170 0.792605
vt 0.076292 0.913720
vt 0.046537 0.938478
vt 0.074288 0.935556
vt 0.387170 0.657752
vt 0.393846 0.657752
vt 0.393846 0.653907
vt 0.387170 0.653907
vt 0.393846 0.650210
vt 0.387170 0.650210
vt 0.393845 0.646802
vt 0.387170 0.646802
vt 0.393845 0.643815
vt 0.387170 0.643815
vt 0.393845 0.628041
vt 0.393852 0.858487
vt 0.387176 0.858486
vt 0.387173 0.861893
vt 0.393849 0.861894
vt 0.387171 0.865590
vt 0.393847 0.865591
vt 0.387170 0.869435
vt 0.393845 0.869436
vt 0.387170 0.873280
vt 0.393845 0.873281
vt 0.387171 0.876976
vt 0.393847 0.876977
vt 0.387173 0.880383
vt 0.393849 0.880384
vt 0.387176 0.883369
vt 0.393845 0.717826
vt 0.387170 0.717826
vt 0.387175 0.734131
vt 0.393851 0.734131
vt 0.387179 0.737535
vt 0.393855 0.737535
vt 0.387182 0.741230
vt 0.393858 0.741230
vt 0.387183 0.745074
vt 0.393858 0.745074
vt 0.387182 0.748919
vt 0.393858 0.748919
vt 0.387179 0.752618
vt 0.393855 0.752618
vt 0.387175 0.756028
vt 0.393851 0.756028
vt 0.387170 0.759018
vt 0.387170 0.830577
vt 0.393845 0.830577
vt 0.393848 0.827591
vt 0.387173 0.827591
vt 0.393850 0.824184
vt 0.387175 0.824184
vt 0.393852 0.820487
vt 0.387176 0.820487
vt 0.393852 0.816642
vt 0.387177 0.816642
vt 0.393852 0.812798
vt 0.387176 0.812798
vt 0.393850 0.809101
vt 0.387175 0.809101
vt 0.393848 0.805694
vt 0.387173 0.805694
vt 0.393845 0.802708
vt 0.393845 0.671685
vt 0.393845 0.668699
vt 0.387170 0.668699
vt 0.393846 0.665293
vt 0.110715 0.923201
vt 0.080834 0.917257
vt 0.092415 0.940329
vt 0.387170 0.665293
vt 0.393846 0.661597
vt 0.387170 0.661597
vt 0.427717 0.919033
vt 0.392961 0.900454
vt 0.412277 0.942104
vt 0.527515 0.823645
vt 0.534801 0.823645
vt 0.534801 0.819819
vt 0.527515 0.819819
vt 0.534801 0.816139
vt 0.527515 0.816139
vt 0.534801 0.812748
vt 0.527515 0.812748
vt 0.534801 0.809775
vt 0.651688 0.860209
vt 0.658974 0.860209
vt 0.658977 0.857237
vt 0.651691 0.857237
vt 0.658980 0.853846
vt 0.651694 0.853846
vt 0.658982 0.850167
vt 0.651696 0.850167
vt 0.658982 0.846341
vt 0.651696 0.846341
vt 0.658982 0.842515
vt 0.651696 0.842515
vt 0.658980 0.838836
vt 0.651694 0.838836
vt 0.658977 0.835445
vt 0.651691 0.835445
vt 0.658974 0.832473
vt 0.518756 0.812617
vt 0.526042 0.812616
vt 0.526036 0.809648
vt 0.518750 0.809649
vt 0.526032 0.806260
vt 0.518746 0.806261
vt 0.526029 0.802583
vt 0.518743 0.802583
vt 0.526027 0.798757
vt 0.518741 0.798758
vt 0.526028 0.794930
vt 0.518742 0.794931
vt 0.526030 0.791249
vt 0.518744 0.791250
vt 0.526033 0.787856
vt 0.518747 0.787857
vt 0.526038 0.784880
vt 0.518752 0.784881
vt 0.526042 0.763040
vt 0.658979 0.860210
vt 0.651693 0.860209
vt 0.651690 0.863600
vt 0.658976 0.863601
vt 0.651689 0.867280
vt 0.658975 0.867280
vt 0.651688 0.871106
vt 0.658974 0.871107
vt 0.651688 0.874932
vt 0.658974 0.874933
vt 0.651689 0.878611
vt 0.658975 0.878612
vt 0.651690 0.882002
vt 0.658976 0.882002
vt 0.651693 0.884974
vt 0.527515 0.856907
vt 0.534801 0.856907
vt 0.534801 0.834540
vt 0.527515 0.834540
vt 0.534801 0.831150
vt 0.155186 0.890997
vt 0.181223 0.920334
vt 0.181683 0.869260
vt 0.527515 0.831150
vt 0.534801 0.827471
vt 0.527515 0.827471
vt 0.190433 0.895758
vt 0.220373 0.890999
vt 0.197485 0.867927
vt 0.532880 0.688120
vt 0.537745 0.688120
vt 0.537745 0.684305
vt 0.532880 0.684305
vt 0.537744 0.680636
vt 0.532880 0.680636
vt 0.537744 0.677254
vt 0.532880 0.677254
vt 0.537744 0.674290
vt 0.532880 0.746206
vt 0.537744 0.746206
vt 0.537748 0.743243
vt 0.532883 0.743243
vt 0.537751 0.739862
vt 0.532886 0.739862
vt 0.537753 0.736193
vt 0.532888 0.736193
vt 0.537753 0.732378
vt 0.532888 0.732378
vt 0.537753 0.728563
vt 0.532888 0.728563
vt 0.537751 0.724894
vt 0.532886 0.724894
vt 0.537748 0.721513
vt 0.532883 0.721513
vt 0.537744 0.718550
vt 0.532894 0.674290
vt 0.537759 0.674289
vt 0.537753 0.671329
vt 0.532889 0.671330
vt 0.537749 0.667951
vt 0.532884 0.667952
vt 0.537746 0.664284
vt 0.532881 0.664285
vt 0.537744 0.660470
vt 0.532880 0.660470
vt 0.537745 0.656654
vt 0.532880 0.656655
vt 0.537747 0.652984
vt 0.532882 0.652984
vt 0.537750 0.649600
vt 0.532885 0.649601
vt 0.537755 0.646633
vt 0.532890 0.646634
vt 0.537759 0.627593
vt 0.899658 0.403207
vt 0.894793 0.403206
vt 0.894790 0.406587
vt 0.899655 0.406588
vt 0.894788 0.410256
vt 0.899653 0.410256
vt 0.894788 0.414071
vt 0.899652 0.414071
vt 0.894788 0.417886
vt 0.899652 0.417887
vt 0.894788 0.421555
vt 0.899653 0.421555
vt 0.894790 0.424935
vt 0.899655 0.424936
vt 0.894793 0.427899
vt 0.532880 0.718550
vt 0.537744 0.698984
vt 0.532880 0.698984
vt 0.537744 0.695603
vt 0.314968 0.891805
vt 0.340252 0.921645
vt 0.341126 0.873373
vt 0.532880 0.695603
vt 0.537745 0.691935
vt 0.532880 0.691935
vt 0.349489 0.897235
vt 0.379226 0.891806
vt 0.356636 0.871961
vt 0.538365 0.953137
vt 0.564488 0.953155
vt 0.564488 0.832492
vt 0.888523 0.012069
vt 0.862414 0.000000
vt 0.862414 0.397090
vt 0.564488 0.953138
vt 0.590613 0.953137
vt 0.590613 0.832473
vt 0.403839 0.890132
vt 0.429948 0.878063
vt 0.659009 0.832473
vt 0.659009 0.435384
vt 0.538365 0.435384
vt 0.148627 0.867317
vt 0.269290 0.867323
vt 0.269290 0.492790
vt 0.590613 0.950372
vt 0.617065 0.950373
vt 0.617065 0.832474
vt 0.835951 0.009711
vt 0.835951 0.387942
vt 0.862414 0.395572
vt 0.617065 0.950372
vt 0.643517 0.950373
vt 0.643517 0.832474
vt 0.148627 0.492784
vt 0.122163 0.500414
vt 0.122163 0.878645
vt 0.387170 0.871273
vt 0.387170 0.493042
vt 0.269290 0.493042
vt 0.000000 0.492784
vt -0.000000 0.888356
vt 0.117899 0.888356
vt 0.887585 0.413884
vt 0.879787 0.413884
vt 0.879787 0.417742
vt 0.887585 0.417742
vt 0.879787 0.421453
vt 0.887585 0.421453
vt 0.879787 0.424873
vt 0.887585 0.424873
vt 0.879787 0.427871
vt 0.871980 0.427871
vt 0.879778 0.427871
vt 0.879782 0.424874
vt 0.871984 0.424874
vt 0.879784 0.421454
vt 0.871986 0.421454
vt 0.879786 0.417744
vt 0.871988 0.417744
vt 0.879787 0.413885
vt 0.871989 0.413885
vt 0.879786 0.410027
vt 0.871988 0.410027
vt 0.879784 0.406317
vt 0.871986 0.406317
vt 0.879782 0.402897
vt 0.871984 0.402897
vt 0.879778 0.399901
vt 0.526539 0.849456
vt 0.518741 0.849456
vt 0.518747 0.852450
vt 0.526545 0.852450
vt 0.518751 0.855866
vt 0.526549 0.855866
vt 0.518753 0.859575
vt 0.526552 0.859575
vt 0.518754 0.863433
vt 0.526552 0.863433
vt 0.518753 0.867292
vt 0.526552 0.867292
vt 0.518751 0.871004
vt 0.526549 0.871004
vt 0.518747 0.874426
vt 0.526545 0.874426
vt 0.518741 0.877427
vt 0.527515 0.884878
vt 0.535313 0.884878
vt 0.535316 0.881880
vt 0.527518 0.881880
vt 0.535318 0.878461
vt 0.527520 0.878461
vt 0.535320 0.874751
vt 0.527522 0.874751
vt 0.535320 0.870892
vt 0.527522 0.870892
vt 0.535320 0.867034
vt 0.527522 0.867034
vt 0.535318 0.863323
vt 0.527520 0.863323
vt 0.535316 0.859904
vt 0.527518 0.859904
vt 0.535313 0.856907
vt 0.887585 0.399901
vt 0.879787 0.399901
vt 0.879787 0.402897
vt 0.887585 0.402897
vt 0.879787 0.406316
vt 0.347486 0.947836
vt 0.308121 0.943959
vt 0.325865 0.965580
vt 0.887585 0.406316
vt 0.879787 0.410025
vt 0.887585 0.410025
vt 0.386845 0.943959
vt 0.369103 0.965580
vt 0.201719 0.925243
vt 0.201719 0.960714
vt 0.205562 0.960714
vt 0.205562 0.925243
vt 0.209258 0.960714
vt 0.209258 0.925243
vt 0.212665 0.960714
vt 0.212665 0.925243
vt 0.215651 0.960714
vt 0.117899 0.923826
vt 0.120885 0.923830
vt 0.120885 0.888360
vt 0.124290 0.923832
vt 0.124290 0.888362
vt 0.127986 0.923834
vt 0.127986 0.888364
vt 0.131829 0.923835
vt 0.131829 0.888365
vt 0.135673 0.923834
vt 0.135673 0.888364
vt 0.139368 0.923832
vt 0.139368 0.888362
vt 0.142774 0.923830
vt 0.142774 0.888360
vt 0.145759 0.923826
vt 0.835951 0.399914
vt 0.835951 0.435384
vt 0.838933 0.435378
vt 0.838933 0.399908
vt 0.842336 0.435374
vt 0.842336 0.399904
vt 0.846030 0.435371
vt 0.846030 0.399901
vt 0.849872 0.435371
vt 0.849872 0.399901
vt 0.853716 0.435371
vt 0.853716 0.399901
vt 0.857413 0.435374
vt 0.857413 0.399904
vt 0.860822 0.435378
vt 0.860822 0.399908
vt 0.863811 0.435383
vt 0.117899 0.923835
vt 0.117899 0.959305
vt 0.120885 0.959307
vt 0.120885 0.923837
vt 0.124290 0.959310
vt 0.124290 0.923840
vt 0.127986 0.959311
vt 0.127986 0.923841
vt 0.131829 0.959311
vt 0.131829 0.923841
vt 0.135673 0.959311
vt 0.135673 0.923841
vt 0.139368 0.959310
vt 0.139368 0.923840
vt 0.142774 0.959307
vt 0.142774 0.923837
vt 0.145759 0.959305
vt 0.187791 0.925243
vt 0.187791 0.960714
vt 0.190776 0.960714
vt 0.190776 0.925243
vt 0.194181 0.960714
vt 0.815552 0.932399
vt 0.840546 0.962856
vt 0.843277 0.935130
vt 0.194181 0.925243
vt 0.197876 0.960714
vt 0.197876 0.925243
vt 0.268917 0.950470
vt 0.308121 0.946608
vt 0.286589 0.928934
vt 0.526904 0.835563
vt 0.518741 0.835563
vt 0.518741 0.839396
vt 0.526904 0.839396
vt 0.518741 0.843082
vt 0.526904 0.843082
vt 0.518741 0.846479
vt 0.526904 0.846479
vt 0.643517 0.860255
vt 0.651679 0.860255
vt 0.651683 0.857278
vt 0.643520 0.857278
vt 0.651686 0.853882
vt 0.643523 0.853882
vt 0.651687 0.850196
vt 0.643525 0.850196
vt 0.651688 0.846364
vt 0.643525 0.846364
vt 0.651687 0.842531
vt 0.643525 0.842531
vt 0.651685 0.838846
vt 0.643523 0.838846
vt 0.651683 0.835450
vt 0.643520 0.835450
vt 0.651679 0.832473
vt 0.402137 0.811583
vt 0.393974 0.811583
vt 0.393980 0.814556
vt 0.402142 0.814556
vt 0.393984 0.817949
vt 0.402146 0.817949
vt 0.393986 0.821633
vt 0.402149 0.821633
vt 0.393987 0.825465
vt 0.402150 0.825465
vt 0.393986 0.829298
vt 0.402149 0.829298
vt 0.393984 0.832985
vt 0.402146 0.832985
vt 0.393980 0.836384
vt 0.402142 0.836384
vt 0.393974 0.848422
vt 0.863811 0.427683
vt 0.871973 0.427683
vt 0.871976 0.424705
vt 0.863814 0.424705
vt 0.871978 0.421309
vt 0.863816 0.421309
vt 0.871979 0.417624
vt 0.863817 0.417624
vt 0.871980 0.413791
vt 0.863817 0.413791
vt 0.871979 0.409959
vt 0.863817 0.409959
vt 0.871978 0.406274
vt 0.863816 0.406274
vt 0.871976 0.402877
vt 0.863814 0.402877
vt 0.871973 0.399901
vt 0.526904 0.812617
vt 0.518741 0.812617
vt 0.518741 0.824651
vt 0.526904 0.824651
vt 0.518741 0.828046
vt 0.263898 0.966058
vt 0.227838 0.938486
vt 0.250496 0.972874
vt 0.526904 0.828046
vt 0.518741 0.831731
vt 0.526904 0.831731
vt 0.169736 0.925243
vt 0.149533 0.950914
vt 0.187791 0.946354
vt 0.393974 0.797831
vt 0.402024 0.797831
vt 0.402024 0.794036
vt 0.393974 0.794036
vt 0.402024 0.790387
vt 0.393974 0.790387
vt 0.402024 0.787023
vt 0.393974 0.787023
vt 0.402024 0.784075
vt 0.393974 0.784075
vt 0.402024 0.762205
vt 0.643517 0.884815
vt 0.651566 0.884816
vt 0.651569 0.881453
vt 0.643520 0.881452
vt 0.651571 0.877804
vt 0.643522 0.877803
vt 0.651572 0.874010
vt 0.643523 0.874009
vt 0.651572 0.870215
vt 0.643523 0.870214
vt 0.651571 0.866566
vt 0.643522 0.866565
vt 0.651569 0.863204
vt 0.643520 0.863203
vt 0.651566 0.860256
vt 0.527528 0.809775
vt 0.535577 0.809775
vt 0.535572 0.787381
vt 0.527523 0.787381
vt 0.535568 0.784021
vt 0.527519 0.784020
vt 0.535565 0.780373
vt 0.527516 0.780373
vt 0.535564 0.776579
vt 0.527515 0.776579
vt 0.535565 0.772784
vt 0.527516 0.772784
vt 0.535568 0.769134
vt 0.527519 0.769134
vt 0.535572 0.765768
vt 0.527523 0.765768
vt 0.535577 0.762817
vt 0.393974 0.875929
vt 0.402024 0.875929
vt 0.402026 0.872982
vt 0.393977 0.872982
vt 0.402029 0.869619
vt 0.393979 0.869619
vt 0.402030 0.865970
vt 0.393981 0.865970
vt 0.402030 0.862175
vt 0.393981 0.862175
vt 0.402030 0.858380
vt 0.393981 0.858380
vt 0.402029 0.854732
vt 0.393979 0.854732
vt 0.402026 0.851369
vt 0.393977 0.851369
vt 0.402024 0.848422
vt 0.393974 0.811582
vt 0.402024 0.811582
vt 0.402024 0.808636
vt 0.393974 0.808636
vt 0.402024 0.805274
vt 0.233414 0.891040
vt 0.263120 0.895714
vt 0.252367 0.867323
vt 0.393974 0.805274
vt 0.402024 0.801625
vt 0.393974 0.801625
vt 0.271937 0.899662
vt 0.305474 0.919370
vt 0.286499 0.871427
vt 0.664984 0.435384
vt 0.533624 0.493043
vt 0.538365 -0.000000
vt 0.403839 0.493042
vt 0.527515 0.762249
vt 0.933742 0.435474
vt 0.399818 0.762205
vt 0.846807 0.497888
vt 0.808393 0.435474
vt 0.846807 0.497889
vt 0.849450 0.497889
vt 0.808444 0.808444
vt 0.532880 0.762817
vt 0.813053 0.435384
vt 0.881096 0.870858
vt 0.673394 0.435384
vt 0.835951 -0.000000
vt 0.456233 0.898115
vt 0.808393 0.160588
vt 0.808393 0.239127
vt 0.840002 0.537158
vt 0.813729 0.517523
vt 0.813728 0.537158
vt 0.840002 0.517523
vt 0.813728 0.576427
vt 0.840002 0.556792
vt 0.813728 0.556793
vt 0.840002 0.576427
vt 0.846807 0.517523
vt 0.846807 0.537158
vt 0.813728 0.615697
vt 0.840002 0.596062
vt 0.813728 0.596062
vt 0.846807 0.556792
vt 0.840002 0.615697
vt 0.813728 0.654966
vt 0.840002 0.635331
vt 0.813728 0.635332
vt 0.840002 0.654966
vt 0.846806 0.576427
vt 0.846806 0.596062
vt 0.813728 0.694236
vt 0.840002 0.674601
vt 0.813728 0.674601
vt 0.846806 0.615697
vt 0.840002 0.694236
vt 0.813728 0.733505
vt 0.840002 0.713870
vt 0.813728 0.713871
vt 0.840001 0.733505
vt 0.846806 0.635331
vt 0.846806 0.654966
vt 0.813728 0.772775
vt 0.840001 0.753140
vt 0.813728 0.753140
vt 0.846806 0.674601
vt 0.840001 0.772775
vt 0.813728 0.812044
vt 0.840001 0.792409
vt 0.813728 0.792409
vt 0.840001 0.812044
vt 0.846806 0.694236
vt 0.846806 0.713870
vt 0.813727 0.851314
vt 0.840001 0.831679
vt 0.813728 0.831679
vt 0.846806 0.733505
vt 0.846806 0.851313
vt 0.846806 0.753140
vt 0.846806 0.831679
vt 0.846806 0.812044
vt 0.699680 0.942846
vt 0.984698 0.435474
vt 0.482519 0.763094
vt 1.000000 0.000000
vt 0.941096 0.134402
vt 0.907456 0.435474
vt 0.980365 0.135052
vt 0.920439 0.838680
vt 0.941096 0.270104
vt 0.941096 0.403206
vt 0.941096 0.268804
vt 0.725966 0.942845
vt 0.933742 0.838680
vt 0.778539 0.942846
vt 0.933742 0.569876
vt 0.804825 0.942845
vt 0.849451 0.517523
vt 0.875723 0.537159
vt 0.875723 0.517524
vt 0.849452 0.537158
vt 0.846807 0.517524
vt 0.846807 0.537159
vt 0.849452 0.556792
vt 0.875724 0.576428
vt 0.875724 0.556793
vt 0.846808 0.556794
vt 0.849452 0.576427
vt 0.849453 0.596062
vt 0.875725 0.615697
vt 0.875724 0.596063
vt 0.849453 0.615697
vt 0.846808 0.576428
vt 0.846808 0.596063
vt 0.849453 0.635331
vt 0.875726 0.654967
vt 0.875725 0.635332
vt 0.846809 0.615698
vt 0.849454 0.654966
vt 0.849454 0.674601
vt 0.875726 0.694236
vt 0.875726 0.674602
vt 0.849455 0.694235
vt 0.846809 0.635332
vt 0.846810 0.654967
vt 0.849455 0.713870
vt 0.875727 0.733506
vt 0.875727 0.713871
vt 0.846810 0.674602
vt 0.849455 0.733505
vt 0.849456 0.753140
vt 0.875728 0.772775
vt 0.875727 0.753140
vt 0.849456 0.772774
vt 0.846810 0.694237
vt 0.846811 0.713871
vt 0.849456 0.792409
vt 0.875728 0.812045
vt 0.875728 0.792410
vt 0.846811 0.733506
vt 0.849457 0.812044
vt 0.849457 0.831678
vt 0.875729 0.851314
vt 0.875729 0.831679
vt 0.849457 0.851313
vt 0.846811 0.753141
vt 0.846813 0.851314
vt 0.846813 0.831680
vt 0.846812 0.772775
vt 0.846807 0.928022
vt 0.429948 0.493043
vt 0.808446 0.928023
vt 0.487021 0.954620
vt 0.429948 0.763094
vt 0.464598 0.898115
vt 0.888524 0.403207
vt 0.393427 0.717825
vt 0.013368 0.888356
vt 0.021025 0.889161
vt 0.017236 0.888382
vt 0.024590 0.890666
vt 0.037118 0.913953
vt 0.034990 0.910722
vt 0.039304 0.921336
vt 0.038574 0.917537
vt 0.038498 0.928994
vt 0.039278 0.925204
vt 0.034823 0.935760
vt 0.036994 0.932558
vt 0.028839 0.940605
vt 0.032070 0.938477
vt 0.021456 0.942791
vt 0.025255 0.942062
vt 0.013798 0.941986
vt 0.017587 0.942766
vt 0.010234 0.940482
vt 0.002186 0.932326
vt 0.004314 0.935557
vt -0.000000 0.924943
vt 0.000729 0.928742
vt 0.000806 0.917285
vt 0.000026 0.921075
vt 0.002310 0.913721
vt 0.002754 0.892670
vt -0.000000 0.895387
vt 0.009568 0.889085
vt 0.039304 0.921338
vt 0.041490 0.913954
vt 0.040033 0.917538
vt 0.046334 0.907969
vt 0.043617 0.910723
vt 0.057580 0.889162
vt 0.054016 0.890667
vt 0.065236 0.888356
vt 0.061368 0.888382
vt 0.072618 0.890541
vt 0.069035 0.889085
vt 0.078602 0.895386
vt 0.075849 0.892669
vt 0.078576 0.921073
vt 0.077796 0.917284
vt 0.078602 0.924942
vt 0.039330 0.925206
vt 0.041613 0.932559
vt 0.040109 0.928995
vt 0.043784 0.935761
vt 0.053351 0.942062
vt 0.049767 0.940606
vt 0.061017 0.942765
vt 0.057149 0.942791
vt 0.068370 0.940481
vt 0.064806 0.941985
vt 0.071572 0.938310
vt 0.077872 0.928741
vt 0.076416 0.932325
vt 0.393852 0.883370
vt 0.393845 0.759018
vt 0.078602 0.909899
vt 0.079355 0.902247
vt 0.078602 0.906036
vt 0.082980 0.895466
vt 0.080834 0.898678
vt 0.088924 0.890588
vt 0.085712 0.892734
vt 0.096282 0.888356
vt 0.092493 0.889110
vt 0.103934 0.889110
vt 0.100145 0.888356
vt 0.110715 0.892734
vt 0.107503 0.890588
vt 0.115593 0.898678
vt 0.113447 0.895466
vt 0.117825 0.906036
vt 0.117072 0.902247
vt 0.117072 0.913688
vt 0.117825 0.909899
vt 0.113447 0.920470
vt 0.115593 0.917257
vt 0.100067 0.939575
vt 0.103636 0.938097
vt 0.079355 0.913688
vt 0.081844 0.935950
vt 0.079113 0.933219
vt 0.096278 0.940329
vt 0.085056 0.938097
vt 0.088626 0.939575
vt 0.427715 0.900454
vt 0.429947 0.907812
vt 0.429193 0.904023
vt 0.429195 0.915464
vt 0.429948 0.911675
vt 0.426708 0.937726
vt 0.429439 0.934994
vt 0.425569 0.897242
vt 0.419625 0.892364
vt 0.422837 0.894510
vt 0.412268 0.890132
vt 0.416057 0.890886
vt 0.404617 0.890886
vt 0.408406 0.890132
vt 0.397837 0.894510
vt 0.401049 0.892364
vt 0.395106 0.897242
vt 0.390730 0.907812
vt 0.391483 0.904023
vt 0.391484 0.915464
vt 0.390730 0.911675
vt 0.395109 0.922245
vt 0.392963 0.919033
vt 0.408489 0.941350
vt 0.397840 0.924977
vt 0.404920 0.939872
vt 0.423497 0.939872
vt 0.419928 0.941350
vt 0.416140 0.942104
vt 0.527515 0.809775
vt 0.651688 0.832473
vt 0.518756 0.763041
vt 0.658979 0.884974
vt 0.148775 0.908341
vt 0.149230 0.900702
vt 0.148627 0.904499
vt 0.152574 0.893819
vt 0.150563 0.897096
vt 0.166699 0.868367
vt 0.163207 0.869974
vt 0.149670 0.912080
vt 0.153536 0.918684
vt 0.151278 0.915572
vt 0.159634 0.923307
vt 0.156357 0.921296
vt 0.167037 0.925244
vt 0.163240 0.924640
vt 0.174618 0.924200
vt 0.170879 0.925095
vt 0.178111 0.922592
vt 0.185845 0.914236
vt 0.183834 0.917513
vt 0.187782 0.906833
vt 0.187178 0.910630
vt 0.186738 0.899252
vt 0.187633 0.902991
vt 0.184960 0.871271
vt 0.185131 0.895759
vt 0.187782 0.873883
vt 0.170438 0.867472
vt 0.174280 0.867323
vt 0.178077 0.867927
vt 0.224995 0.897097
vt 0.226931 0.904501
vt 0.226328 0.900704
vt 0.225888 0.912081
vt 0.226783 0.908342
vt 0.222023 0.918685
vt 0.224281 0.915574
vt 0.215925 0.923307
vt 0.219202 0.921297
vt 0.208523 0.925244
vt 0.212320 0.924640
vt 0.200944 0.924199
vt 0.204682 0.925095
vt 0.194340 0.920333
vt 0.197452 0.922591
vt 0.189718 0.914234
vt 0.191729 0.917512
vt 0.187782 0.906831
vt 0.188386 0.910628
vt 0.188826 0.899250
vt 0.187931 0.902989
vt 0.190603 0.871270
vt 0.187782 0.873881
vt 0.222984 0.893820
vt 0.208861 0.868368
vt 0.212353 0.869975
vt 0.193880 0.869259
vt 0.205123 0.867472
vt 0.201282 0.867323
vt 0.532880 0.674290
vt 0.532894 0.627593
vt 0.899658 0.427899
vt 0.308181 0.908947
vt 0.308809 0.901343
vt 0.308121 0.905114
vt 0.312300 0.894558
vt 0.310220 0.897779
vt 0.326209 0.872140
vt 0.322691 0.873662
vt 0.308988 0.912695
vt 0.312690 0.919367
vt 0.310510 0.916213
vt 0.318664 0.924114
vt 0.315443 0.922035
vt 0.325999 0.926214
vt 0.322228 0.925526
vt 0.333580 0.925347
vt 0.329833 0.926154
vt 0.337099 0.923825
vt 0.345000 0.915671
vt 0.342920 0.918892
vt 0.347100 0.908336
vt 0.346411 0.912107
vt 0.346232 0.900755
vt 0.347039 0.904502
vt 0.344346 0.875452
vt 0.344710 0.897236
vt 0.347100 0.878120
vt 0.329957 0.871333
vt 0.333790 0.871273
vt 0.337561 0.871961
vt 0.383973 0.897780
vt 0.386072 0.905116
vt 0.385384 0.901345
vt 0.385205 0.912697
vt 0.386012 0.908949
vt 0.381504 0.919368
vt 0.383683 0.916215
vt 0.375531 0.924115
vt 0.378751 0.922036
vt 0.368196 0.926214
vt 0.371967 0.925526
vt 0.360617 0.925347
vt 0.364364 0.926154
vt 0.353946 0.921644
vt 0.357099 0.923824
vt 0.349199 0.915670
vt 0.351278 0.918891
vt 0.347100 0.908334
vt 0.347788 0.912105
vt 0.347967 0.900753
vt 0.347160 0.904501
vt 0.349852 0.875451
vt 0.347100 0.878119
vt 0.381894 0.894560
vt 0.367987 0.872141
vt 0.371504 0.873664
vt 0.353072 0.873372
vt 0.364239 0.871334
vt 0.360407 0.871273
vt 0.538365 0.832473
vt 0.888523 0.386602
vt 0.564488 0.832474
vt 0.429948 0.503531
vt 0.617065 0.832473
vt 0.148627 0.888355
vt 0.269290 0.871273
vt 0.117899 0.492784
vt 0.887585 0.427871
vt 0.871980 0.399901
vt 0.526539 0.877427
vt 0.310361 0.936574
vt 0.308877 0.940156
vt 0.315256 0.930609
vt 0.312515 0.933350
vt 0.322062 0.926971
vt 0.318480 0.928454
vt 0.329742 0.926214
vt 0.325865 0.926214
vt 0.337127 0.928454
vt 0.333545 0.926971
vt 0.343092 0.933350
vt 0.340350 0.930608
vt 0.346730 0.940156
vt 0.345246 0.936574
vt 0.347486 0.943958
vt 0.345246 0.955220
vt 0.346730 0.951638
vt 0.340350 0.961186
vt 0.343092 0.958444
vt 0.333545 0.964823
vt 0.337127 0.963340
vt 0.329742 0.965580
vt 0.318480 0.963340
vt 0.322062 0.964823
vt 0.312515 0.958444
vt 0.315256 0.961186
vt 0.308877 0.951638
vt 0.310361 0.955220
vt 0.308121 0.947836
vt 0.348243 0.940156
vt 0.347486 0.943959
vt 0.351880 0.933350
vt 0.349726 0.936574
vt 0.357844 0.928455
vt 0.354621 0.930609
vt 0.365228 0.926214
vt 0.361426 0.926971
vt 0.372907 0.926971
vt 0.369105 0.926214
vt 0.379711 0.930609
vt 0.376488 0.928455
vt 0.384606 0.936574
vt 0.382452 0.933350
vt 0.386089 0.940156
vt 0.386089 0.951638
vt 0.386845 0.947836
vt 0.382451 0.958444
vt 0.384605 0.955220
vt 0.376487 0.963340
vt 0.379710 0.961186
vt 0.372905 0.964824
vt 0.361425 0.964824
vt 0.365227 0.965580
vt 0.354620 0.961186
vt 0.357843 0.963340
vt 0.349726 0.955220
vt 0.351879 0.958444
vt 0.348242 0.951638
vt 0.215651 0.925243
vt 0.145759 0.888356
vt 0.863811 0.399914
vt 0.145759 0.923835
vt 0.833768 0.966479
vt 0.837335 0.965001
vt 0.826118 0.967232
vt 0.829980 0.967232
vt 0.818763 0.965001
vt 0.822330 0.966479
vt 0.812821 0.960125
vt 0.815552 0.962856
vt 0.809198 0.953346
vt 0.810675 0.956914
vt 0.808444 0.945697
vt 0.808444 0.949558
vt 0.810675 0.938341
vt 0.809198 0.941909
vt 0.812821 0.935130
vt 0.822330 0.928776
vt 0.818763 0.930254
vt 0.829980 0.928023
vt 0.826118 0.928023
vt 0.837335 0.930254
vt 0.833768 0.928776
vt 0.840546 0.932400
vt 0.846901 0.941909
vt 0.845423 0.938341
vt 0.847654 0.949558
vt 0.847654 0.945697
vt 0.845423 0.956914
vt 0.846900 0.953346
vt 0.843277 0.960125
vt 0.307367 0.954258
vt 0.308120 0.950470
vt 0.303744 0.961037
vt 0.305889 0.957826
vt 0.297803 0.965913
vt 0.301014 0.963767
vt 0.290449 0.968144
vt 0.294236 0.967391
vt 0.282801 0.967390
vt 0.286588 0.968144
vt 0.276023 0.963767
vt 0.279233 0.965913
vt 0.271148 0.957825
vt 0.273293 0.961036
vt 0.269670 0.954258
vt 0.269671 0.942820
vt 0.268917 0.946608
vt 0.273294 0.936042
vt 0.271148 0.939253
vt 0.279235 0.931165
vt 0.276024 0.933311
vt 0.282802 0.929688
vt 0.294237 0.929688
vt 0.290450 0.928934
vt 0.301015 0.933311
vt 0.297804 0.931166
vt 0.305890 0.939253
vt 0.303745 0.936042
vt 0.307367 0.942821
vt 0.526904 0.849456
vt 0.643517 0.832473
vt 0.402137 0.848422
vt 0.863811 0.399901
vt 0.261953 0.932419
vt 0.265428 0.939251
vt 0.264027 0.935664
vt 0.266024 0.946893
vt 0.266102 0.943043
vt 0.265196 0.950654
vt 0.266102 0.962900
vt 0.259286 0.929641
vt 0.252601 0.925891
vt 0.256128 0.927437
vt 0.244989 0.924985
vt 0.248840 0.925063
vt 0.237611 0.927060
vt 0.241198 0.925659
vt 0.231588 0.931801
vt 0.234366 0.929134
vt 0.229384 0.934959
vt 0.226931 0.946097
vt 0.227010 0.942247
vt 0.229007 0.953476
vt 0.227606 0.949889
vt 0.233748 0.959499
vt 0.231081 0.956721
vt 0.242885 0.971968
vt 0.239358 0.970422
vt 0.246646 0.972796
vt 0.257875 0.970799
vt 0.254288 0.972200
vt 0.261120 0.968725
vt 0.148627 0.943303
vt 0.150702 0.935924
vt 0.149301 0.939512
vt 0.155442 0.929901
vt 0.152775 0.932679
vt 0.162126 0.926150
vt 0.158599 0.927697
vt 0.165886 0.925322
vt 0.177113 0.927318
vt 0.173527 0.925917
vt 0.183135 0.932058
vt 0.180358 0.929392
vt 0.186885 0.938743
vt 0.185339 0.935216
vt 0.187713 0.942504
vt 0.185716 0.953733
vt 0.187117 0.950146
vt 0.180976 0.959756
vt 0.183643 0.956978
vt 0.171840 0.972226
vt 0.175367 0.970680
vt 0.164230 0.973133
vt 0.168080 0.973054
vt 0.156852 0.971058
vt 0.160439 0.972459
vt 0.150830 0.966318
vt 0.153608 0.968985
vt 0.148627 0.963160
vt 0.148705 0.947153
vt 0.527528 0.762817
vt 0.265614 0.902882
vt 0.265175 0.910459
vt 0.265768 0.906692
vt 0.261870 0.917290
vt 0.263859 0.914037
vt 0.256202 0.922337
vt 0.259285 0.920093
vt 0.249034 0.924831
vt 0.252741 0.923937
vt 0.241458 0.924392
vt 0.245224 0.924985
vt 0.234626 0.921087
vt 0.237879 0.923076
vt 0.229579 0.915419
vt 0.231823 0.918502
vt 0.227085 0.908251
vt 0.227979 0.911958
vt 0.227524 0.900675
vt 0.226931 0.904441
vt 0.230829 0.893843
vt 0.228840 0.897096
vt 0.244850 0.868371
vt 0.241389 0.869971
vt 0.264720 0.899175
vt 0.262965 0.871221
vt 0.265768 0.873806
vt 0.248557 0.867477
vt 0.259712 0.869232
vt 0.256133 0.867916
vt 0.271199 0.917985
vt 0.269290 0.910640
vt 0.269883 0.914407
vt 0.270338 0.903123
vt 0.269444 0.906830
vt 0.272092 0.875170
vt 0.269290 0.877755
vt 0.273187 0.921239
vt 0.278854 0.926286
vt 0.275772 0.924041
vt 0.286021 0.928780
vt 0.282315 0.927886
vt 0.293597 0.928342
vt 0.289830 0.928934
vt 0.300427 0.925038
vt 0.297175 0.927026
vt 0.303229 0.922452
vt 0.307967 0.912202
vt 0.307073 0.915909
vt 0.307528 0.904626
vt 0.308121 0.908393
vt 0.304223 0.897794
vt 0.306212 0.901047
vt 0.290205 0.872321
vt 0.301638 0.894991
vt 0.293665 0.873921
vt 0.275345 0.873181
vt 0.278923 0.871865
vt 0.282689 0.871273
s 0
usemtl wood
f 2/1/1 1/2/1 3/3/1
f 4/4/2 3/5/2 7/6/2
f 7/1/3 5/7/3 6/8/3
f 5/9/4 1/10/4 2/11/4
f 7/12/5 3/13/5 1/14/5
f 8/15/6 6/16/6 2/17/6
f 10/18/7 9/3/7 11/19/7
f 12/20/8 11/21/8 15/22/8
f 16/23/9 15/24/9 13/25/9
f 14/21/10 13/26/10 9/27/10
f 15/28/11 11/29/11 9/30/11
f 12/29/12 16/28/12 14/31/12
f 23/41/11 19/42/11 17/43/11
f 426/525/77 425/526/77 427/527/77
f 428/528/78 427/529/78 431/530/78
f 432/531/79 431/532/79 429/533/79
f 429/13/80 425/534/80 426/535/80
f 431/536/11 427/537/11 425/538/11
f 432/539/12 430/540/12 426/541/12
f 434/542/81 433/543/81 435/544/81
f 435/545/8 439/546/8 440/547/8
f 440/548/82 439/549/82 437/550/82
f 438/551/10 437/552/10 433/553/10
f 439/554/11 435/555/11 433/556/11
f 436/557/12 440/558/12 438/559/12
f 2/1/1 3/3/1 4/7/1
f 4/4/2 7/6/2 8/853/2
f 7/1/3 6/8/3 8/854/3
f 5/9/4 2/11/4 6/853/4
f 7/12/5 1/14/5 5/855/5
f 8/15/6 2/17/6 4/856/6
f 10/18/7 11/19/7 12/857/7
f 12/20/8 15/22/8 16/858/8
f 16/23/9 13/25/9 14/859/9
f 14/21/10 9/27/10 10/22/10
f 15/28/11 9/30/11 13/16/11
f 12/29/12 14/31/12 10/557/12
f 23/41/19 39/72/19 38/868/19
f 426/525/77 427/527/77 428/1241/77
f 428/528/113 431/530/113 432/1242/113
f 432/531/79 429/533/79 430/1243/79
f 429/13/114 426/535/114 430/1244/114
f 431/536/11 425/538/11 429/1241/11
f 432/539/12 426/541/12 428/551/12
f 434/542/81 435/544/81 436/533/81
f 435/545/8 440/547/8 436/529/8
f 440/548/82 437/550/82 438/1245/82
f 438/551/10 433/553/10 434/1246/10
f 439/554/11 433/556/11 437/1247/11
f 436/557/12 438/559/12 434/1248/12
usemtl metal
f 25/32/7 26/33/7 20/34/7
f 20/35/8 26/36/8 27/37/8
f 63/38/13 32/39/13 31/40/13
f 24/41/12 22/44/12 18/45/12
f 43/46/14 44/47/14 28/48/14
f 42/46/8 43/46/8 27/46/8
f 41/46/8 42/46/8 26/46/8
f 81/49/12 116/50/12 29/51/12
f 44/52/10 25/53/10 18/54/10
f 21/55/15 17/56/15 36/57/15
f 17/58/7 19/59/7 33/60/7
f 33/61/8 19/62/8 23/44/8
f 35/63/16 34/51/16 37/64/16
f 37/65/9 38/18/9 39/66/9
f 34/67/17 23/44/17 38/68/17
f 21/55/18 35/69/18 40/70/18
f 23/41/19 21/71/19 39/72/19
f 35/69/20 36/57/20 41/53/20
f 36/73/7 33/60/7 42/74/7
f 33/61/21 34/67/21 43/75/21
f 43/76/9 34/77/9 35/78/9
f 22/44/12 24/41/12 99/79/12
f 98/80/12 99/79/12 100/81/12
f 97/82/12 100/81/12 101/83/12
f 96/84/12 101/83/12 102/85/12
f 95/86/12 102/85/12 103/87/12
f 103/87/12 104/88/12 93/89/12
f 93/89/12 104/88/12 105/90/12
f 92/91/12 105/90/12 106/92/12
f 91/93/12 106/92/12 107/94/12
f 107/94/12 108/95/12 89/96/12
f 89/96/12 108/95/12 109/97/12
f 88/98/12 109/97/12 110/99/12
f 87/100/12 110/99/12 111/101/12
f 86/102/12 111/101/12 112/103/12
f 85/104/12 112/103/12 113/105/12
f 84/106/12 113/105/12 114/107/12
f 83/108/12 114/107/12 115/109/12
f 82/110/12 115/109/12 116/50/12
f 178/111/22 177/112/22 179/113/22
f 176/114/23 175/115/23 177/116/23
f 174/117/24 173/118/24 175/115/24
f 172/119/25 171/120/25 173/118/25
f 170/121/26 169/122/26 171/120/26
f 112/123/8 62/124/8 113/125/8
f 180/126/27 179/113/27 181/127/27
f 27/128/28 28/129/28 80/130/28
f 58/131/9 130/132/9 139/133/9
f 46/134/29 79/135/29 78/136/29
f 48/137/29 77/138/29 76/139/29
f 57/140/7 68/141/7 140/142/7
f 50/143/29 75/144/29 74/145/29
f 52/146/29 73/147/29 72/148/29
f 186/149/30 185/150/30 187/151/30
f 54/152/29 71/153/29 70/154/29
f 56/155/9 128/156/9 141/157/9
f 69/158/29 68/159/29 57/148/29
f 58/27/29 67/160/29 66/138/29
f 55/161/7 70/162/7 142/163/7
f 65/164/29 64/165/29 61/139/29
f 182/166/31 181/127/31 183/167/31
f 117/168/29 152/134/29 151/169/29
f 150/146/29 149/164/29 120/138/29
f 121/170/29 148/171/29 147/172/29
f 123/144/29 146/170/29 145/173/29
f 125/174/29 144/154/29 143/175/29
f 127/176/29 142/130/29 141/144/29
f 140/148/29 139/177/29 130/165/29
f 138/159/29 137/178/29 132/177/29
f 136/179/29 135/180/29 134/181/29
f 45/182/7 80/183/7 152/184/7
f 59/185/7 66/186/7 138/187/7
f 46/188/9 118/189/9 151/184/9
f 60/190/9 132/191/9 137/192/9
f 47/193/7 78/152/7 150/194/7
f 61/195/7 64/196/7 136/197/7
f 48/198/9 120/199/9 149/200/9
f 62/201/9 134/202/9 135/203/9
f 184/204/32 183/167/32 185/150/32
f 49/205/7 76/206/7 148/157/7
f 50/207/9 122/208/9 147/194/9
f 51/209/7 74/210/7 146/192/7
f 52/211/9 124/201/9 145/212/9
f 53/213/7 72/208/7 144/214/7
f 54/215/9 126/216/9 143/217/9
f 32/218/10 84/219/10 83/220/10
f 153/221/9 155/222/9 156/223/9
f 29/224/8 31/225/8 155/226/8
f 30/227/10 154/228/10 156/229/10
f 30/230/9 29/231/9 161/232/9
f 158/233/33 160/234/33 159/235/33
f 155/226/34 31/225/34 157/236/34
f 164/237/8 162/238/8 166/239/8
f 29/78/10 153/240/10 163/241/10
f 153/235/7 154/230/7 164/242/7
f 154/243/8 30/244/8 162/238/8
f 166/245/12 165/234/12 167/233/12
f 163/246/35 164/242/35 168/247/35
f 161/248/10 163/241/10 167/249/10
f 162/242/9 161/232/9 165/250/9
f 188/251/36 187/151/36 189/252/36
f 190/253/37 189/252/37 191/254/37
f 192/255/38 191/256/38 193/257/38
f 194/258/39 193/257/39 195/259/39
f 196/260/40 195/259/40 197/261/40
f 198/262/41 197/261/41 199/263/41
f 200/264/42 199/263/42 201/265/42
f 202/266/43 201/265/43 203/267/43
f 204/268/44 203/267/44 205/269/44
f 206/270/45 205/269/45 207/271/45
f 208/272/46 207/271/46 209/273/46
f 210/274/47 209/275/47 211/276/47
f 212/277/48 211/276/48 213/278/48
f 214/279/49 213/278/49 215/280/49
f 216/281/50 215/280/50 217/282/50
f 218/283/51 217/282/51 219/284/51
f 220/285/52 219/284/52 221/286/52
f 222/287/53 221/286/53 223/288/53
f 224/289/54 223/288/54 225/290/54
f 226/291/55 225/292/55 227/293/55
f 228/294/56 227/293/56 229/295/56
f 176/296/12 188/297/12 208/298/12
f 230/299/57 229/295/57 231/300/57
f 232/301/58 231/300/58 169/122/58
f 193/302/11 221/303/11 205/304/11
f 234/305/26 233/306/26 235/307/26
f 236/308/25 235/307/25 237/309/25
f 238/310/24 237/309/24 239/311/24
f 240/312/59 239/311/59 241/313/59
f 242/314/60 241/313/60 243/315/60
f 244/316/61 243/317/61 245/318/61
f 246/319/31 245/318/31 247/320/31
f 248/321/32 247/320/32 249/322/32
f 250/323/30 249/322/30 251/324/30
f 252/325/36 251/324/36 253/326/36
f 254/327/62 253/326/62 255/328/62
f 256/329/63 255/328/63 257/330/63
f 258/331/64 257/332/64 259/333/64
f 260/334/40 259/333/40 261/335/40
f 262/336/41 261/335/41 263/337/41
f 264/338/42 263/337/42 265/339/42
f 266/340/43 265/339/43 267/341/43
f 268/342/44 267/341/44 269/343/44
f 270/344/45 269/343/45 271/345/45
f 272/346/46 271/345/46 273/347/46
f 274/348/47 273/349/47 275/350/47
f 276/351/48 275/350/48 277/352/48
f 278/353/49 277/352/49 279/354/49
f 280/355/50 279/354/50 281/356/50
f 282/357/51 281/356/51 283/358/51
f 284/359/52 283/358/52 285/360/52
f 286/361/53 285/360/53 287/362/53
f 288/363/54 287/362/54 289/364/54
f 290/256/55 289/365/55 291/366/55
f 292/367/56 291/366/56 293/368/56
f 260/369/12 242/370/12 252/371/12
f 294/372/57 293/368/57 295/373/57
f 296/374/58 295/373/58 233/306/58
f 241/375/11 273/376/11 253/377/11
f 298/378/26 297/379/26 299/380/26
f 300/381/25 299/380/25 301/382/25
f 302/383/24 301/382/24 303/384/24
f 304/385/59 303/384/59 305/386/59
f 306/387/22 305/388/22 307/389/22
f 308/390/27 307/389/27 309/391/27
f 310/392/31 309/391/31 311/393/31
f 312/394/32 311/393/32 313/395/32
f 314/396/30 313/395/30 315/397/30
f 316/398/36 315/397/36 317/399/36
f 318/400/37 317/399/37 319/401/37
f 320/402/63 319/401/63 321/403/63
f 322/404/39 321/405/39 323/406/39
f 324/407/40 323/406/40 325/408/40
f 326/409/41 325/408/41 327/410/41
f 328/411/42 327/410/42 329/412/42
f 330/413/43 329/412/43 331/414/43
f 332/415/44 331/414/44 333/416/44
f 334/417/45 333/416/45 335/418/45
f 336/419/46 335/418/46 337/420/46
f 338/421/65 337/420/65 339/422/65
f 340/423/48 339/424/48 341/425/48
f 342/426/49 341/425/49 343/427/49
f 344/428/50 343/427/50 345/429/50
f 346/430/51 345/429/51 347/431/51
f 348/432/52 347/431/52 349/433/52
f 350/434/53 349/433/53 351/435/53
f 352/436/54 351/435/54 353/437/54
f 354/438/66 353/439/66 355/440/66
f 356/441/56 355/440/56 357/442/56
f 356/443/12 324/444/12 344/445/12
f 358/446/57 357/442/57 359/447/57
f 360/448/58 359/447/58 297/379/58
f 337/449/11 355/450/11 345/451/11
f 362/452/26 361/453/26 363/454/26
f 364/455/67 363/454/67 365/456/67
f 366/457/24 365/456/24 367/458/24
f 368/459/59 367/458/59 369/460/59
f 370/461/22 369/462/22 371/463/22
f 372/464/68 371/463/68 373/465/68
f 374/466/31 373/465/31 375/467/31
f 376/468/32 375/467/32 377/469/32
f 378/470/30 377/469/30 379/471/30
f 380/472/36 379/471/36 381/473/36
f 382/474/69 381/473/69 383/475/69
f 384/476/63 383/475/63 385/477/63
f 386/478/39 385/479/39 387/480/39
f 388/481/40 387/480/40 389/482/40
f 390/483/41 389/482/41 391/484/41
f 392/485/70 391/484/70 393/486/70
f 394/487/71 393/486/71 395/488/71
f 396/489/44 395/488/44 397/490/44
f 398/491/45 397/490/45 399/492/45
f 400/493/46 399/492/46 401/494/46
f 402/495/72 401/494/72 403/496/72
f 404/497/48 403/498/48 405/499/48
f 406/500/49 405/499/49 407/501/49
f 408/502/73 407/501/73 409/503/73
f 410/504/74 409/503/74 411/505/74
f 412/506/52 411/505/52 413/507/52
f 414/508/53 413/507/53 415/509/53
f 416/510/54 415/509/54 417/511/54
f 418/512/75 417/477/75 419/513/75
f 420/514/56 419/513/56 421/515/56
f 420/516/12 388/517/12 408/518/12
f 422/519/76 421/515/76 423/520/76
f 424/521/58 423/520/58 361/453/58
f 401/522/11 419/523/11 409/524/11
f 442/560/83 441/561/83 443/562/83
f 444/563/84 443/562/84 445/564/84
f 446/565/24 445/564/24 447/566/24
f 448/567/59 447/566/59 449/568/59
f 450/569/22 449/570/22 451/571/22
f 452/572/27 451/571/27 453/573/27
f 454/574/31 453/573/31 455/575/31
f 456/576/32 455/575/32 457/577/32
f 458/578/30 457/577/30 459/579/30
f 460/580/36 459/579/36 461/581/36
f 462/582/37 461/581/37 463/583/37
f 464/584/63 463/583/63 465/585/63
f 466/586/39 465/587/39 467/588/39
f 468/589/40 467/588/40 469/590/40
f 470/591/41 469/590/41 471/592/41
f 472/593/70 471/592/70 473/594/70
f 474/595/71 473/594/71 475/596/71
f 476/597/44 475/596/44 477/598/44
f 478/599/45 477/598/45 479/600/45
f 480/601/46 479/600/46 481/602/46
f 482/603/47 481/604/47 483/605/47
f 484/606/48 483/605/48 485/607/48
f 486/608/49 485/607/49 487/609/49
f 488/610/73 487/609/73 489/611/73
f 490/612/74 489/611/74 491/613/74
f 492/614/52 491/613/52 493/615/52
f 494/616/53 493/615/53 495/617/53
f 496/618/54 495/617/54 497/619/54
f 498/620/55 497/621/55 499/622/55
f 500/623/56 499/622/56 501/624/56
f 478/625/12 446/626/12 462/627/12
f 502/628/85 501/624/85 503/629/85
f 504/630/86 503/629/86 441/561/86
f 471/631/11 503/625/11 487/632/11
f 506/633/26 505/634/26 507/635/26
f 508/636/25 507/635/25 509/637/25
f 510/638/24 509/637/24 511/639/24
f 512/640/87 511/639/87 513/641/87
f 514/559/22 513/642/22 515/643/22
f 516/644/27 515/643/27 517/645/27
f 518/646/31 517/645/31 519/647/31
f 520/648/32 519/647/32 521/649/32
f 522/650/30 521/649/30 523/651/30
f 524/652/36 523/651/36 525/653/36
f 526/654/37 525/653/37 527/655/37
f 528/656/63 527/655/63 529/657/63
f 530/658/39 529/659/39 531/660/39
f 532/661/40 531/660/40 533/662/40
f 534/663/41 533/662/41 535/664/41
f 536/665/42 535/664/42 537/666/42
f 538/667/43 537/666/43 539/668/43
f 540/669/44 539/668/44 541/670/44
f 542/671/45 541/670/45 543/672/45
f 544/673/46 543/672/46 545/674/46
f 546/675/47 545/676/47 547/677/47
f 548/678/88 547/677/88 549/679/88
f 550/680/89 549/679/89 551/681/89
f 552/682/90 551/681/90 553/683/90
f 554/684/91 553/683/91 555/685/91
f 556/686/52 555/685/52 557/687/52
f 558/688/92 557/687/92 559/689/92
f 560/690/54 559/689/54 561/691/54
f 562/692/55 561/693/55 563/694/55
f 564/695/56 563/694/56 565/696/56
f 542/697/12 510/698/12 526/699/12
f 566/700/57 565/696/57 567/701/57
f 568/702/58 567/701/58 505/634/58
f 535/703/11 567/704/11 551/705/11
f 570/706/26 569/707/26 571/708/26
f 572/709/84 571/708/84 573/710/84
f 574/711/24 573/710/24 575/712/24
f 576/713/59 575/712/59 577/587/59
f 578/714/22 577/715/22 579/716/22
f 580/717/27 579/716/27 581/718/27
f 582/719/31 581/718/31 583/720/31
f 584/721/32 583/720/32 585/722/32
f 586/723/30 585/722/30 587/724/30
f 588/725/36 587/724/36 589/726/36
f 590/727/37 589/726/37 591/728/37
f 592/729/63 591/728/63 593/730/63
f 594/731/39 593/732/39 595/733/39
f 596/734/40 595/733/40 597/735/40
f 598/736/41 597/735/41 599/737/41
f 600/738/42 599/737/42 601/739/42
f 602/740/43 601/739/43 603/741/43
f 604/742/44 603/741/44 605/743/44
f 606/744/45 605/743/45 607/745/45
f 608/746/93 607/745/93 609/747/93
f 610/748/47 609/749/47 611/750/47
f 612/751/48 611/750/48 613/752/48
f 614/753/49 613/752/49 615/754/49
f 616/755/50 615/754/50 617/756/50
f 618/757/51 617/756/51 619/758/51
f 620/759/52 619/758/52 621/760/52
f 622/761/53 621/760/53 623/762/53
f 624/763/54 623/762/54 625/764/54
f 626/765/94 625/766/94 627/767/94
f 628/768/95 627/767/95 629/769/95
f 624/770/12 596/771/12 616/772/12
f 630/773/85 629/769/85 631/774/85
f 632/775/58 631/774/58 569/707/58
f 583/776/11 627/777/11 599/778/11
f 634/779/26 633/780/26 635/781/26
f 636/782/25 635/781/25 637/783/25
f 638/784/96 637/783/96 639/785/96
f 640/786/59 639/785/59 641/787/59
f 642/788/97 641/787/97 643/789/97
f 644/790/98 643/791/98 645/792/98
f 646/793/31 645/792/31 647/794/31
f 648/795/32 647/794/32 649/796/32
f 650/797/30 649/796/30 651/798/30
f 652/799/36 651/798/36 653/800/36
f 654/801/99 653/800/99 655/802/99
f 656/803/63 655/802/63 657/804/63
f 658/805/100 657/806/100 659/807/100
f 660/808/101 659/807/101 661/809/101
f 662/810/41 661/809/41 663/811/41
f 664/812/42 663/811/42 665/813/42
f 666/814/43 665/813/43 667/815/43
f 668/816/44 667/815/44 669/817/44
f 670/818/45 669/817/45 671/819/45
f 672/820/46 671/819/46 673/821/46
f 674/822/47 673/823/47 675/824/47
f 676/825/102 675/824/102 677/826/102
f 678/827/49 677/826/49 679/828/49
f 680/829/73 679/828/73 681/830/73
f 682/831/74 681/830/74 683/832/74
f 684/833/52 683/832/52 685/834/52
f 686/835/92 685/834/92 687/836/92
f 688/837/54 687/836/54 689/838/54
f 690/839/55 689/840/55 691/841/55
f 692/842/56 691/841/56 693/843/56
f 660/844/12 642/845/12 652/846/12
f 694/847/57 693/843/57 695/848/57
f 696/849/58 695/848/58 633/780/58
f 641/850/11 673/851/11 653/852/11
f 25/32/7 20/34/7 18/24/7
f 20/35/8 27/37/8 24/860/8
f 63/38/29 31/40/29 62/129/29
f 23/41/103 17/43/103 21/71/103
f 24/41/12 18/45/12 20/42/12
f 43/46/8 28/48/8 27/46/8
f 42/46/8 27/46/8 26/46/8
f 41/46/8 26/46/8 25/46/8
f 81/49/12 29/51/12 30/861/12
f 44/52/7 22/862/7 28/863/7
f 44/52/104 18/54/104 22/862/104
f 25/53/8 44/52/8 41/53/8
f 21/55/105 36/57/105 35/69/105
f 17/58/7 33/60/7 36/73/7
f 33/61/106 23/44/106 34/67/106
f 35/63/16 37/64/16 40/864/16
f 37/65/9 39/66/9 40/865/9
f 34/67/17 38/68/17 37/866/17
f 21/55/18 40/70/18 39/867/18
f 35/69/107 41/53/107 44/52/107
f 36/73/7 42/74/7 41/239/7
f 33/61/8 43/75/8 42/869/8
f 43/76/9 35/78/9 44/870/9
f 22/44/12 99/79/12 98/80/12
f 98/80/12 100/81/12 97/82/12
f 97/82/12 101/83/12 96/84/12
f 96/84/12 102/85/12 95/86/12
f 95/86/12 103/87/12 94/871/12
f 103/87/12 93/89/12 94/871/12
f 93/89/12 105/90/12 92/91/12
f 92/91/12 106/92/12 91/93/12
f 91/93/12 107/94/12 90/872/12
f 107/94/12 89/96/12 90/872/12
f 89/96/12 109/97/12 88/98/12
f 88/98/12 110/99/12 87/100/12
f 87/100/12 111/101/12 86/102/12
f 86/102/12 112/103/12 85/104/12
f 85/104/12 113/105/12 84/106/12
f 84/106/12 114/107/12 83/108/12
f 83/108/12 115/109/12 82/110/12
f 82/110/12 116/50/12 81/49/12
f 178/111/22 179/113/22 180/126/22
f 176/114/23 177/116/23 178/347/23
f 174/117/24 175/115/24 176/114/24
f 172/119/25 173/118/25 174/117/25
f 170/121/26 171/120/26 172/119/26
f 46/873/108 117/874/108 118/875/108
f 45/876/8 24/860/8 27/37/8
f 46/873/108 45/876/108 117/874/108
f 120/877/108 47/878/108 119/879/108
f 46/873/8 24/860/8 45/876/8
f 48/880/108 47/878/108 120/877/108
f 47/878/8 24/860/8 46/873/8
f 47/878/8 99/881/8 24/860/8
f 48/880/8 99/881/8 47/878/8
f 48/880/8 100/882/8 99/881/8
f 122/883/108 49/884/108 121/885/108
f 49/884/8 100/882/8 48/880/8
f 49/884/8 101/886/8 100/882/8
f 50/887/108 49/884/108 122/883/108
f 124/888/108 51/889/108 123/890/108
f 50/887/8 101/886/8 49/884/8
f 52/891/108 51/889/108 124/888/108
f 51/889/8 101/886/8 50/887/8
f 51/889/8 102/892/8 101/886/8
f 52/891/8 102/892/8 51/889/8
f 52/891/8 103/893/8 102/892/8
f 126/894/108 53/895/108 125/896/108
f 53/895/8 103/893/8 52/891/8
f 53/895/8 104/897/8 103/893/8
f 54/898/108 53/895/108 126/894/108
f 128/899/108 55/900/108 127/901/108
f 54/898/8 104/897/8 53/895/8
f 56/902/108 55/900/108 128/899/108
f 55/900/8 104/897/8 54/898/8
f 55/900/8 105/903/8 104/897/8
f 56/902/8 105/903/8 55/900/8
f 56/902/8 106/904/8 105/903/8
f 130/905/108 57/906/108 129/907/108
f 57/906/8 106/904/8 56/902/8
f 57/906/8 107/908/8 106/904/8
f 58/909/108 57/906/108 130/905/108
f 132/910/108 59/911/108 131/912/108
f 58/909/8 107/908/8 57/906/8
f 60/913/108 59/911/108 132/910/108
f 59/911/8 107/908/8 58/909/8
f 59/911/8 108/914/8 107/908/8
f 60/913/8 108/914/8 59/911/8
f 60/913/8 109/915/8 108/914/8
f 134/916/108 61/917/108 133/918/108
f 61/917/8 109/915/8 60/913/8
f 61/917/8 110/919/8 109/915/8
f 62/124/108 61/917/108 134/916/108
f 29/224/8 62/124/8 31/225/8
f 116/920/8 62/124/8 29/224/8
f 62/124/8 110/919/8 61/917/8
f 62/124/8 111/921/8 110/919/8
f 115/922/8 62/124/8 116/920/8
f 114/923/8 62/124/8 115/922/8
f 62/124/8 112/123/8 111/921/8
f 113/125/8 62/124/8 114/923/8
f 180/126/27 181/127/27 182/166/27
f 27/128/29 80/130/29 45/176/29
f 58/131/9 139/133/9 67/924/9
f 46/134/29 78/136/29 47/169/29
f 48/137/29 76/139/29 49/925/29
f 57/140/7 140/142/7 129/926/7
f 50/143/29 74/145/29 51/927/29
f 52/146/29 72/148/29 53/164/29
f 186/149/30 187/151/30 188/251/30
f 54/152/29 70/154/29 55/174/29
f 56/155/9 141/157/9 69/928/9
f 69/158/29 57/148/29 56/147/29
f 58/27/29 66/138/29 59/137/29
f 55/161/7 142/163/7 127/929/7
f 65/164/29 61/139/29 60/138/29
f 182/166/31 183/167/31 184/204/31
f 117/168/29 151/169/29 118/930/29
f 150/146/29 120/138/29 119/160/29
f 121/170/29 147/172/29 122/173/29
f 123/144/29 145/173/29 124/145/29
f 125/174/29 143/175/29 126/931/29
f 127/176/29 141/144/29 128/143/29
f 140/148/29 130/165/29 129/164/29
f 138/159/29 132/177/29 131/148/29
f 136/179/29 134/181/29 133/932/29
f 45/182/7 152/184/7 117/189/7
f 59/185/7 138/187/7 131/196/7
f 46/188/9 151/184/9 79/933/9
f 60/190/9 137/192/9 65/934/9
f 47/193/7 150/194/7 119/208/7
f 61/195/7 136/197/7 133/858/7
f 48/198/9 149/200/9 77/935/9
f 62/201/9 135/203/9 63/212/9
f 184/204/32 185/150/32 186/149/32
f 49/205/7 148/157/7 121/156/7
f 50/207/9 147/194/9 75/936/9
f 51/209/7 146/192/7 123/191/7
f 52/211/9 145/212/9 73/937/9
f 53/213/7 144/214/7 125/938/7
f 54/215/9 143/217/9 71/939/9
f 80/940/109 151/941/109 152/942/109
f 80/940/109 79/943/109 151/941/109
f 22/862/110 80/940/110 28/863/110
f 98/944/111 80/940/111 22/862/111
f 98/944/111 79/943/111 80/940/111
f 97/945/111 79/943/111 98/944/111
f 78/946/109 149/947/109 150/948/109
f 97/945/111 78/946/111 79/943/111
f 96/949/111 78/946/111 97/945/111
f 78/946/109 77/950/109 149/947/109
f 76/951/109 147/952/109 148/953/109
f 96/949/111 77/950/111 78/946/111
f 76/951/109 75/954/109 147/952/109
f 96/949/111 76/951/111 77/950/111
f 95/955/111 76/951/111 96/949/111
f 95/955/111 75/954/111 76/951/111
f 94/956/111 75/954/111 95/955/111
f 74/957/109 145/958/109 146/959/109
f 94/956/111 74/957/111 75/954/111
f 93/960/111 74/957/111 94/956/111
f 74/957/109 73/961/109 145/958/109
f 72/962/109 143/963/109 144/964/109
f 93/960/111 73/961/111 74/957/111
f 72/962/109 71/965/109 143/963/109
f 93/960/111 72/962/111 73/961/111
f 92/966/111 72/962/111 93/960/111
f 92/966/111 71/965/111 72/962/111
f 91/967/111 71/965/111 92/966/111
f 70/968/109 141/969/109 142/970/109
f 91/967/111 70/968/111 71/965/111
f 90/971/111 70/968/111 91/967/111
f 70/968/109 69/972/109 141/969/109
f 68/973/109 139/974/109 140/975/109
f 90/971/111 69/972/111 70/968/111
f 68/973/109 67/976/109 139/974/109
f 90/971/111 68/973/111 69/972/111
f 89/977/111 68/973/111 90/971/111
f 89/977/111 67/976/111 68/973/111
f 88/978/111 67/976/111 89/977/111
f 66/979/109 137/980/109 138/981/109
f 88/978/111 66/979/111 67/976/111
f 87/982/111 66/979/111 88/978/111
f 66/979/109 65/983/109 137/980/109
f 64/984/109 135/985/109 136/986/109
f 87/982/111 65/983/111 66/979/111
f 64/984/109 63/987/109 135/985/109
f 87/982/111 64/984/111 65/983/111
f 86/988/111 64/984/111 87/982/111
f 64/984/11 32/218/11 63/987/11
f 32/218/10 81/989/10 30/227/10
f 32/218/10 82/990/10 81/989/10
f 86/988/112 32/218/112 64/984/112
f 85/991/10 32/218/10 86/988/10
f 32/218/10 83/220/10 82/990/10
f 84/219/10 32/218/10 85/991/10
f 153/221/9 156/223/9 154/555/9
f 29/224/8 155/226/8 153/992/8
f 30/227/10 156/229/10 32/218/10
f 30/230/9 161/232/9 162/242/9
f 158/233/33 159/235/33 157/993/33
f 155/226/34 157/236/34 159/994/34
f 164/237/8 166/239/8 168/995/8
f 29/78/10 163/241/10 161/248/10
f 153/235/7 164/242/7 163/246/7
f 154/243/8 162/238/8 164/237/8
f 166/245/12 167/233/12 168/996/12
f 163/246/35 168/247/35 167/2/35
f 161/248/10 167/249/10 165/997/10
f 162/242/9 165/250/9 166/247/9
f 188/251/36 189/252/36 190/253/36
f 190/253/37 191/254/37 192/998/37
f 192/255/38 193/257/38 194/258/38
f 194/258/39 195/259/39 196/260/39
f 196/260/40 197/261/40 198/262/40
f 198/262/41 199/263/41 200/264/41
f 200/264/42 201/265/42 202/266/42
f 202/266/43 203/267/43 204/268/43
f 204/268/44 205/269/44 206/270/44
f 206/270/45 207/271/45 208/272/45
f 208/272/46 209/273/46 210/999/46
f 210/274/47 211/276/47 212/277/47
f 212/277/48 213/278/48 214/279/48
f 214/279/49 215/280/49 216/281/49
f 216/281/50 217/282/50 218/283/50
f 218/283/51 219/284/51 220/285/51
f 220/285/52 221/286/52 222/287/52
f 222/287/53 223/288/53 224/289/53
f 224/289/54 225/290/54 226/348/54
f 226/291/55 227/293/55 228/294/55
f 228/294/56 229/295/56 230/299/56
f 184/1000/12 180/1001/12 182/1002/12
f 180/1001/12 176/296/12 178/1003/12
f 176/296/12 172/1004/12 174/1005/12
f 172/1004/12 232/1006/12 170/1007/12
f 232/1006/12 228/1008/12 230/1009/12
f 228/1008/12 224/1010/12 226/1011/12
f 224/1010/12 220/1012/12 222/1013/12
f 220/1012/12 216/1014/12 218/1015/12
f 216/1014/12 212/1016/12 214/1017/12
f 212/1016/12 208/298/12 210/1018/12
f 208/298/12 204/1019/12 206/1020/12
f 204/1019/12 200/1021/12 202/1022/12
f 200/1021/12 196/1023/12 198/1024/12
f 194/1025/12 190/1026/12 192/1027/12
f 200/1021/12 194/1025/12 196/1023/12
f 208/298/12 200/1021/12 204/1019/12
f 216/1014/12 208/298/12 212/1016/12
f 224/1010/12 216/1014/12 220/1012/12
f 232/1006/12 224/1010/12 228/1008/12
f 176/296/12 232/1006/12 172/1004/12
f 184/1000/12 176/296/12 180/1001/12
f 188/297/12 184/1000/12 186/1028/12
f 194/1025/12 188/297/12 190/1026/12
f 208/298/12 194/1025/12 200/1021/12
f 224/1010/12 208/298/12 216/1014/12
f 176/296/12 224/1010/12 232/1006/12
f 188/297/12 176/296/12 184/1000/12
f 208/298/12 188/297/12 194/1025/12
f 176/296/12 208/298/12 224/1010/12
f 230/299/57 231/300/57 232/301/57
f 232/301/58 169/122/58 170/121/58
f 231/1029/11 171/1030/11 169/1031/11
f 171/1030/11 175/1032/11 173/1033/11
f 175/1032/11 179/1034/11 177/1035/11
f 179/1034/11 183/1036/11 181/1037/11
f 183/1036/11 187/1038/11 185/1039/11
f 187/1038/11 191/1040/11 189/1041/11
f 193/302/11 197/1042/11 195/1043/11
f 187/1038/11 193/302/11 191/1040/11
f 179/1034/11 187/1038/11 183/1036/11
f 231/1029/11 175/1032/11 171/1030/11
f 175/1032/11 187/1038/11 179/1034/11
f 193/302/11 199/1044/11 197/1042/11
f 175/1032/11 193/302/11 187/1038/11
f 229/1045/11 175/1032/11 231/1029/11
f 225/1046/11 229/1045/11 227/1047/11
f 221/303/11 225/1046/11 223/1048/11
f 217/1049/11 221/303/11 219/1050/11
f 213/1051/11 217/1049/11 215/1052/11
f 209/1053/11 213/1051/11 211/1054/11
f 205/304/11 209/1053/11 207/1055/11
f 201/1056/11 205/304/11 203/1057/11
f 193/302/11 201/1056/11 199/1044/11
f 229/1045/11 193/302/11 175/1032/11
f 221/303/11 229/1045/11 225/1046/11
f 213/1051/11 221/303/11 217/1049/11
f 205/304/11 213/1051/11 209/1053/11
f 193/302/11 205/304/11 201/1056/11
f 221/303/11 193/302/11 229/1045/11
f 205/304/11 221/303/11 213/1051/11
f 234/305/26 235/307/26 236/308/26
f 236/308/25 237/309/25 238/310/25
f 238/310/24 239/311/24 240/312/24
f 240/312/59 241/313/59 242/314/59
f 242/314/60 243/315/60 244/221/60
f 244/316/61 245/318/61 246/319/61
f 246/319/31 247/320/31 248/321/31
f 248/321/32 249/322/32 250/323/32
f 250/323/30 251/324/30 252/325/30
f 252/325/36 253/326/36 254/327/36
f 254/327/62 255/328/62 256/329/62
f 256/329/63 257/330/63 258/1058/63
f 258/331/64 259/333/64 260/334/64
f 260/334/40 261/335/40 262/336/40
f 262/336/41 263/337/41 264/338/41
f 264/338/42 265/339/42 266/340/42
f 266/340/43 267/341/43 268/342/43
f 268/342/44 269/343/44 270/344/44
f 270/344/45 271/345/45 272/346/45
f 272/346/46 273/347/46 274/1059/46
f 274/348/47 275/350/47 276/351/47
f 276/351/48 277/352/48 278/353/48
f 278/353/49 279/354/49 280/355/49
f 280/355/50 281/356/50 282/357/50
f 282/357/51 283/358/51 284/359/51
f 284/359/52 285/360/52 286/361/52
f 286/361/53 287/362/53 288/363/53
f 288/363/54 289/364/54 290/291/54
f 290/256/55 291/366/55 292/367/55
f 292/367/56 293/368/56 294/372/56
f 238/1060/12 234/1061/12 236/1062/12
f 234/1061/12 294/1063/12 296/1064/12
f 294/1063/12 290/1065/12 292/1066/12
f 290/1065/12 286/1067/12 288/1068/12
f 286/1067/12 282/1069/12 284/1070/12
f 282/1069/12 278/1071/12 280/1072/12
f 278/1071/12 274/1073/12 276/1074/12
f 274/1073/12 270/1075/12 272/1076/12
f 270/1075/12 266/1077/12 268/1078/12
f 266/1077/12 262/1079/12 264/1080/12
f 260/369/12 256/1081/12 258/1082/12
f 266/1077/12 260/369/12 262/1079/12
f 274/1073/12 266/1077/12 270/1075/12
f 282/1069/12 274/1073/12 278/1071/12
f 290/1065/12 282/1069/12 286/1067/12
f 234/1061/12 290/1065/12 294/1063/12
f 240/1083/12 234/1061/12 238/1060/12
f 246/1084/12 242/370/12 244/1085/12
f 242/370/12 234/1061/12 240/1083/12
f 234/1061/12 282/1069/12 290/1065/12
f 282/1069/12 266/1077/12 274/1073/12
f 260/369/12 254/1086/12 256/1081/12
f 282/1069/12 260/369/12 266/1077/12
f 242/370/12 282/1069/12 234/1061/12
f 248/1087/12 242/370/12 246/1084/12
f 252/371/12 248/1087/12 250/1088/12
f 260/369/12 252/371/12 254/1086/12
f 242/370/12 260/369/12 282/1069/12
f 252/371/12 242/370/12 248/1087/12
f 294/372/57 295/373/57 296/374/57
f 296/374/58 233/306/58 234/305/58
f 295/1089/11 235/1090/11 233/1091/11
f 235/1090/11 239/1092/11 237/1093/11
f 241/375/11 245/1094/11 243/1095/11
f 235/1090/11 241/375/11 239/1092/11
f 293/1096/11 235/1090/11 295/1089/11
f 289/1097/11 293/1096/11 291/1098/11
f 285/1099/11 289/1097/11 287/1100/11
f 281/1101/11 285/1099/11 283/1102/11
f 277/1103/11 281/1101/11 279/1104/11
f 273/376/11 277/1103/11 275/1105/11
f 269/1106/11 273/376/11 271/1107/11
f 265/1108/11 269/1106/11 267/1109/11
f 261/1110/11 265/1108/11 263/1111/11
f 255/1112/11 259/1113/11 257/1114/11
f 259/1113/11 265/1108/11 261/1110/11
f 265/1108/11 273/376/11 269/1106/11
f 273/376/11 281/1101/11 277/1103/11
f 281/1101/11 289/1097/11 285/1099/11
f 289/1097/11 235/1090/11 293/1096/11
f 241/375/11 247/1115/11 245/1094/11
f 289/1097/11 241/375/11 235/1090/11
f 273/376/11 289/1097/11 281/1101/11
f 259/1113/11 273/376/11 265/1108/11
f 253/377/11 259/1113/11 255/1112/11
f 249/1116/11 253/377/11 251/1117/11
f 241/375/11 249/1116/11 247/1115/11
f 273/376/11 241/375/11 289/1097/11
f 253/377/11 273/376/11 259/1113/11
f 241/375/11 253/377/11 249/1116/11
f 298/378/26 299/380/26 300/381/26
f 300/381/25 301/382/25 302/383/25
f 302/383/24 303/384/24 304/385/24
f 304/385/59 305/386/59 306/1118/59
f 306/387/22 307/389/22 308/390/22
f 308/390/27 309/391/27 310/392/27
f 310/392/31 311/393/31 312/394/31
f 312/394/32 313/395/32 314/396/32
f 314/396/30 315/397/30 316/398/30
f 316/398/36 317/399/36 318/400/36
f 318/400/37 319/401/37 320/402/37
f 320/402/63 321/403/63 322/1119/63
f 322/404/39 323/406/39 324/407/39
f 324/407/40 325/408/40 326/409/40
f 326/409/41 327/410/41 328/411/41
f 328/411/42 329/412/42 330/413/42
f 330/413/43 331/414/43 332/415/43
f 332/415/44 333/416/44 334/417/44
f 334/417/45 335/418/45 336/419/45
f 336/419/46 337/420/46 338/421/46
f 338/421/65 339/422/65 340/1120/65
f 340/423/48 341/425/48 342/426/48
f 342/426/49 343/427/49 344/428/49
f 344/428/50 345/429/50 346/430/50
f 346/430/51 347/431/51 348/432/51
f 348/432/52 349/433/52 350/434/52
f 350/434/53 351/435/53 352/436/53
f 352/436/54 353/437/54 354/1121/54
f 354/438/66 355/440/66 356/441/66
f 356/441/56 357/442/56 358/446/56
f 302/1122/12 298/1123/12 300/1124/12
f 298/1123/12 358/1125/12 360/1126/12
f 356/443/12 352/1127/12 354/1128/12
f 298/1123/12 356/443/12 358/1125/12
f 304/1129/12 298/1123/12 302/1122/12
f 308/1130/12 304/1129/12 306/1131/12
f 312/1132/12 308/1130/12 310/1133/12
f 316/1134/12 312/1132/12 314/1135/12
f 320/1136/12 316/1134/12 318/1137/12
f 324/444/12 320/1136/12 322/1138/12
f 328/1139/12 324/444/12 326/1140/12
f 332/1141/12 328/1139/12 330/1142/12
f 336/1143/12 332/1141/12 334/1144/12
f 342/1145/12 338/1146/12 340/1147/12
f 338/1146/12 332/1141/12 336/1143/12
f 332/1141/12 324/444/12 328/1139/12
f 324/444/12 316/1134/12 320/1136/12
f 316/1134/12 308/1130/12 312/1132/12
f 308/1130/12 298/1123/12 304/1129/12
f 356/443/12 350/1148/12 352/1127/12
f 308/1130/12 356/443/12 298/1123/12
f 324/444/12 308/1130/12 316/1134/12
f 338/1146/12 324/444/12 332/1141/12
f 344/445/12 338/1146/12 342/1145/12
f 348/1149/12 344/445/12 346/1150/12
f 356/443/12 348/1149/12 350/1148/12
f 324/444/12 356/443/12 308/1130/12
f 344/445/12 324/444/12 338/1146/12
f 356/443/12 344/445/12 348/1149/12
f 358/446/57 359/447/57 360/448/57
f 360/448/58 297/379/58 298/378/58
f 359/1151/11 299/1152/11 297/1153/11
f 299/1152/11 303/1154/11 301/1155/11
f 303/1154/11 307/1156/11 305/1157/11
f 307/1156/11 311/1158/11 309/1159/11
f 311/1158/11 315/1160/11 313/1161/11
f 315/1160/11 319/1162/11 317/1163/11
f 319/1162/11 323/1164/11 321/1165/11
f 323/1164/11 327/1166/11 325/1167/11
f 327/1166/11 331/1168/11 329/1169/11
f 331/1168/11 335/1170/11 333/1171/11
f 337/449/11 341/1172/11 339/1173/11
f 331/1168/11 337/449/11 335/1170/11
f 323/1164/11 331/1168/11 327/1166/11
f 315/1160/11 323/1164/11 319/1162/11
f 307/1156/11 315/1160/11 311/1158/11
f 299/1152/11 307/1156/11 303/1154/11
f 357/1174/11 299/1152/11 359/1151/11
f 351/1175/11 355/450/11 353/1176/11
f 355/450/11 299/1152/11 357/1174/11
f 299/1152/11 315/1160/11 307/1156/11
f 315/1160/11 331/1168/11 323/1164/11
f 337/449/11 343/1177/11 341/1172/11
f 315/1160/11 337/449/11 331/1168/11
f 355/450/11 315/1160/11 299/1152/11
f 349/1178/11 355/450/11 351/1175/11
f 345/451/11 349/1178/11 347/1179/11
f 337/449/11 345/451/11 343/1177/11
f 355/450/11 337/449/11 315/1160/11
f 345/451/11 355/450/11 349/1178/11
f 362/452/26 363/454/26 364/455/26
f 364/455/67 365/456/67 366/457/67
f 366/457/24 367/458/24 368/459/24
f 368/459/59 369/460/59 370/1180/59
f 370/461/22 371/463/22 372/464/22
f 372/464/68 373/465/68 374/466/68
f 374/466/31 375/467/31 376/468/31
f 376/468/32 377/469/32 378/470/32
f 378/470/30 379/471/30 380/472/30
f 380/472/36 381/473/36 382/474/36
f 382/474/69 383/475/69 384/476/69
f 384/476/63 385/477/63 386/512/63
f 386/478/39 387/480/39 388/481/39
f 388/481/40 389/482/40 390/483/40
f 390/483/41 391/484/41 392/485/41
f 392/485/70 393/486/70 394/487/70
f 394/487/71 395/488/71 396/489/71
f 396/489/44 397/490/44 398/491/44
f 398/491/45 399/492/45 400/493/45
f 400/493/46 401/494/46 402/495/46
f 402/495/72 403/496/72 404/1181/72
f 404/497/48 405/499/48 406/500/48
f 406/500/49 407/501/49 408/502/49
f 408/502/73 409/503/73 410/504/73
f 410/504/74 411/505/74 412/506/74
f 412/506/52 413/507/52 414/508/52
f 414/508/53 415/509/53 416/510/53
f 416/510/54 417/511/54 418/1182/54
f 418/512/75 419/513/75 420/514/75
f 420/514/56 421/515/56 422/519/56
f 366/1183/12 362/1184/12 364/1185/12
f 362/1184/12 422/1186/12 424/1187/12
f 420/516/12 416/1188/12 418/1189/12
f 362/1184/12 420/516/12 422/1186/12
f 368/1190/12 362/1184/12 366/1183/12
f 372/1191/12 368/1190/12 370/1192/12
f 376/1193/12 372/1191/12 374/1194/12
f 380/1195/12 376/1193/12 378/1196/12
f 384/1197/12 380/1195/12 382/1198/12
f 388/517/12 384/1197/12 386/1199/12
f 392/1200/12 388/517/12 390/1201/12
f 396/1202/12 392/1200/12 394/1203/12
f 400/1204/12 396/1202/12 398/1205/12
f 406/1206/12 402/1207/12 404/1208/12
f 402/1207/12 396/1202/12 400/1204/12
f 396/1202/12 388/517/12 392/1200/12
f 388/517/12 380/1195/12 384/1197/12
f 380/1195/12 372/1191/12 376/1193/12
f 372/1191/12 362/1184/12 368/1190/12
f 420/516/12 414/1209/12 416/1188/12
f 372/1191/12 420/516/12 362/1184/12
f 388/517/12 372/1191/12 380/1195/12
f 402/1207/12 388/517/12 396/1202/12
f 408/518/12 402/1207/12 406/1206/12
f 412/1210/12 408/518/12 410/1211/12
f 420/516/12 412/1210/12 414/1209/12
f 388/517/12 420/516/12 372/1191/12
f 408/518/12 388/517/12 402/1207/12
f 420/516/12 408/518/12 412/1210/12
f 422/519/76 423/520/76 424/521/76
f 424/521/58 361/453/58 362/452/58
f 423/1212/11 363/1213/11 361/1214/11
f 363/1213/11 367/1215/11 365/1216/11
f 367/1215/11 371/1217/11 369/1218/11
f 371/1217/11 375/1219/11 373/1220/11
f 375/1219/11 379/1221/11 377/1222/11
f 379/1221/11 383/1223/11 381/1224/11
f 383/1223/11 387/1225/11 385/1226/11
f 387/1225/11 391/1227/11 389/1228/11
f 391/1227/11 395/1229/11 393/1230/11
f 395/1229/11 399/1231/11 397/1232/11
f 401/522/11 405/1233/11 403/1234/11
f 395/1229/11 401/522/11 399/1231/11
f 387/1225/11 395/1229/11 391/1227/11
f 379/1221/11 387/1225/11 383/1223/11
f 371/1217/11 379/1221/11 375/1219/11
f 363/1213/11 371/1217/11 367/1215/11
f 421/1235/11 363/1213/11 423/1212/11
f 415/1236/11 419/523/11 417/1237/11
f 419/523/11 363/1213/11 421/1235/11
f 363/1213/11 379/1221/11 371/1217/11
f 379/1221/11 395/1229/11 387/1225/11
f 401/522/11 407/1238/11 405/1233/11
f 379/1221/11 401/522/11 395/1229/11
f 419/523/11 379/1221/11 363/1213/11
f 413/1239/11 419/523/11 415/1236/11
f 409/524/11 413/1239/11 411/1240/11
f 401/522/11 409/524/11 407/1238/11
f 419/523/11 401/522/11 379/1221/11
f 409/524/11 419/523/11 413/1239/11
f 442/560/83 443/562/83 444/563/83
f 444/563/84 445/564/84 446/565/84
f 446/565/24 447/566/24 448/567/24
f 448/567/59 449/568/59 450/1249/59
f 450/569/22 451/571/22 452/572/22
f 452/572/27 453/573/27 454/574/27
f 454/574/31 455/575/31 456/576/31
f 456/576/32 457/577/32 458/578/32
f 458/578/30 459/579/30 460/580/30
f 460/580/36 461/581/36 462/582/36
f 462/582/37 463/583/37 464/584/37
f 464/584/63 465/585/63 466/1250/63
f 466/586/39 467/588/39 468/589/39
f 468/589/40 469/590/40 470/591/40
f 470/591/41 471/592/41 472/593/41
f 472/593/70 473/594/70 474/595/70
f 474/595/71 475/596/71 476/597/71
f 476/597/44 477/598/44 478/599/44
f 478/599/45 479/600/45 480/601/45
f 480/601/46 481/602/46 482/1251/46
f 482/603/47 483/605/47 484/606/47
f 484/606/48 485/607/48 486/608/48
f 486/608/49 487/609/49 488/610/49
f 488/610/73 489/611/73 490/612/73
f 490/612/74 491/613/74 492/614/74
f 492/614/52 493/615/52 494/616/52
f 494/616/53 495/617/53 496/618/53
f 496/618/54 497/619/54 498/438/54
f 498/620/55 499/622/55 500/623/55
f 500/623/56 501/624/56 502/628/56
f 446/626/12 442/1252/12 444/1253/12
f 442/1252/12 502/1254/12 504/1255/12
f 502/1254/12 498/1256/12 500/1257/12
f 498/1256/12 494/1258/12 496/1259/12
f 494/1258/12 490/1260/12 492/1261/12
f 490/1260/12 486/1262/12 488/1263/12
f 486/1262/12 482/1264/12 484/1265/12
f 482/1264/12 478/625/12 480/1266/12
f 478/625/12 474/1267/12 476/1268/12
f 474/1267/12 470/1269/12 472/1270/12
f 470/1269/12 466/1271/12 468/1272/12
f 466/1271/12 462/627/12 464/1273/12
f 462/627/12 458/1274/12 460/1275/12
f 458/1274/12 454/1276/12 456/1277/12
f 454/1276/12 450/1278/12 452/1279/12
f 450/1278/12 446/626/12 448/1280/12
f 446/626/12 502/1254/12 442/1252/12
f 502/1254/12 494/1258/12 498/1256/12
f 494/1258/12 486/1262/12 490/1260/12
f 486/1262/12 478/625/12 482/1264/12
f 478/625/12 470/1269/12 474/1267/12
f 470/1269/12 462/627/12 466/1271/12
f 462/627/12 454/1276/12 458/1274/12
f 454/1276/12 446/626/12 450/1278/12
f 446/626/12 494/1258/12 502/1254/12
f 494/1258/12 478/625/12 486/1262/12
f 478/625/12 462/627/12 470/1269/12
f 462/627/12 446/626/12 454/1276/12
f 446/626/12 478/625/12 494/1258/12
f 502/628/85 503/629/85 504/630/85
f 504/630/86 441/561/86 442/560/86
f 503/625/11 443/1281/11 441/1282/11
f 443/1281/11 447/1283/11 445/1284/11
f 447/1283/11 451/1285/11 449/1286/11
f 451/1285/11 455/1287/11 453/1288/11
f 455/1287/11 459/1289/11 457/1290/11
f 459/1289/11 463/1291/11 461/1292/11
f 463/1291/11 467/1293/11 465/1294/11
f 467/1293/11 471/631/11 469/1295/11
f 471/631/11 475/1296/11 473/1297/11
f 475/1296/11 479/1298/11 477/1299/11
f 479/1298/11 483/1300/11 481/1301/11
f 483/1300/11 487/632/11 485/1302/11
f 487/632/11 491/1303/11 489/1304/11
f 491/1303/11 495/1305/11 493/1306/11
f 495/1305/11 499/1307/11 497/1308/11
f 499/1307/11 503/625/11 501/1309/11
f 503/625/11 447/1283/11 443/1281/11
f 447/1283/11 455/1287/11 451/1285/11
f 455/1287/11 463/1291/11 459/1289/11
f 463/1291/11 471/631/11 467/1293/11
f 471/631/11 479/1298/11 475/1296/11
f 479/1298/11 487/632/11 483/1300/11
f 487/632/11 495/1305/11 491/1303/11
f 495/1305/11 503/625/11 499/1307/11
f 503/625/11 455/1287/11 447/1283/11
f 455/1287/11 471/631/11 463/1291/11
f 471/631/11 487/632/11 479/1298/11
f 487/632/11 503/625/11 495/1305/11
f 503/625/11 471/631/11 455/1287/11
f 506/633/26 507/635/26 508/636/26
f 508/636/25 509/637/25 510/638/25
f 510/638/24 511/639/24 512/640/24
f 512/640/87 513/641/87 514/1310/87
f 514/559/22 515/643/22 516/644/22
f 516/644/27 517/645/27 518/646/27
f 518/646/31 519/647/31 520/648/31
f 520/648/32 521/649/32 522/650/32
f 522/650/30 523/651/30 524/652/30
f 524/652/36 525/653/36 526/654/36
f 526/654/37 527/655/37 528/656/37
f 528/656/63 529/657/63 530/1311/63
f 530/658/39 531/660/39 532/661/39
f 532/661/40 533/662/40 534/663/40
f 534/663/41 535/664/41 536/665/41
f 536/665/42 537/666/42 538/667/42
f 538/667/43 539/668/43 540/669/43
f 540/669/44 541/670/44 542/671/44
f 542/671/45 543/672/45 544/673/45
f 544/673/46 545/674/46 546/1312/46
f 546/675/47 547/677/47 548/678/47
f 548/678/88 549/679/88 550/680/88
f 550/680/89 551/681/89 552/682/89
f 552/682/90 553/683/90 554/684/90
f 554/684/91 555/685/91 556/686/91
f 556/686/52 557/687/52 558/688/52
f 558/688/92 559/689/92 560/690/92
f 560/690/54 561/691/54 562/1313/54
f 562/692/55 563/694/55 564/695/55
f 564/695/56 565/696/56 566/700/56
f 510/698/12 506/1314/12 508/1315/12
f 506/1314/12 566/1316/12 568/1317/12
f 566/1316/12 562/1318/12 564/1319/12
f 562/1318/12 558/1320/12 560/1321/12
f 558/1320/12 554/1322/12 556/1323/12
f 554/1322/12 550/1324/12 552/1325/12
f 550/1324/12 546/1326/12 548/1327/12
f 546/1326/12 542/697/12 544/1328/12
f 542/697/12 538/1329/12 540/1330/12
f 538/1329/12 534/1331/12 536/1332/12
f 534/1331/12 530/1333/12 532/1334/12
f 530/1333/12 526/699/12 528/1335/12
f 526/699/12 522/1336/12 524/1337/12
f 522/1336/12 518/1338/12 520/1339/12
f 518/1338/12 514/1340/12 516/1341/12
f 514/1340/12 510/698/12 512/1342/12
f 510/698/12 566/1316/12 506/1314/12
f 566/1316/12 558/1320/12 562/1318/12
f 558/1320/12 550/1324/12 554/1322/12
f 550/1324/12 542/697/12 546/1326/12
f 542/697/12 534/1331/12 538/1329/12
f 534/1331/12 526/699/12 530/1333/12
f 526/699/12 518/1338/12 522/1336/12
f 518/1338/12 510/698/12 514/1340/12
f 510/698/12 558/1320/12 566/1316/12
f 558/1320/12 542/697/12 550/1324/12
f 542/697/12 526/699/12 534/1331/12
f 526/699/12 510/698/12 518/1338/12
f 510/698/12 542/697/12 558/1320/12
f 566/700/57 567/701/57 568/702/57
f 568/702/58 505/634/58 506/633/58
f 567/704/11 507/1343/11 505/1344/11
f 507/1343/11 511/1345/11 509/1346/11
f 511/1345/11 515/1347/11 513/1348/11
f 515/1347/11 519/1349/11 517/1350/11
f 519/1349/11 523/1351/11 521/1352/11
f 523/1351/11 527/1353/11 525/1354/11
f 527/1353/11 531/1355/11 529/1356/11
f 531/1355/11 535/703/11 533/1357/11
f 535/703/11 539/1358/11 537/1359/11
f 539/1358/11 543/1360/11 541/1361/11
f 543/1360/11 547/1362/11 545/1363/11
f 547/1362/11 551/705/11 549/1364/11
f 551/705/11 555/1365/11 553/1366/11
f 555/1365/11 559/1367/11 557/1368/11
f 559/1367/11 563/1369/11 561/1370/11
f 563/1369/11 567/704/11 565/1371/11
f 567/704/11 511/1345/11 507/1343/11
f 511/1345/11 519/1349/11 515/1347/11
f 519/1349/11 527/1353/11 523/1351/11
f 527/1353/11 535/703/11 531/1355/11
f 535/703/11 543/1360/11 539/1358/11
f 543/1360/11 551/705/11 547/1362/11
f 551/705/11 559/1367/11 555/1365/11
f 559/1367/11 567/704/11 563/1369/11
f 567/704/11 519/1349/11 511/1345/11
f 519/1349/11 535/703/11 527/1353/11
f 535/703/11 551/705/11 543/1360/11
f 551/705/11 567/704/11 559/1367/11
f 567/704/11 535/703/11 519/1349/11
f 570/706/26 571/708/26 572/709/26
f 572/709/84 573/710/84 574/711/84
f 574/711/96 575/712/96 576/713/96
f 576/713/59 577/587/59 578/1372/59
f 578/714/22 579/716/22 580/717/22
f 580/717/27 581/718/27 582/719/27
f 582/719/31 583/720/31 584/721/31
f 584/721/32 585/722/32 586/723/32
f 586/723/30 587/724/30 588/725/30
f 588/725/36 589/726/36 590/727/36
f 590/727/37 591/728/37 592/729/37
f 592/729/63 593/730/63 594/1373/63
f 594/731/39 595/733/39 596/734/39
f 596/734/40 597/735/40 598/736/40
f 598/736/41 599/737/41 600/738/41
f 600/738/42 601/739/42 602/740/42
f 602/740/43 603/741/43 604/742/43
f 604/742/44 605/743/44 606/744/44
f 606/744/45 607/745/45 608/746/45
f 608/746/93 609/747/93 610/1374/93
f 610/748/47 611/750/47 612/751/47
f 612/751/48 613/752/48 614/753/48
f 614/753/49 615/754/49 616/755/49
f 616/755/50 617/756/50 618/757/50
f 618/757/51 619/758/51 620/759/51
f 620/759/52 621/760/52 622/761/52
f 622/761/53 623/762/53 624/763/53
f 624/763/54 625/764/54 626/1375/54
f 626/765/94 627/767/94 628/768/94
f 628/768/56 629/769/56 630/773/56
f 574/1376/12 570/1377/12 572/1378/12
f 570/1377/12 630/1379/12 632/1380/12
f 628/1381/12 624/770/12 626/1382/12
f 570/1377/12 628/1381/12 630/1379/12
f 576/1383/12 570/1377/12 574/1376/12
f 580/1384/12 576/1383/12 578/1385/12
f 584/1386/12 580/1384/12 582/1387/12
f 588/1388/12 584/1386/12 586/1389/12
f 592/1390/12 588/1388/12 590/1391/12
f 596/771/12 592/1390/12 594/1392/12
f 600/1393/12 596/771/12 598/1394/12
f 604/1395/12 600/1393/12 602/1396/12
f 608/1397/12 604/1395/12 606/1398/12
f 612/1399/12 608/1397/12 610/1400/12
f 616/772/12 612/1399/12 614/1401/12
f 620/1402/12 616/772/12 618/1403/12
f 624/770/12 620/1402/12 622/1404/12
f 570/1377/12 624/770/12 628/1381/12
f 580/1384/12 570/1377/12 576/1383/12
f 588/1388/12 580/1384/12 584/1386/12
f 596/771/12 588/1388/12 592/1390/12
f 604/1395/12 596/771/12 600/1393/12
f 616/772/12 608/1397/12 612/1399/12
f 608/1397/12 596/771/12 604/1395/12
f 596/771/12 580/1384/12 588/1388/12
f 580/1384/12 624/770/12 570/1377/12
f 624/770/12 616/772/12 620/1402/12
f 616/772/12 596/771/12 608/1397/12
f 596/771/12 624/770/12 580/1384/12
f 630/773/85 631/774/85 632/775/85
f 632/775/58 569/707/58 570/706/58
f 631/1405/11 571/1406/11 569/1407/11
f 571/1406/11 575/1408/11 573/1409/11
f 575/1408/11 579/1410/11 577/1411/11
f 579/1410/11 583/776/11 581/1412/11
f 583/776/11 587/1413/11 585/1414/11
f 587/1413/11 591/1415/11 589/1416/11
f 591/1415/11 595/1417/11 593/1418/11
f 595/1417/11 599/778/11 597/1419/11
f 599/778/11 603/1420/11 601/1421/11
f 603/1420/11 607/1422/11 605/1423/11
f 607/1422/11 611/1424/11 609/1425/11
f 611/1424/11 615/1426/11 613/1427/11
f 615/1426/11 619/1428/11 617/1429/11
f 619/1428/11 623/1430/11 621/1431/11
f 623/1430/11 627/777/11 625/1432/11
f 627/777/11 631/1405/11 629/1433/11
f 631/1405/11 575/1408/11 571/1406/11
f 575/1408/11 583/776/11 579/1410/11
f 583/776/11 591/1415/11 587/1413/11
f 591/1415/11 599/778/11 595/1417/11
f 599/778/11 607/1422/11 603/1420/11
f 607/1422/11 615/1426/11 611/1424/11
f 615/1426/11 623/1430/11 619/1428/11
f 627/777/11 575/1408/11 631/1405/11
f 615/1426/11 627/777/11 623/1430/11
f 599/778/11 615/1426/11 607/1422/11
f 583/776/11 599/778/11 591/1415/11
f 627/777/11 583/776/11 575/1408/11
f 599/778/11 627/777/11 615/1426/11
f 634/779/26 635/781/26 636/782/26
f 636/782/25 637/783/25 638/784/25
f 638/784/96 639/785/96 640/786/96
f 640/786/59 641/787/59 642/788/59
f 642/788/97 643/789/97 644/25/97
f 644/790/98 645/792/98 646/793/98
f 646/793/31 647/794/31 648/795/31
f 648/795/32 649/796/32 650/797/32
f 650/797/30 651/798/30 652/799/30
f 652/799/36 653/800/36 654/801/36
f 654/801/99 655/802/99 656/803/99
f 656/803/63 657/804/63 658/714/63
f 658/805/100 659/807/100 660/808/100
f 660/808/101 661/809/101 662/810/101
f 662/810/41 663/811/41 664/812/41
f 664/812/42 665/813/42 666/814/42
f 666/814/43 667/815/43 668/816/43
f 668/816/44 669/817/44 670/818/44
f 670/818/45 671/819/45 672/820/45
f 672/820/46 673/821/46 674/1434/46
f 674/822/47 675/824/47 676/825/47
f 676/825/102 677/826/102 678/827/102
f 678/827/49 679/828/49 680/829/49
f 680/829/73 681/830/73 682/831/73
f 682/831/74 683/832/74 684/833/74
f 684/833/52 685/834/52 686/835/52
f 686/835/92 687/836/92 688/837/92
f 688/837/54 689/838/54 690/747/54
f 690/839/55 691/841/55 692/842/55
f 692/842/56 693/843/56 694/847/56
f 638/1435/12 634/1436/12 636/1437/12
f 634/1436/12 694/1438/12 696/1439/12
f 694/1438/12 690/1440/12 692/1441/12
f 690/1440/12 686/1442/12 688/1443/12
f 686/1442/12 682/1444/12 684/1445/12
f 682/1444/12 678/1446/12 680/1447/12
f 678/1446/12 674/1448/12 676/1449/12
f 674/1448/12 670/1450/12 672/1451/12
f 670/1450/12 666/1452/12 668/1453/12
f 666/1452/12 662/1454/12 664/1455/12
f 660/844/12 656/1456/12 658/1457/12
f 666/1452/12 660/844/12 662/1454/12
f 674/1448/12 666/1452/12 670/1450/12
f 682/1444/12 674/1448/12 678/1446/12
f 690/1440/12 682/1444/12 686/1442/12
f 634/1436/12 690/1440/12 694/1438/12
f 640/1458/12 634/1436/12 638/1435/12
f 646/1459/12 642/845/12 644/1460/12
f 642/845/12 634/1436/12 640/1458/12
f 634/1436/12 682/1444/12 690/1440/12
f 682/1444/12 666/1452/12 674/1448/12
f 660/844/12 654/1461/12 656/1456/12
f 682/1444/12 660/844/12 666/1452/12
f 642/845/12 682/1444/12 634/1436/12
f 648/1462/12 642/845/12 646/1459/12
f 652/846/12 648/1462/12 650/1463/12
f 660/844/12 652/846/12 654/1461/12
f 642/845/12 660/844/12 682/1444/12
f 652/846/12 642/845/12 648/1462/12
f 694/847/57 695/848/57 696/849/57
f 696/849/58 633/780/58 634/779/58
f 695/1464/11 635/1465/11 633/1466/11
f 635/1465/11 639/1467/11 637/1468/11
f 641/850/11 645/1469/11 643/1470/11
f 635/1465/11 641/850/11 639/1467/11
f 693/1471/11 635/1465/11 695/1464/11
f 689/1472/11 693/1471/11 691/1473/11
f 685/1474/11 689/1472/11 687/1475/11
f 681/1476/11 685/1474/11 683/1477/11
f 677/1478/11 681/1476/11 679/1479/11
f 673/851/11 677/1478/11 675/1480/11
f 669/1481/11 673/851/11 671/1482/11
f 665/1483/11 669/1481/11 667/1484/11
f 661/1485/11 665/1483/11 663/1486/11
f 655/1487/11 659/1488/11 657/1489/11
f 659/1488/11 665/1483/11 661/1485/11
f 665/1483/11 673/851/11 669/1481/11
f 673/851/11 681/1476/11 677/1478/11
f 681/1476/11 689/1472/11 685/1474/11
f 689/1472/11 635/1465/11 693/1471/11
f 641/850/11 647/1490/11 645/1469/11
f 689/1472/11 641/850/11 635/1465/11
f 673/851/11 689/1472/11 681/1476/11
f 659/1488/11 673/851/11 665/1483/11
f 653/852/11 659/1488/11 655/1487/11
f 649/1491/11 653/852/11 651/1492/11
f 641/850/11 649/1491/11 647/1490/11
f 673/851/11 641/850/11 689/1472/11
f 653/852/11 673/851/11 659/1488/11
f 641/850/11 653/852/11 649/1491/11
