# Blender 4.3.2
# www.blender.org
mtllib sign.mtl
o Text
v 0.395395 0.552018 0.010000
v 0.401797 0.537423 0.010000
v 0.407642 0.523956 0.010000
v 0.412930 0.511619 0.010000
v 0.417662 0.500411 0.010000
v 0.421837 0.490332 0.010000
v 0.425455 0.481382 0.010000
v 0.428516 0.473561 0.010000
v 0.431021 0.466869 0.010000
v 0.432970 0.461306 0.010000
v 0.434361 0.456873 0.010000
v 0.435196 0.453568 0.010000
v 0.435475 0.451393 0.010000
v 0.434922 0.445763 0.010000
v 0.433264 0.440623 0.010000
v 0.430500 0.435972 0.010000
v 0.426631 0.431811 0.010000
v 0.421657 0.428139 0.010000
v 0.415577 0.424957 0.010000
v 0.408392 0.422265 0.010000
v 0.400101 0.420062 0.010000
v 0.390705 0.418349 0.010000
v 0.380203 0.417125 0.010000
v 0.368596 0.416390 0.010000
v 0.355884 0.416146 0.010000
v 0.354933 0.416134 0.010000
v 0.353973 0.416098 0.010000
v 0.353006 0.416039 0.010000
v 0.352031 0.415956 0.010000
v 0.351048 0.415849 0.010000
v 0.350057 0.415719 0.010000
v 0.349058 0.415565 0.010000
v 0.348051 0.415388 0.010000
v 0.347037 0.415186 0.010000
v 0.346014 0.414961 0.010000
v 0.344984 0.414712 0.010000
v 0.343945 0.414440 0.010000
v 0.342007 0.414803 0.010000
v 0.340171 0.415135 0.010000
v 0.338438 0.415435 0.010000
v 0.336808 0.415703 0.010000
v 0.335280 0.415940 0.010000
v 0.333854 0.416146 0.010000
v 0.332532 0.416319 0.010000
v 0.331312 0.416461 0.010000
v 0.330195 0.416572 0.010000
v 0.329180 0.416651 0.010000
v 0.328268 0.416698 0.010000
v 0.327459 0.416714 0.010000
v 0.327060 0.416532 0.010000
v 0.326622 0.415988 0.010000
v 0.326144 0.415080 0.010000
v 0.325627 0.413808 0.010000
v 0.325070 0.412174 0.010000
v 0.324474 0.410176 0.010000
v 0.323839 0.407815 0.010000
v 0.323163 0.405091 0.010000
v 0.322449 0.402004 0.010000
v 0.321695 0.398553 0.010000
v 0.320901 0.394740 0.010000
v 0.320068 0.390563 0.010000
v 0.319421 0.387689 0.010000
v 0.318615 0.384562 0.010000
v 0.317652 0.381183 0.010000
v 0.316531 0.377550 0.010000
v 0.315252 0.373666 0.010000
v 0.313815 0.369528 0.010000
v 0.312220 0.365138 0.010000
v 0.310467 0.360495 0.010000
v 0.308556 0.355600 0.010000
v 0.306487 0.350452 0.010000
v 0.304261 0.345051 0.010000
v 0.301876 0.339397 0.010000
v 0.300151 0.335161 0.010000
v 0.298576 0.330791 0.010000
v 0.297150 0.326286 0.010000
v 0.295875 0.321647 0.010000
v 0.294750 0.316874 0.010000
v 0.293775 0.311967 0.010000
v 0.292950 0.306925 0.010000
v 0.292275 0.301750 0.010000
v 0.291750 0.296440 0.010000
v 0.291375 0.290995 0.010000
v 0.291149 0.285417 0.010000
v 0.291074 0.279704 0.010000
v 0.291086 0.278421 0.010000
v 0.291122 0.277036 0.010000
v 0.291181 0.275547 0.010000
v 0.291264 0.273956 0.010000
v 0.291371 0.272263 0.010000
v 0.291501 0.270466 0.010000
v 0.291655 0.268567 0.010000
v 0.291832 0.266566 0.010000
v 0.292034 0.264461 0.010000
v 0.292259 0.262254 0.010000
v 0.292508 0.259945 0.010000
v 0.292780 0.257533 0.010000
v 0.293052 0.255120 0.010000
v 0.293301 0.252811 0.010000
v 0.293526 0.250604 0.010000
v 0.293728 0.248500 0.010000
v 0.293905 0.246498 0.010000
v 0.294059 0.244599 0.010000
v 0.294189 0.242803 0.010000
v 0.294296 0.241109 0.010000
v 0.294379 0.239518 0.010000
v 0.294438 0.238030 0.010000
v 0.294474 0.236644 0.010000
v 0.294486 0.235361 0.010000
v 0.294446 0.221934 0.010000
v 0.294328 0.209131 0.010000
v 0.294130 0.196951 0.010000
v 0.293854 0.185396 0.010000
v 0.293499 0.174464 0.010000
v 0.293064 0.164156 0.010000
v 0.292551 0.154471 0.010000
v 0.291959 0.145411 0.010000
v 0.291288 0.136974 0.010000
v 0.290538 0.129161 0.010000
v 0.289708 0.121972 0.010000
v 0.288800 0.115406 0.010000
v 0.287628 0.108004 0.010000
v 0.286195 0.100199 0.010000
v 0.284501 0.091991 0.010000
v 0.282547 0.083381 0.010000
v 0.280332 0.074368 0.010000
v 0.277857 0.064952 0.010000
v 0.275121 0.055133 0.010000
v 0.272124 0.044912 0.010000
v 0.268867 0.034288 0.010000
v 0.265350 0.023261 0.010000
v 0.261571 0.011832 0.010000
v 0.257533 -0.000000 0.010000
v 0.071063 -0.000000 0.010000
v 0.065706 0.018220 0.010000
v 0.060814 0.035168 0.010000
v 0.056389 0.050846 0.010000
v 0.052429 0.065252 0.010000
v 0.048935 0.078387 0.010000
v 0.045907 0.090250 0.010000
v 0.043345 0.100842 0.010000
v 0.041248 0.110164 0.010000
v 0.039618 0.118213 0.010000
v 0.038453 0.124992 0.010000
v 0.037754 0.130499 0.010000
v 0.037521 0.134736 0.010000
v 0.037549 0.135209 0.010000
v 0.037632 0.135873 0.010000
v 0.037770 0.136725 0.010000
v 0.037963 0.137768 0.010000
v 0.038212 0.138999 0.010000
v 0.038516 0.140421 0.010000
v 0.038875 0.142031 0.010000
v 0.039290 0.143832 0.010000
v 0.039760 0.145821 0.010000
v 0.040285 0.148001 0.010000
v 0.040865 0.150370 0.010000
v 0.041501 0.152928 0.010000
v 0.041501 0.153994 0.010000
v 0.041501 0.155107 0.010000
v 0.041501 0.156268 0.010000
v 0.041501 0.157476 0.010000
v 0.041501 0.158731 0.010000
v 0.041501 0.160034 0.010000
v 0.041501 0.161384 0.010000
v 0.041501 0.162782 0.010000
v 0.041501 0.164227 0.010000
v 0.041501 0.165719 0.010000
v 0.041501 0.167259 0.010000
v 0.041501 0.168846 0.010000
v 0.041410 0.171669 0.010000
v 0.041327 0.174263 0.010000
v 0.041252 0.176627 0.010000
v 0.041185 0.178763 0.010000
v 0.041126 0.180670 0.010000
v 0.041074 0.182348 0.010000
v 0.041031 0.183797 0.010000
v 0.040996 0.185017 0.010000
v 0.040968 0.186008 0.010000
v 0.040948 0.186770 0.010000
v 0.040936 0.187303 0.010000
v 0.040932 0.187607 0.010000
v 0.041371 0.202546 0.010000
v 0.042685 0.217043 0.010000
v 0.044876 0.231097 0.010000
v 0.047944 0.244710 0.010000
v 0.051888 0.257880 0.010000
v 0.056708 0.270608 0.010000
v 0.062405 0.282894 0.010000
v 0.068979 0.294738 0.010000
v 0.076428 0.306140 0.010000
v 0.084755 0.317099 0.010000
v 0.093957 0.327617 0.010000
v 0.104036 0.337692 0.010000
v 0.110006 0.343543 0.010000
v 0.115406 0.349536 0.010000
v 0.120239 0.355671 0.010000
v 0.124503 0.361948 0.010000
v 0.128198 0.368367 0.010000
v 0.131325 0.374929 0.010000
v 0.133883 0.381633 0.010000
v 0.135873 0.388478 0.010000
v 0.137294 0.395466 0.010000
v 0.138147 0.402596 0.010000
v 0.138431 0.409868 0.010000
v 0.138147 0.417283 0.010000
v 0.134167 0.417283 0.010000
v 0.133259 0.417160 0.010000
v 0.132241 0.416793 0.010000
v 0.131111 0.416181 0.010000
v 0.129872 0.415324 0.010000
v 0.128522 0.414223 0.010000
v 0.127061 0.412877 0.010000
v 0.125490 0.411286 0.010000
v 0.123808 0.409450 0.010000
v 0.122015 0.407369 0.010000
v 0.120112 0.405044 0.010000
v 0.118099 0.402474 0.010000
v 0.115975 0.399659 0.010000
v 0.112951 0.395695 0.010000
v 0.109564 0.391763 0.010000
v 0.105813 0.387862 0.010000
v 0.101699 0.383993 0.010000
v 0.097222 0.380156 0.010000
v 0.092382 0.376350 0.010000
v 0.087179 0.372576 0.010000
v 0.081612 0.368833 0.010000
v 0.075682 0.365122 0.010000
v 0.069389 0.361443 0.010000
v 0.062733 0.357795 0.010000
v 0.055713 0.354179 0.010000
v 0.054663 0.354242 0.010000
v 0.053597 0.354431 0.010000
v 0.052516 0.354747 0.010000
v 0.051418 0.355189 0.010000
v 0.050305 0.355758 0.010000
v 0.049176 0.356453 0.010000
v 0.048031 0.357274 0.010000
v 0.046870 0.358221 0.010000
v 0.045694 0.359295 0.010000
v 0.044501 0.360495 0.010000
v 0.043293 0.361822 0.010000
v 0.042069 0.363275 0.010000
v 0.040889 0.364771 0.010000
v 0.039811 0.366228 0.010000
v 0.038836 0.367645 0.010000
v 0.037963 0.369023 0.010000
v 0.037194 0.370361 0.010000
v 0.036526 0.371660 0.010000
v 0.035962 0.372919 0.010000
v 0.035500 0.374139 0.010000
v 0.035141 0.375320 0.010000
v 0.034884 0.376461 0.010000
v 0.034730 0.377562 0.010000
v 0.034679 0.378624 0.010000
v 0.034752 0.381635 0.010000
v 0.034971 0.384980 0.010000
v 0.035336 0.388662 0.010000
v 0.035847 0.392679 0.010000
v 0.036505 0.397032 0.010000
v 0.037308 0.401720 0.010000
v 0.038258 0.406744 0.010000
v 0.039353 0.412103 0.010000
v 0.040595 0.417798 0.010000
v 0.041983 0.423828 0.010000
v 0.043516 0.430194 0.010000
v 0.045196 0.436896 0.010000
v 0.046935 0.443602 0.010000
v 0.048647 0.449979 0.010000
v 0.050330 0.456030 0.010000
v 0.051987 0.461752 0.010000
v 0.053615 0.467147 0.010000
v 0.055216 0.472214 0.010000
v 0.056789 0.476954 0.010000
v 0.058335 0.481366 0.010000
v 0.059853 0.485450 0.010000
v 0.061343 0.489206 0.010000
v 0.062806 0.492635 0.010000
v 0.064241 0.495736 0.010000
v 0.063838 0.496119 0.010000
v 0.063388 0.496510 0.010000
v 0.062891 0.496909 0.010000
v 0.062346 0.497315 0.010000
v 0.061754 0.497730 0.010000
v 0.061114 0.498152 0.010000
v 0.060427 0.498583 0.010000
v 0.059693 0.499021 0.010000
v 0.058911 0.499467 0.010000
v 0.058082 0.499921 0.010000
v 0.057206 0.500383 0.010000
v 0.056282 0.500853 0.010000
v 0.056850 0.497442 0.010000
v 0.056748 0.497086 0.010000
v 0.056629 0.496589 0.010000
v 0.056495 0.495949 0.010000
v 0.056345 0.495168 0.010000
v 0.056179 0.494244 0.010000
v 0.055998 0.493178 0.010000
v 0.055800 0.491970 0.010000
v 0.055587 0.490620 0.010000
v 0.055358 0.489127 0.010000
v 0.055113 0.487493 0.010000
v 0.054853 0.485716 0.010000
v 0.054576 0.483798 0.010000
v 0.056850 0.479250 0.010000
v 0.054336 0.479727 0.010000
v 0.052097 0.480402 0.010000
v 0.050135 0.481275 0.010000
v 0.048449 0.482345 0.010000
v 0.047040 0.483612 0.010000
v 0.045907 0.485077 0.010000
v 0.045050 0.486739 0.010000
v 0.044470 0.488598 0.010000
v 0.044166 0.490655 0.010000
v 0.044138 0.492909 0.010000
v 0.044387 0.495361 0.010000
v 0.044912 0.498010 0.010000
v 0.044596 0.497383 0.010000
v 0.044217 0.496636 0.010000
v 0.043775 0.495772 0.010000
v 0.043270 0.494789 0.010000
v 0.042701 0.493687 0.010000
v 0.042069 0.492467 0.010000
v 0.041375 0.491129 0.010000
v 0.040617 0.489672 0.010000
v 0.039795 0.488097 0.010000
v 0.038911 0.486403 0.010000
v 0.037963 0.484591 0.010000
v 0.036953 0.482661 0.010000
v 0.036949 0.483448 0.010000
v 0.036937 0.484295 0.010000
v 0.036917 0.485201 0.010000
v 0.036890 0.486166 0.010000
v 0.036854 0.487191 0.010000
v 0.036811 0.488275 0.010000
v 0.036759 0.489417 0.010000
v 0.036700 0.490620 0.010000
v 0.036633 0.491881 0.010000
v 0.036558 0.493202 0.010000
v 0.036475 0.494581 0.010000
v 0.036384 0.496020 0.010000
v 0.036294 0.497460 0.010000
v 0.036211 0.498839 0.010000
v 0.036136 0.500160 0.010000
v 0.036068 0.501421 0.010000
v 0.036009 0.502623 0.010000
v 0.035958 0.503766 0.010000
v 0.035915 0.504850 0.010000
v 0.035879 0.505875 0.010000
v 0.035851 0.506840 0.010000
v 0.035832 0.507746 0.010000
v 0.035820 0.508593 0.010000
v 0.035816 0.509380 0.010000
v 0.035630 0.511935 0.010000
v 0.035453 0.514292 0.010000
v 0.035283 0.516451 0.010000
v 0.035121 0.518413 0.010000
v 0.034967 0.520178 0.010000
v 0.034821 0.521745 0.010000
v 0.034683 0.523115 0.010000
v 0.034552 0.524288 0.010000
v 0.034430 0.525263 0.010000
v 0.034316 0.526041 0.010000
v 0.034209 0.526621 0.010000
v 0.034110 0.527004 0.010000
v 0.033431 0.524462 0.010000
v 0.032721 0.521951 0.010000
v 0.031978 0.519471 0.010000
v 0.031205 0.517024 0.010000
v 0.030399 0.514607 0.010000
v 0.029562 0.512223 0.010000
v 0.028694 0.509870 0.010000
v 0.027794 0.507549 0.010000
v 0.026862 0.505259 0.010000
v 0.025899 0.503000 0.010000
v 0.024904 0.500774 0.010000
v 0.023877 0.498579 0.010000
v 0.024000 0.500186 0.010000
v 0.024177 0.501974 0.010000
v 0.024410 0.503944 0.010000
v 0.024698 0.506096 0.010000
v 0.025042 0.508429 0.010000
v 0.025441 0.510944 0.010000
v 0.025895 0.513640 0.010000
v 0.026404 0.516518 0.010000
v 0.026968 0.519578 0.010000
v 0.027588 0.522819 0.010000
v 0.028263 0.526242 0.010000
v 0.028994 0.529847 0.010000
v 0.028232 0.526487 0.010000
v 0.027462 0.523230 0.010000
v 0.026684 0.520075 0.010000
v 0.025899 0.517024 0.010000
v 0.025105 0.514074 0.010000
v 0.024304 0.511228 0.010000
v 0.023494 0.508484 0.010000
v 0.022677 0.505843 0.010000
v 0.021852 0.503304 0.010000
v 0.021019 0.500869 0.010000
v 0.020178 0.498535 0.010000
v 0.019329 0.496305 0.010000
v 0.019373 0.497991 0.010000
v 0.019503 0.499826 0.010000
v 0.019720 0.501812 0.010000
v 0.020024 0.503948 0.010000
v 0.020415 0.506234 0.010000
v 0.020893 0.508670 0.010000
v 0.021457 0.511256 0.010000
v 0.022109 0.513991 0.010000
v 0.022847 0.516877 0.010000
v 0.023672 0.519913 0.010000
v 0.024584 0.523099 0.010000
v 0.025583 0.526435 0.010000
v 0.026582 0.529775 0.010000
v 0.027494 0.532973 0.010000
v 0.028319 0.536029 0.010000
v 0.029057 0.538943 0.010000
v 0.029708 0.541714 0.010000
v 0.030273 0.544343 0.010000
v 0.030751 0.546831 0.010000
v 0.031141 0.549176 0.010000
v 0.031445 0.551379 0.010000
v 0.031663 0.553439 0.010000
v 0.031793 0.555358 0.010000
v 0.031836 0.557135 0.010000
v 0.031832 0.557632 0.010000
v 0.031820 0.558177 0.010000
v 0.031801 0.558769 0.010000
v 0.031773 0.559409 0.010000
v 0.031738 0.560096 0.010000
v 0.031694 0.560830 0.010000
v 0.031643 0.561612 0.010000
v 0.031584 0.562441 0.010000
v 0.031516 0.563317 0.010000
v 0.031441 0.564241 0.010000
v 0.031359 0.565212 0.010000
v 0.031268 0.566231 0.010000
v 0.031268 0.567253 0.010000
v 0.031268 0.568236 0.010000
v 0.031268 0.569180 0.010000
v 0.031268 0.570084 0.010000
v 0.031268 0.570949 0.010000
v 0.031268 0.571774 0.010000
v 0.031268 0.572559 0.010000
v 0.031268 0.573306 0.010000
v 0.031268 0.574012 0.010000
v 0.031268 0.574679 0.010000
v 0.031268 0.575307 0.010000
v 0.031268 0.575895 0.010000
v 0.030960 0.574518 0.010000
v 0.030605 0.573037 0.010000
v 0.030202 0.571454 0.010000
v 0.029752 0.569768 0.010000
v 0.029254 0.567980 0.010000
v 0.028709 0.566089 0.010000
v 0.028117 0.564095 0.010000
v 0.027478 0.561999 0.010000
v 0.026791 0.559800 0.010000
v 0.026056 0.557498 0.010000
v 0.025275 0.555094 0.010000
v 0.024446 0.552587 0.010000
v 0.024446 0.554861 0.010000
v 0.024462 0.555966 0.010000
v 0.024509 0.557008 0.010000
v 0.024588 0.557988 0.010000
v 0.024698 0.558903 0.010000
v 0.024841 0.559756 0.010000
v 0.025014 0.560546 0.010000
v 0.025220 0.561272 0.010000
v 0.025456 0.561935 0.010000
v 0.025725 0.562536 0.010000
v 0.026025 0.563073 0.010000
v 0.026357 0.563546 0.010000
v 0.026720 0.563957 0.010000
v 0.027083 0.565457 0.010000
v 0.027415 0.566926 0.010000
v 0.027715 0.568363 0.010000
v 0.027983 0.569768 0.010000
v 0.028220 0.571142 0.010000
v 0.028425 0.572484 0.010000
v 0.028599 0.573795 0.010000
v 0.028741 0.575074 0.010000
v 0.028852 0.576322 0.010000
v 0.028931 0.577538 0.010000
v 0.028978 0.578722 0.010000
v 0.028994 0.579875 0.010000
v 0.028994 0.580443 0.010000
v 0.028141 0.577984 0.010000
v 0.027288 0.575532 0.010000
v 0.026435 0.573088 0.010000
v 0.025583 0.570653 0.010000
v 0.024730 0.568225 0.010000
v 0.023877 0.565804 0.010000
v 0.023024 0.563392 0.010000
v 0.022172 0.560988 0.010000
v 0.021319 0.558592 0.010000
v 0.020466 0.556203 0.010000
v 0.019613 0.553823 0.010000
v 0.018761 0.551450 0.010000
v 0.019246 0.552934 0.010000
v 0.019756 0.554545 0.010000
v 0.020289 0.556282 0.010000
v 0.020845 0.558145 0.010000
v 0.021426 0.560135 0.010000
v 0.022030 0.562251 0.010000
v 0.022657 0.564494 0.010000
v 0.023309 0.566863 0.010000
v 0.023984 0.569358 0.010000
v 0.024683 0.571979 0.010000
v 0.025405 0.574727 0.010000
v 0.026151 0.577601 0.010000
v 0.026467 0.581051 0.010000
v 0.026846 0.584770 0.010000
v 0.027288 0.588758 0.010000
v 0.027794 0.593014 0.010000
v 0.028362 0.597538 0.010000
v 0.028994 0.602331 0.010000
v 0.029689 0.607392 0.010000
v 0.030447 0.612722 0.010000
v 0.031268 0.618320 0.010000
v 0.032152 0.624187 0.010000
v 0.033100 0.630322 0.010000
v 0.034110 0.636725 0.010000
v 0.034679 0.640705 0.010000
v 0.034667 0.641368 0.010000
v 0.034631 0.642032 0.010000
v 0.034572 0.642695 0.010000
v 0.034489 0.643358 0.010000
v 0.034383 0.644021 0.010000
v 0.034252 0.644685 0.010000
v 0.034098 0.645348 0.010000
v 0.033921 0.646011 0.010000
v 0.033719 0.646675 0.010000
v 0.033494 0.647338 0.010000
v 0.033246 0.648001 0.010000
v 0.032973 0.648664 0.010000
v 0.031228 0.643141 0.010000
v 0.029404 0.637373 0.010000
v 0.027501 0.631360 0.010000
v 0.025520 0.625103 0.010000
v 0.023459 0.618600 0.010000
v 0.021319 0.611853 0.010000
v 0.019100 0.604861 0.010000
v 0.016802 0.597625 0.010000
v 0.014426 0.590144 0.010000
v 0.011970 0.582417 0.010000
v 0.009436 0.574446 0.010000
v 0.006822 0.566231 0.010000
v 0.006873 0.568746 0.010000
v 0.007027 0.571363 0.010000
v 0.007284 0.574083 0.010000
v 0.007643 0.576906 0.010000
v 0.008105 0.579831 0.010000
v 0.008670 0.582860 0.010000
v 0.009337 0.585990 0.010000
v 0.010107 0.589224 0.010000
v 0.010979 0.592560 0.010000
v 0.011954 0.595998 0.010000
v 0.013032 0.599540 0.010000
v 0.014213 0.603184 0.010000
v 0.015946 0.608474 0.010000
v 0.017545 0.613354 0.010000
v 0.019009 0.617823 0.010000
v 0.020340 0.621881 0.010000
v 0.021536 0.625529 0.010000
v 0.022598 0.628766 0.010000
v 0.023526 0.631593 0.010000
v 0.024319 0.634009 0.010000
v 0.024979 0.636015 0.010000
v 0.025504 0.637610 0.010000
v 0.025895 0.638794 0.010000
v 0.026151 0.639568 0.010000
v 0.027513 0.645241 0.010000
v 0.028757 0.650891 0.010000
v 0.029882 0.656517 0.010000
v 0.030889 0.662119 0.010000
v 0.031777 0.667697 0.010000
v 0.032547 0.673252 0.010000
v 0.033198 0.678783 0.010000
v 0.033731 0.684290 0.010000
v 0.034146 0.689774 0.010000
v 0.034442 0.695234 0.010000
v 0.034620 0.700670 0.010000
v 0.034679 0.706083 0.010000
v 0.034695 0.709115 0.010000
v 0.034742 0.712147 0.010000
v 0.034821 0.715179 0.010000
v 0.034931 0.718211 0.010000
v 0.035074 0.721243 0.010000
v 0.035247 0.724275 0.010000
v 0.035453 0.727307 0.010000
v 0.035689 0.730339 0.010000
v 0.035958 0.733371 0.010000
v 0.036258 0.736403 0.010000
v 0.036590 0.739435 0.010000
v 0.036953 0.742467 0.010000
v 0.037565 0.743746 0.010000
v 0.038264 0.745120 0.010000
v 0.039049 0.746589 0.010000
v 0.039922 0.748152 0.010000
v 0.040881 0.749811 0.010000
v 0.041927 0.751563 0.010000
v 0.043060 0.753411 0.010000
v 0.044280 0.755353 0.010000
v 0.045587 0.757391 0.010000
v 0.046981 0.759522 0.010000
v 0.048461 0.761749 0.010000
v 0.050028 0.764071 0.010000
v 0.054576 0.764071 0.010000
v 0.055042 0.764276 0.010000
v 0.055492 0.764513 0.010000
v 0.055927 0.764781 0.010000
v 0.056345 0.765081 0.010000
v 0.056748 0.765413 0.010000
v 0.057135 0.765776 0.010000
v 0.057506 0.766171 0.010000
v 0.057861 0.766597 0.010000
v 0.058201 0.767055 0.010000
v 0.058524 0.767545 0.010000
v 0.058832 0.768066 0.010000
v 0.059125 0.768619 0.010000
v 0.060262 0.772030 0.010000
v 0.060948 0.772322 0.010000
v 0.061683 0.772630 0.010000
v 0.062464 0.772953 0.010000
v 0.063294 0.773293 0.010000
v 0.064170 0.773648 0.010000
v 0.065094 0.774019 0.010000
v 0.066065 0.774406 0.010000
v 0.067084 0.774809 0.010000
v 0.068150 0.775227 0.010000
v 0.069263 0.775662 0.010000
v 0.070424 0.776112 0.010000
v 0.071632 0.776578 0.010000
v 0.072765 0.778394 0.010000
v 0.073890 0.780052 0.010000
v 0.075007 0.781552 0.010000
v 0.076116 0.782894 0.010000
v 0.077218 0.784079 0.010000
v 0.078312 0.785105 0.010000
v 0.079397 0.785974 0.010000
v 0.080475 0.786684 0.010000
v 0.081545 0.787237 0.010000
v 0.082607 0.787632 0.010000
v 0.083661 0.787869 0.010000
v 0.084707 0.787948 0.010000
v 0.086476 0.787304 0.010000
v 0.088181 0.786700 0.010000
v 0.089824 0.786136 0.010000
v 0.091403 0.785611 0.010000
v 0.092919 0.785125 0.010000
v 0.094372 0.784679 0.010000
v 0.095761 0.784272 0.010000
v 0.097088 0.783905 0.010000
v 0.098351 0.783577 0.010000
v 0.099552 0.783289 0.010000
v 0.100689 0.783040 0.010000
v 0.101762 0.782831 0.010000
v 0.100625 0.782263 0.010000
v 0.101782 0.781714 0.010000
v 0.102978 0.781205 0.010000
v 0.104214 0.780735 0.010000
v 0.105489 0.780304 0.010000
v 0.106804 0.779914 0.010000
v 0.108158 0.779562 0.010000
v 0.109552 0.779250 0.010000
v 0.110985 0.778978 0.010000
v 0.112457 0.778745 0.010000
v 0.113969 0.778552 0.010000
v 0.115521 0.778398 0.010000
v 0.117112 0.778283 0.010000
v 0.118140 0.778139 0.010000
v 0.119331 0.777896 0.010000
v 0.120683 0.777555 0.010000
v 0.122197 0.777115 0.010000
v 0.123873 0.776576 0.010000
v 0.125711 0.775938 0.010000
v 0.127710 0.775202 0.010000
v 0.129872 0.774367 0.010000
v 0.132195 0.773433 0.010000
v 0.134680 0.772401 0.010000
v 0.137327 0.771270 0.010000
v 0.140136 0.770040 0.010000
v 0.142941 0.768786 0.010000
v 0.145577 0.767584 0.010000
v 0.148042 0.766433 0.010000
v 0.150338 0.765334 0.010000
v 0.152464 0.764286 0.010000
v 0.154420 0.763289 0.010000
v 0.156207 0.762343 0.010000
v 0.157823 0.761449 0.010000
v 0.159270 0.760606 0.010000
v 0.160547 0.759815 0.010000
v 0.161655 0.759074 0.010000
v 0.162592 0.758385 0.010000
v 0.167140 0.760660 0.010000
v 0.170551 0.757817 0.010000
v 0.176272 0.752862 0.010000
v 0.181495 0.748042 0.010000
v 0.186221 0.743356 0.010000
v 0.190449 0.738804 0.010000
v 0.194180 0.734386 0.010000
v 0.197413 0.730102 0.010000
v 0.200149 0.725953 0.010000
v 0.202388 0.721938 0.010000
v 0.204129 0.718057 0.010000
v 0.205372 0.714310 0.010000
v 0.206119 0.710698 0.010000
v 0.206367 0.707220 0.010000
v 0.206505 0.706955 0.010000
v 0.206920 0.706351 0.010000
v 0.207611 0.705408 0.010000
v 0.208578 0.704125 0.010000
v 0.209822 0.702502 0.010000
v 0.211342 0.700540 0.010000
v 0.213138 0.698238 0.010000
v 0.215211 0.695597 0.010000
v 0.217560 0.692617 0.010000
v 0.220185 0.689296 0.010000
v 0.223087 0.685637 0.010000
v 0.226265 0.681637 0.010000
v 0.228164 0.679008 0.010000
v 0.229881 0.676426 0.010000
v 0.231417 0.673891 0.010000
v 0.232771 0.671404 0.010000
v 0.233944 0.668964 0.010000
v 0.234935 0.666572 0.010000
v 0.235744 0.664227 0.010000
v 0.236372 0.661929 0.010000
v 0.236818 0.659679 0.010000
v 0.237082 0.657476 0.010000
v 0.237165 0.655320 0.010000
v 0.237067 0.653212 0.010000
v 0.249005 0.653212 0.010000
v 0.248326 0.653240 0.010000
v 0.248373 0.653323 0.010000
v 0.249147 0.653461 0.010000
v 0.250647 0.653654 0.010000
v 0.252874 0.653903 0.010000
v 0.255827 0.654207 0.010000
v 0.259507 0.654566 0.010000
v 0.263913 0.654981 0.010000
v 0.269045 0.655451 0.010000
v 0.274904 0.655976 0.010000
v 0.281489 0.656556 0.010000
v 0.288800 0.657192 0.010000
v 0.288528 0.657192 0.010000
v 0.288279 0.657192 0.010000
v 0.288054 0.657192 0.010000
v 0.287853 0.657192 0.010000
v 0.287675 0.657192 0.010000
v 0.287521 0.657192 0.010000
v 0.287391 0.657192 0.010000
v 0.287284 0.657192 0.010000
v 0.287202 0.657192 0.010000
v 0.287142 0.657192 0.010000
v 0.287107 0.657192 0.010000
v 0.287095 0.657192 0.010000
v 0.287099 0.657286 0.010000
v 0.287111 0.657381 0.010000
v 0.287130 0.657476 0.010000
v 0.287158 0.657571 0.010000
v 0.287194 0.657665 0.010000
v 0.287237 0.657760 0.010000
v 0.287288 0.657855 0.010000
v 0.287348 0.657950 0.010000
v 0.287415 0.658045 0.010000
v 0.287490 0.658139 0.010000
v 0.287573 0.658234 0.010000
v 0.287663 0.658329 0.010000
v 0.290163 0.659327 0.010000
v 0.292733 0.660239 0.010000
v 0.295374 0.661065 0.010000
v 0.298086 0.661803 0.010000
v 0.300869 0.662454 0.010000
v 0.303724 0.663019 0.010000
v 0.306649 0.663496 0.010000
v 0.309646 0.663887 0.010000
v 0.312713 0.664191 0.010000
v 0.315852 0.664408 0.010000
v 0.319062 0.664539 0.010000
v 0.322342 0.664582 0.010000
v 0.323996 0.664480 0.010000
v 0.325737 0.664172 0.010000
v 0.327565 0.663658 0.010000
v 0.329480 0.662940 0.010000
v 0.331482 0.662016 0.010000
v 0.333570 0.660887 0.010000
v 0.335746 0.659553 0.010000
v 0.338008 0.658013 0.010000
v 0.340357 0.656268 0.010000
v 0.342793 0.654318 0.010000
v 0.345315 0.652162 0.010000
v 0.347925 0.649801 0.010000
v 0.349384 0.648080 0.010000
v 0.351297 0.645190 0.010000
v 0.353663 0.641131 0.010000
v 0.356484 0.635904 0.010000
v 0.359759 0.629509 0.010000
v 0.363488 0.621944 0.010000
v 0.367671 0.613211 0.010000
v 0.372307 0.603310 0.010000
v 0.377398 0.592240 0.010000
v 0.382943 0.580001 0.010000
v 0.388942 0.566594 0.010000
v 0.357590 0.450256 0.010000
v 0.359469 0.450327 0.010000
v 0.361316 0.450540 0.010000
v 0.363132 0.450895 0.010000
v 0.364917 0.451393 0.010000
v 0.366670 0.452032 0.010000
v 0.368391 0.452814 0.010000
v 0.370081 0.453738 0.010000
v 0.371739 0.454804 0.010000
v 0.373366 0.456012 0.010000
v 0.374961 0.457362 0.010000
v 0.376524 0.458854 0.010000
v 0.378056 0.460489 0.010000
v 0.377037 0.463481 0.010000
v 0.375876 0.466585 0.010000
v 0.374574 0.469798 0.010000
v 0.373129 0.473122 0.010000
v 0.371542 0.476557 0.010000
v 0.369812 0.480102 0.010000
v 0.367941 0.483758 0.010000
v 0.365928 0.487524 0.010000
v 0.363772 0.491401 0.010000
v 0.361474 0.495389 0.010000
v 0.359035 0.499487 0.010000
v 0.356453 0.503695 0.010000
v 0.353507 0.508504 0.010000
v 0.350736 0.513076 0.010000
v 0.348138 0.517411 0.010000
v 0.345714 0.521509 0.010000
v 0.343464 0.525370 0.010000
v 0.341387 0.528994 0.010000
v 0.339484 0.532381 0.010000
v 0.337755 0.535532 0.010000
v 0.336200 0.538445 0.010000
v 0.334818 0.541122 0.010000
v 0.333610 0.543562 0.010000
v 0.332575 0.545765 0.010000
v 0.332939 0.541951 0.010000
v 0.333270 0.538090 0.010000
v 0.333570 0.534181 0.010000
v 0.333839 0.530226 0.010000
v 0.334076 0.526222 0.010000
v 0.334281 0.522172 0.010000
v 0.334455 0.518074 0.010000
v 0.334597 0.513928 0.010000
v 0.334707 0.509736 0.010000
v 0.334786 0.505496 0.010000
v 0.334834 0.501208 0.010000
v 0.334849 0.496873 0.010000
v 0.334849 0.482661 0.010000
v 0.334830 0.479526 0.010000
v 0.334770 0.476565 0.010000
v 0.334672 0.473778 0.010000
v 0.334534 0.471164 0.010000
v 0.334356 0.468724 0.010000
v 0.334139 0.466458 0.010000
v 0.333882 0.464366 0.010000
v 0.333586 0.462447 0.010000
v 0.333250 0.460702 0.010000
v 0.332875 0.459131 0.010000
v 0.332461 0.457733 0.010000
v 0.332007 0.456509 0.010000
v 0.335746 0.455511 0.010000
v 0.339192 0.454599 0.010000
v 0.342346 0.453773 0.010000
v 0.345209 0.453035 0.010000
v 0.347779 0.452384 0.010000
v 0.350057 0.451819 0.010000
v 0.352043 0.451342 0.010000
v 0.353736 0.450951 0.010000
v 0.355138 0.450647 0.010000
v 0.356247 0.450430 0.010000
v 0.357064 0.450299 0.010000
v 0.105173 0.447982 0.010000
v 0.107747 0.449257 0.010000
v 0.110164 0.450809 0.010000
v 0.112422 0.452636 0.010000
v 0.114522 0.454741 0.010000
v 0.116465 0.457121 0.010000
v 0.118249 0.459778 0.010000
v 0.119876 0.462712 0.010000
v 0.121344 0.465921 0.010000
v 0.122655 0.469407 0.010000
v 0.123808 0.473170 0.010000
v 0.124803 0.477208 0.010000
v 0.125640 0.481524 0.010000
v 0.125347 0.482262 0.010000
v 0.125039 0.482961 0.010000
v 0.124716 0.483620 0.010000
v 0.124376 0.484240 0.010000
v 0.124021 0.484820 0.010000
v 0.123650 0.485361 0.010000
v 0.123263 0.485862 0.010000
v 0.122860 0.486324 0.010000
v 0.122442 0.486747 0.010000
v 0.122007 0.487130 0.010000
v 0.121557 0.487473 0.010000
v 0.121092 0.487777 0.010000
v 0.120199 0.485416 0.010000
v 0.119228 0.482882 0.010000
v 0.118178 0.480173 0.010000
v 0.117049 0.477291 0.010000
v 0.115841 0.474236 0.010000
v 0.114554 0.471006 0.010000
v 0.113188 0.467603 0.010000
v 0.111743 0.464026 0.010000
v 0.110219 0.460276 0.010000
v 0.108616 0.456351 0.010000
v 0.106934 0.452253 0.010000
v 0.166003 0.067084 0.010000
v 0.166525 0.072323 0.010000
v 0.167140 0.077427 0.010000
v 0.167851 0.082398 0.010000
v 0.168656 0.087234 0.010000
v 0.169557 0.091936 0.010000
v 0.170551 0.096504 0.010000
v 0.171641 0.100937 0.010000
v 0.172825 0.105237 0.010000
v 0.174105 0.109402 0.010000
v 0.175478 0.113433 0.010000
v 0.176947 0.117329 0.010000
v 0.178511 0.121092 0.010000
v 0.177910 0.121873 0.010000
v 0.177247 0.122702 0.010000
v 0.176521 0.123579 0.010000
v 0.175731 0.124503 0.010000
v 0.174878 0.125474 0.010000
v 0.173962 0.126492 0.010000
v 0.172983 0.127558 0.010000
v 0.171941 0.128672 0.010000
v 0.170836 0.129832 0.010000
v 0.169667 0.131040 0.010000
v 0.168435 0.132296 0.010000
v 0.167140 0.133599 0.010000
v 0.165435 0.132462 0.010000
v 0.164298 0.132462 0.010000
v 0.163741 0.132481 0.010000
v 0.163208 0.132541 0.010000
v 0.162699 0.132639 0.010000
v 0.162213 0.132777 0.010000
v 0.161751 0.132955 0.010000
v 0.161313 0.133172 0.010000
v 0.160899 0.133429 0.010000
v 0.160508 0.133725 0.010000
v 0.160141 0.134061 0.010000
v 0.159797 0.134436 0.010000
v 0.159477 0.134850 0.010000
v 0.159181 0.135304 0.010000
v 0.159181 0.138715 0.010000
v 0.150654 0.137010 0.010000
v 0.152561 0.133768 0.010000
v 0.154302 0.130109 0.010000
v 0.155877 0.126030 0.010000
v 0.157286 0.121534 0.010000
v 0.158530 0.116618 0.010000
v 0.159608 0.111285 0.010000
v 0.160520 0.105533 0.010000
v 0.161266 0.099362 0.010000
v 0.161846 0.092773 0.010000
v 0.162261 0.085765 0.010000
v 0.162509 0.078339 0.010000
v 0.162592 0.070495 0.010000
v 0.162586 0.069604 0.010000
v 0.162569 0.068639 0.010000
v 0.162539 0.067599 0.010000
v 0.162498 0.066483 0.010000
v 0.162444 0.065293 0.010000
v 0.162379 0.064028 0.010000
v 0.162302 0.062688 0.010000
v 0.162213 0.061272 0.010000
v 0.162113 0.059782 0.010000
v 0.162000 0.058216 0.010000
v 0.161876 0.056576 0.010000
v 0.161740 0.054861 0.010000
v 0.161603 0.053145 0.010000
v 0.161479 0.051505 0.010000
v 0.161367 0.049940 0.010000
v 0.161266 0.048449 0.010000
v 0.161177 0.047034 0.010000
v 0.161100 0.045694 0.010000
v 0.161035 0.044428 0.010000
v 0.160982 0.043238 0.010000
v 0.160940 0.042123 0.010000
v 0.160911 0.041082 0.010000
v 0.160893 0.040117 0.010000
v 0.160887 0.039227 0.010000
v 0.160907 0.037205 0.010000
v 0.160966 0.035121 0.010000
v 0.161065 0.032973 0.010000
v 0.161203 0.030762 0.010000
v 0.161380 0.028488 0.010000
v 0.161598 0.026151 0.010000
v 0.161854 0.023751 0.010000
v 0.162150 0.021287 0.010000
v 0.162486 0.018761 0.010000
v 0.162861 0.016171 0.010000
v 0.163275 0.013518 0.010000
v 0.163729 0.010802 0.010000
v 0.164093 0.019444 0.010000
v 0.164424 0.027367 0.010000
v 0.164724 0.034572 0.010000
v 0.164993 0.041059 0.010000
v 0.165230 0.046827 0.010000
v 0.165435 0.051876 0.010000
v 0.165609 0.056207 0.010000
v 0.165751 0.059819 0.010000
v 0.165861 0.062713 0.010000
v 0.165940 0.064889 0.010000
v 0.165988 0.066345 0.010000
v 0.395395 0.552018 -0.010000
v 0.401797 0.537423 -0.010000
v 0.407642 0.523956 -0.010000
v 0.412930 0.511619 -0.010000
v 0.417662 0.500411 -0.010000
v 0.421837 0.490332 -0.010000
v 0.425455 0.481382 -0.010000
v 0.428516 0.473561 -0.010000
v 0.431021 0.466869 -0.010000
v 0.432970 0.461306 -0.010000
v 0.434361 0.456873 -0.010000
v 0.435196 0.453568 -0.010000
v 0.435475 0.451393 -0.010000
v 0.434922 0.445763 -0.010000
v 0.433264 0.440623 -0.010000
v 0.430500 0.435972 -0.010000
v 0.426631 0.431811 -0.010000
v 0.421657 0.428139 -0.010000
v 0.415577 0.424957 -0.010000
v 0.408392 0.422265 -0.010000
v 0.400101 0.420062 -0.010000
v 0.390705 0.418349 -0.010000
v 0.380203 0.417125 -0.010000
v 0.368596 0.416390 -0.010000
v 0.355884 0.416146 -0.010000
v 0.354933 0.416134 -0.010000
v 0.353973 0.416098 -0.010000
v 0.353006 0.416039 -0.010000
v 0.352031 0.415956 -0.010000
v 0.351048 0.415849 -0.010000
v 0.350057 0.415719 -0.010000
v 0.349058 0.415565 -0.010000
v 0.348051 0.415388 -0.010000
v 0.347037 0.415186 -0.010000
v 0.346014 0.414961 -0.010000
v 0.344984 0.414712 -0.010000
v 0.343945 0.414440 -0.010000
v 0.342007 0.414803 -0.010000
v 0.340171 0.415135 -0.010000
v 0.338438 0.415435 -0.010000
v 0.336808 0.415703 -0.010000
v 0.335280 0.415940 -0.010000
v 0.333854 0.416146 -0.010000
v 0.332532 0.416319 -0.010000
v 0.331312 0.416461 -0.010000
v 0.330195 0.416572 -0.010000
v 0.329180 0.416651 -0.010000
v 0.328268 0.416698 -0.010000
v 0.327459 0.416714 -0.010000
v 0.327060 0.416532 -0.010000
v 0.326622 0.415988 -0.010000
v 0.326144 0.415080 -0.010000
v 0.325627 0.413808 -0.010000
v 0.325070 0.412174 -0.010000
v 0.324474 0.410176 -0.010000
v 0.323839 0.407815 -0.010000
v 0.323163 0.405091 -0.010000
v 0.322449 0.402004 -0.010000
v 0.321695 0.398553 -0.010000
v 0.320901 0.394740 -0.010000
v 0.320068 0.390563 -0.010000
v 0.319421 0.387689 -0.010000
v 0.318615 0.384562 -0.010000
v 0.317652 0.381183 -0.010000
v 0.316531 0.377550 -0.010000
v 0.315252 0.373666 -0.010000
v 0.313815 0.369528 -0.010000
v 0.312220 0.365138 -0.010000
v 0.310467 0.360495 -0.010000
v 0.308556 0.355600 -0.010000
v 0.306487 0.350452 -0.010000
v 0.304261 0.345051 -0.010000
v 0.301876 0.339397 -0.010000
v 0.300151 0.335161 -0.010000
v 0.298576 0.330791 -0.010000
v 0.297150 0.326286 -0.010000
v 0.295875 0.321647 -0.010000
v 0.294750 0.316874 -0.010000
v 0.293775 0.311967 -0.010000
v 0.292950 0.306925 -0.010000
v 0.292275 0.301750 -0.010000
v 0.291750 0.296440 -0.010000
v 0.291375 0.290995 -0.010000
v 0.291149 0.285417 -0.010000
v 0.291074 0.279704 -0.010000
v 0.291086 0.278421 -0.010000
v 0.291122 0.277036 -0.010000
v 0.291181 0.275547 -0.010000
v 0.291264 0.273956 -0.010000
v 0.291371 0.272263 -0.010000
v 0.291501 0.270466 -0.010000
v 0.291655 0.268567 -0.010000
v 0.291832 0.266566 -0.010000
v 0.292034 0.264461 -0.010000
v 0.292259 0.262254 -0.010000
v 0.292508 0.259945 -0.010000
v 0.292780 0.257533 -0.010000
v 0.293052 0.255120 -0.010000
v 0.293301 0.252811 -0.010000
v 0.293526 0.250604 -0.010000
v 0.293728 0.248500 -0.010000
v 0.293905 0.246498 -0.010000
v 0.294059 0.244599 -0.010000
v 0.294189 0.242803 -0.010000
v 0.294296 0.241109 -0.010000
v 0.294379 0.239518 -0.010000
v 0.294438 0.238030 -0.010000
v 0.294474 0.236644 -0.010000
v 0.294486 0.235361 -0.010000
v 0.294446 0.221934 -0.010000
v 0.294328 0.209131 -0.010000
v 0.294130 0.196951 -0.010000
v 0.293854 0.185396 -0.010000
v 0.293499 0.174464 -0.010000
v 0.293064 0.164156 -0.010000
v 0.292551 0.154471 -0.010000
v 0.291959 0.145411 -0.010000
v 0.291288 0.136974 -0.010000
v 0.290538 0.129161 -0.010000
v 0.289708 0.121972 -0.010000
v 0.288800 0.115406 -0.010000
v 0.287628 0.108004 -0.010000
v 0.286195 0.100199 -0.010000
v 0.284501 0.091991 -0.010000
v 0.282547 0.083381 -0.010000
v 0.280332 0.074368 -0.010000
v 0.277857 0.064952 -0.010000
v 0.275121 0.055133 -0.010000
v 0.272124 0.044912 -0.010000
v 0.268867 0.034288 -0.010000
v 0.265350 0.023261 -0.010000
v 0.261571 0.011832 -0.010000
v 0.257533 0.000000 -0.010000
v 0.071063 0.000000 -0.010000
v 0.065706 0.018220 -0.010000
v 0.060814 0.035168 -0.010000
v 0.056389 0.050846 -0.010000
v 0.052429 0.065252 -0.010000
v 0.048935 0.078387 -0.010000
v 0.045907 0.090250 -0.010000
v 0.043345 0.100842 -0.010000
v 0.041248 0.110164 -0.010000
v 0.039618 0.118213 -0.010000
v 0.038453 0.124992 -0.010000
v 0.037754 0.130499 -0.010000
v 0.037521 0.134736 -0.010000
v 0.037549 0.135209 -0.010000
v 0.037632 0.135873 -0.010000
v 0.037770 0.136725 -0.010000
v 0.037963 0.137768 -0.010000
v 0.038212 0.138999 -0.010000
v 0.038516 0.140421 -0.010000
v 0.038875 0.142031 -0.010000
v 0.039290 0.143832 -0.010000
v 0.039760 0.145821 -0.010000
v 0.040285 0.148001 -0.010000
v 0.040865 0.150370 -0.010000
v 0.041501 0.152928 -0.010000
v 0.041501 0.153994 -0.010000
v 0.041501 0.155107 -0.010000
v 0.041501 0.156268 -0.010000
v 0.041501 0.157476 -0.010000
v 0.041501 0.158731 -0.010000
v 0.041501 0.160034 -0.010000
v 0.041501 0.161384 -0.010000
v 0.041501 0.162782 -0.010000
v 0.041501 0.164227 -0.010000
v 0.041501 0.165719 -0.010000
v 0.041501 0.167259 -0.010000
v 0.041501 0.168846 -0.010000
v 0.041410 0.171669 -0.010000
v 0.041327 0.174263 -0.010000
v 0.041252 0.176627 -0.010000
v 0.041185 0.178763 -0.010000
v 0.041126 0.180670 -0.010000
v 0.041074 0.182348 -0.010000
v 0.041031 0.183797 -0.010000
v 0.040996 0.185017 -0.010000
v 0.040968 0.186008 -0.010000
v 0.040948 0.186770 -0.010000
v 0.040936 0.187303 -0.010000
v 0.040932 0.187607 -0.010000
v 0.041371 0.202546 -0.010000
v 0.042685 0.217043 -0.010000
v 0.044876 0.231097 -0.010000
v 0.047944 0.244710 -0.010000
v 0.051888 0.257880 -0.010000
v 0.056708 0.270608 -0.010000
v 0.062405 0.282894 -0.010000
v 0.068979 0.294738 -0.010000
v 0.076428 0.306140 -0.010000
v 0.084755 0.317099 -0.010000
v 0.093957 0.327617 -0.010000
v 0.104036 0.337692 -0.010000
v 0.110006 0.343543 -0.010000
v 0.115406 0.349536 -0.010000
v 0.120239 0.355671 -0.010000
v 0.124503 0.361948 -0.010000
v 0.128198 0.368367 -0.010000
v 0.131325 0.374929 -0.010000
v 0.133883 0.381633 -0.010000
v 0.135873 0.388478 -0.010000
v 0.137294 0.395466 -0.010000
v 0.138147 0.402596 -0.010000
v 0.138431 0.409868 -0.010000
v 0.138147 0.417283 -0.010000
v 0.134167 0.417283 -0.010000
v 0.133259 0.417160 -0.010000
v 0.132241 0.416793 -0.010000
v 0.131111 0.416181 -0.010000
v 0.129872 0.415324 -0.010000
v 0.128522 0.414223 -0.010000
v 0.127061 0.412877 -0.010000
v 0.125490 0.411286 -0.010000
v 0.123808 0.409450 -0.010000
v 0.122015 0.407369 -0.010000
v 0.120112 0.405044 -0.010000
v 0.118099 0.402474 -0.010000
v 0.115975 0.399659 -0.010000
v 0.112951 0.395695 -0.010000
v 0.109564 0.391763 -0.010000
v 0.105813 0.387862 -0.010000
v 0.101699 0.383993 -0.010000
v 0.097222 0.380156 -0.010000
v 0.092382 0.376350 -0.010000
v 0.087179 0.372576 -0.010000
v 0.081612 0.368833 -0.010000
v 0.075682 0.365122 -0.010000
v 0.069389 0.361443 -0.010000
v 0.062733 0.357795 -0.010000
v 0.055713 0.354179 -0.010000
v 0.054663 0.354242 -0.010000
v 0.053597 0.354431 -0.010000
v 0.052516 0.354747 -0.010000
v 0.051418 0.355189 -0.010000
v 0.050305 0.355758 -0.010000
v 0.049176 0.356453 -0.010000
v 0.048031 0.357274 -0.010000
v 0.046870 0.358221 -0.010000
v 0.045694 0.359295 -0.010000
v 0.044501 0.360495 -0.010000
v 0.043293 0.361822 -0.010000
v 0.042069 0.363275 -0.010000
v 0.040889 0.364771 -0.010000
v 0.039811 0.366228 -0.010000
v 0.038836 0.367645 -0.010000
v 0.037963 0.369023 -0.010000
v 0.037194 0.370361 -0.010000
v 0.036526 0.371660 -0.010000
v 0.035962 0.372919 -0.010000
v 0.035500 0.374139 -0.010000
v 0.035141 0.375320 -0.010000
v 0.034884 0.376461 -0.010000
v 0.034730 0.377562 -0.010000
v 0.034679 0.378624 -0.010000
v 0.034752 0.381635 -0.010000
v 0.034971 0.384980 -0.010000
v 0.035336 0.388662 -0.010000
v 0.035847 0.392679 -0.010000
v 0.036505 0.397032 -0.010000
v 0.037308 0.401720 -0.010000
v 0.038258 0.406744 -0.010000
v 0.039353 0.412103 -0.010000
v 0.040595 0.417798 -0.010000
v 0.041983 0.423828 -0.010000
v 0.043516 0.430194 -0.010000
v 0.045196 0.436896 -0.010000
v 0.046935 0.443602 -0.010000
v 0.048647 0.449979 -0.010000
v 0.050330 0.456030 -0.010000
v 0.051987 0.461752 -0.010000
v 0.053615 0.467147 -0.010000
v 0.055216 0.472214 -0.010000
v 0.056789 0.476954 -0.010000
v 0.058335 0.481366 -0.010000
v 0.059853 0.485450 -0.010000
v 0.061343 0.489206 -0.010000
v 0.062806 0.492635 -0.010000
v 0.064241 0.495736 -0.010000
v 0.063838 0.496119 -0.010000
v 0.063388 0.496510 -0.010000
v 0.062891 0.496909 -0.010000
v 0.062346 0.497315 -0.010000
v 0.061754 0.497730 -0.010000
v 0.061114 0.498152 -0.010000
v 0.060427 0.498583 -0.010000
v 0.059693 0.499021 -0.010000
v 0.058911 0.499467 -0.010000
v 0.058082 0.499921 -0.010000
v 0.057206 0.500383 -0.010000
v 0.056282 0.500853 -0.010000
v 0.056850 0.497442 -0.010000
v 0.056748 0.497086 -0.010000
v 0.056629 0.496589 -0.010000
v 0.056495 0.495949 -0.010000
v 0.056345 0.495168 -0.010000
v 0.056179 0.494244 -0.010000
v 0.055998 0.493178 -0.010000
v 0.055800 0.491970 -0.010000
v 0.055587 0.490620 -0.010000
v 0.055358 0.489127 -0.010000
v 0.055113 0.487493 -0.010000
v 0.054853 0.485716 -0.010000
v 0.054576 0.483798 -0.010000
v 0.056850 0.479250 -0.010000
v 0.054336 0.479727 -0.010000
v 0.052097 0.480402 -0.010000
v 0.050135 0.481275 -0.010000
v 0.048449 0.482345 -0.010000
v 0.047040 0.483612 -0.010000
v 0.045907 0.485077 -0.010000
v 0.045050 0.486739 -0.010000
v 0.044470 0.488598 -0.010000
v 0.044166 0.490655 -0.010000
v 0.044138 0.492909 -0.010000
v 0.044387 0.495361 -0.010000
v 0.044912 0.498010 -0.010000
v 0.044596 0.497383 -0.010000
v 0.044217 0.496636 -0.010000
v 0.043775 0.495772 -0.010000
v 0.043270 0.494789 -0.010000
v 0.042701 0.493687 -0.010000
v 0.042069 0.492467 -0.010000
v 0.041375 0.491129 -0.010000
v 0.040617 0.489672 -0.010000
v 0.039795 0.488097 -0.010000
v 0.038911 0.486403 -0.010000
v 0.037963 0.484591 -0.010000
v 0.036953 0.482661 -0.010000
v 0.036949 0.483448 -0.010000
v 0.036937 0.484295 -0.010000
v 0.036917 0.485201 -0.010000
v 0.036890 0.486166 -0.010000
v 0.036854 0.487191 -0.010000
v 0.036811 0.488275 -0.010000
v 0.036759 0.489417 -0.010000
v 0.036700 0.490620 -0.010000
v 0.036633 0.491881 -0.010000
v 0.036558 0.493202 -0.010000
v 0.036475 0.494581 -0.010000
v 0.036384 0.496020 -0.010000
v 0.036294 0.497460 -0.010000
v 0.036211 0.498839 -0.010000
v 0.036136 0.500160 -0.010000
v 0.036068 0.501421 -0.010000
v 0.036009 0.502623 -0.010000
v 0.035958 0.503766 -0.010000
v 0.035915 0.504850 -0.010000
v 0.035879 0.505875 -0.010000
v 0.035851 0.506840 -0.010000
v 0.035832 0.507746 -0.010000
v 0.035820 0.508593 -0.010000
v 0.035816 0.509380 -0.010000
v 0.035630 0.511935 -0.010000
v 0.035453 0.514292 -0.010000
v 0.035283 0.516451 -0.010000
v 0.035121 0.518413 -0.010000
v 0.034967 0.520178 -0.010000
v 0.034821 0.521745 -0.010000
v 0.034683 0.523115 -0.010000
v 0.034552 0.524288 -0.010000
v 0.034430 0.525263 -0.010000
v 0.034316 0.526041 -0.010000
v 0.034209 0.526621 -0.010000
v 0.034110 0.527004 -0.010000
v 0.033431 0.524462 -0.010000
v 0.032721 0.521951 -0.010000
v 0.031978 0.519471 -0.010000
v 0.031205 0.517024 -0.010000
v 0.030399 0.514607 -0.010000
v 0.029562 0.512223 -0.010000
v 0.028694 0.509870 -0.010000
v 0.027794 0.507549 -0.010000
v 0.026862 0.505259 -0.010000
v 0.025899 0.503000 -0.010000
v 0.024904 0.500774 -0.010000
v 0.023877 0.498579 -0.010000
v 0.024000 0.500186 -0.010000
v 0.024177 0.501974 -0.010000
v 0.024410 0.503944 -0.010000
v 0.024698 0.506096 -0.010000
v 0.025042 0.508429 -0.010000
v 0.025441 0.510944 -0.010000
v 0.025895 0.513640 -0.010000
v 0.026404 0.516518 -0.010000
v 0.026968 0.519578 -0.010000
v 0.027588 0.522819 -0.010000
v 0.028263 0.526242 -0.010000
v 0.028994 0.529847 -0.010000
v 0.028232 0.526487 -0.010000
v 0.027462 0.523230 -0.010000
v 0.026684 0.520075 -0.010000
v 0.025899 0.517024 -0.010000
v 0.025105 0.514074 -0.010000
v 0.024304 0.511228 -0.010000
v 0.023494 0.508484 -0.010000
v 0.022677 0.505843 -0.010000
v 0.021852 0.503304 -0.010000
v 0.021019 0.500869 -0.010000
v 0.020178 0.498535 -0.010000
v 0.019329 0.496305 -0.010000
v 0.019373 0.497991 -0.010000
v 0.019503 0.499826 -0.010000
v 0.019720 0.501812 -0.010000
v 0.020024 0.503948 -0.010000
v 0.020415 0.506234 -0.010000
v 0.020893 0.508670 -0.010000
v 0.021457 0.511256 -0.010000
v 0.022109 0.513991 -0.010000
v 0.022847 0.516877 -0.010000
v 0.023672 0.519913 -0.010000
v 0.024584 0.523099 -0.010000
v 0.025583 0.526435 -0.010000
v 0.026582 0.529775 -0.010000
v 0.027494 0.532973 -0.010000
v 0.028319 0.536029 -0.010000
v 0.029057 0.538943 -0.010000
v 0.029708 0.541714 -0.010000
v 0.030273 0.544343 -0.010000
v 0.030751 0.546831 -0.010000
v 0.031141 0.549176 -0.010000
v 0.031445 0.551379 -0.010000
v 0.031663 0.553439 -0.010000
v 0.031793 0.555358 -0.010000
v 0.031836 0.557135 -0.010000
v 0.031832 0.557632 -0.010000
v 0.031820 0.558177 -0.010000
v 0.031801 0.558769 -0.010000
v 0.031773 0.559409 -0.010000
v 0.031738 0.560096 -0.010000
v 0.031694 0.560830 -0.010000
v 0.031643 0.561612 -0.010000
v 0.031584 0.562441 -0.010000
v 0.031516 0.563317 -0.010000
v 0.031441 0.564241 -0.010000
v 0.031359 0.565212 -0.010000
v 0.031268 0.566231 -0.010000
v 0.031268 0.567253 -0.010000
v 0.031268 0.568236 -0.010000
v 0.031268 0.569180 -0.010000
v 0.031268 0.570084 -0.010000
v 0.031268 0.570949 -0.010000
v 0.031268 0.571774 -0.010000
v 0.031268 0.572559 -0.010000
v 0.031268 0.573306 -0.010000
v 0.031268 0.574012 -0.010000
v 0.031268 0.574679 -0.010000
v 0.031268 0.575307 -0.010000
v 0.031268 0.575895 -0.010000
v 0.030960 0.574518 -0.010000
v 0.030605 0.573037 -0.010000
v 0.030202 0.571454 -0.010000
v 0.029752 0.569768 -0.010000
v 0.029254 0.567980 -0.010000
v 0.028709 0.566089 -0.010000
v 0.028117 0.564095 -0.010000
v 0.027478 0.561999 -0.010000
v 0.026791 0.559800 -0.010000
v 0.026056 0.557498 -0.010000
v 0.025275 0.555094 -0.010000
v 0.024446 0.552587 -0.010000
v 0.024446 0.554861 -0.010000
v 0.024462 0.555966 -0.010000
v 0.024509 0.557008 -0.010000
v 0.024588 0.557988 -0.010000
v 0.024698 0.558903 -0.010000
v 0.024841 0.559756 -0.010000
v 0.025014 0.560546 -0.010000
v 0.025220 0.561272 -0.010000
v 0.025456 0.561935 -0.010000
v 0.025725 0.562536 -0.010000
v 0.026025 0.563073 -0.010000
v 0.026357 0.563546 -0.010000
v 0.026720 0.563957 -0.010000
v 0.027083 0.565457 -0.010000
v 0.027415 0.566926 -0.010000
v 0.027715 0.568363 -0.010000
v 0.027983 0.569768 -0.010000
v 0.028220 0.571142 -0.010000
v 0.028425 0.572484 -0.010000
v 0.028599 0.573795 -0.010000
v 0.028741 0.575074 -0.010000
v 0.028852 0.576322 -0.010000
v 0.028931 0.577538 -0.010000
v 0.028978 0.578722 -0.010000
v 0.028994 0.579875 -0.010000
v 0.028994 0.580443 -0.010000
v 0.028141 0.577984 -0.010000
v 0.027288 0.575532 -0.010000
v 0.026435 0.573088 -0.010000
v 0.025583 0.570653 -0.010000
v 0.024730 0.568225 -0.010000
v 0.023877 0.565804 -0.010000
v 0.023024 0.563392 -0.010000
v 0.022172 0.560988 -0.010000
v 0.021319 0.558592 -0.010000
v 0.020466 0.556203 -0.010000
v 0.019613 0.553823 -0.010000
v 0.018761 0.551450 -0.010000
v 0.019246 0.552934 -0.010000
v 0.019756 0.554545 -0.010000
v 0.020289 0.556282 -0.010000
v 0.020845 0.558145 -0.010000
v 0.021426 0.560135 -0.010000
v 0.022030 0.562251 -0.010000
v 0.022657 0.564494 -0.010000
v 0.023309 0.566863 -0.010000
v 0.023984 0.569358 -0.010000
v 0.024683 0.571979 -0.010000
v 0.025405 0.574727 -0.010000
v 0.026151 0.577601 -0.010000
v 0.026467 0.581051 -0.010000
v 0.026846 0.584770 -0.010000
v 0.027288 0.588758 -0.010000
v 0.027794 0.593014 -0.010000
v 0.028362 0.597538 -0.010000
v 0.028994 0.602331 -0.010000
v 0.029689 0.607392 -0.010000
v 0.030447 0.612722 -0.010000
v 0.031268 0.618320 -0.010000
v 0.032152 0.624187 -0.010000
v 0.033100 0.630322 -0.010000
v 0.034110 0.636725 -0.010000
v 0.034679 0.640705 -0.010000
v 0.034667 0.641368 -0.010000
v 0.034631 0.642032 -0.010000
v 0.034572 0.642695 -0.010000
v 0.034489 0.643358 -0.010000
v 0.034383 0.644021 -0.010000
v 0.034252 0.644685 -0.010000
v 0.034098 0.645348 -0.010000
v 0.033921 0.646011 -0.010000
v 0.033719 0.646675 -0.010000
v 0.033494 0.647338 -0.010000
v 0.033246 0.648001 -0.010000
v 0.032973 0.648664 -0.010000
v 0.031228 0.643141 -0.010000
v 0.029404 0.637373 -0.010000
v 0.027501 0.631360 -0.010000
v 0.025520 0.625103 -0.010000
v 0.023459 0.618600 -0.010000
v 0.021319 0.611853 -0.010000
v 0.019100 0.604861 -0.010000
v 0.016802 0.597625 -0.010000
v 0.014426 0.590144 -0.010000
v 0.011970 0.582417 -0.010000
v 0.009436 0.574446 -0.010000
v 0.006822 0.566231 -0.010000
v 0.006873 0.568746 -0.010000
v 0.007027 0.571363 -0.010000
v 0.007284 0.574083 -0.010000
v 0.007643 0.576906 -0.010000
v 0.008105 0.579831 -0.010000
v 0.008670 0.582860 -0.010000
v 0.009337 0.585990 -0.010000
v 0.010107 0.589224 -0.010000
v 0.010979 0.592560 -0.010000
v 0.011954 0.595998 -0.010000
v 0.013032 0.599540 -0.010000
v 0.014213 0.603184 -0.010000
v 0.015946 0.608474 -0.010000
v 0.017545 0.613354 -0.010000
v 0.019009 0.617823 -0.010000
v 0.020340 0.621881 -0.010000
v 0.021536 0.625529 -0.010000
v 0.022598 0.628766 -0.010000
v 0.023526 0.631593 -0.010000
v 0.024319 0.634009 -0.010000
v 0.024979 0.636015 -0.010000
v 0.025504 0.637610 -0.010000
v 0.025895 0.638794 -0.010000
v 0.026151 0.639568 -0.010000
v 0.027513 0.645241 -0.010000
v 0.028757 0.650891 -0.010000
v 0.029882 0.656517 -0.010000
v 0.030889 0.662119 -0.010000
v 0.031777 0.667697 -0.010000
v 0.032547 0.673252 -0.010000
v 0.033198 0.678783 -0.010000
v 0.033731 0.684290 -0.010000
v 0.034146 0.689774 -0.010000
v 0.034442 0.695234 -0.010000
v 0.034620 0.700670 -0.010000
v 0.034679 0.706083 -0.010000
v 0.034695 0.709115 -0.010000
v 0.034742 0.712147 -0.010000
v 0.034821 0.715179 -0.010000
v 0.034931 0.718211 -0.010000
v 0.035074 0.721243 -0.010000
v 0.035247 0.724275 -0.010000
v 0.035453 0.727307 -0.010000
v 0.035689 0.730339 -0.010000
v 0.035958 0.733371 -0.010000
v 0.036258 0.736403 -0.010000
v 0.036590 0.739435 -0.010000
v 0.036953 0.742467 -0.010000
v 0.037565 0.743746 -0.010000
v 0.038264 0.745120 -0.010000
v 0.039049 0.746589 -0.010000
v 0.039922 0.748152 -0.010000
v 0.040881 0.749811 -0.010000
v 0.041927 0.751563 -0.010000
v 0.043060 0.753411 -0.010000
v 0.044280 0.755353 -0.010000
v 0.045587 0.757391 -0.010000
v 0.046981 0.759522 -0.010000
v 0.048461 0.761749 -0.010000
v 0.050028 0.764071 -0.010000
v 0.054576 0.764071 -0.010000
v 0.055042 0.764276 -0.010000
v 0.055492 0.764513 -0.010000
v 0.055927 0.764781 -0.010000
v 0.056345 0.765081 -0.010000
v 0.056748 0.765413 -0.010000
v 0.057135 0.765776 -0.010000
v 0.057506 0.766171 -0.010000
v 0.057861 0.766597 -0.010000
v 0.058201 0.767055 -0.010000
v 0.058524 0.767545 -0.010000
v 0.058832 0.768066 -0.010000
v 0.059125 0.768619 -0.010000
v 0.060262 0.772030 -0.010000
v 0.060948 0.772322 -0.010000
v 0.061683 0.772630 -0.010000
v 0.062464 0.772953 -0.010000
v 0.063294 0.773293 -0.010000
v 0.064170 0.773648 -0.010000
v 0.065094 0.774019 -0.010000
v 0.066065 0.774406 -0.010000
v 0.067084 0.774809 -0.010000
v 0.068150 0.775227 -0.010000
v 0.069263 0.775662 -0.010000
v 0.070424 0.776112 -0.010000
v 0.071632 0.776578 -0.010000
v 0.072765 0.778394 -0.010000
v 0.073890 0.780052 -0.010000
v 0.075007 0.781552 -0.010000
v 0.076116 0.782894 -0.010000
v 0.077218 0.784079 -0.010000
v 0.078312 0.785105 -0.010000
v 0.079397 0.785974 -0.010000
v 0.080475 0.786684 -0.010000
v 0.081545 0.787237 -0.010000
v 0.082607 0.787632 -0.010000
v 0.083661 0.787869 -0.010000
v 0.084707 0.787948 -0.010000
v 0.086476 0.787304 -0.010000
v 0.088181 0.786700 -0.010000
v 0.089824 0.786136 -0.010000
v 0.091403 0.785611 -0.010000
v 0.092919 0.785125 -0.010000
v 0.094372 0.784679 -0.010000
v 0.095761 0.784272 -0.010000
v 0.097088 0.783905 -0.010000
v 0.098351 0.783577 -0.010000
v 0.099552 0.783289 -0.010000
v 0.100689 0.783040 -0.010000
v 0.101762 0.782831 -0.010000
v 0.100625 0.782263 -0.010000
v 0.101782 0.781714 -0.010000
v 0.102978 0.781205 -0.010000
v 0.104214 0.780735 -0.010000
v 0.105489 0.780304 -0.010000
v 0.106804 0.779914 -0.010000
v 0.108158 0.779562 -0.010000
v 0.109552 0.779250 -0.010000
v 0.110985 0.778978 -0.010000
v 0.112457 0.778745 -0.010000
v 0.113969 0.778552 -0.010000
v 0.115521 0.778398 -0.010000
v 0.117112 0.778283 -0.010000
v 0.118140 0.778139 -0.010000
v 0.119331 0.777896 -0.010000
v 0.120683 0.777555 -0.010000
v 0.122197 0.777115 -0.010000
v 0.123873 0.776576 -0.010000
v 0.125711 0.775938 -0.010000
v 0.127710 0.775202 -0.010000
v 0.129872 0.774367 -0.010000
v 0.132195 0.773433 -0.010000
v 0.134680 0.772401 -0.010000
v 0.137327 0.771270 -0.010000
v 0.140136 0.770040 -0.010000
v 0.142941 0.768786 -0.010000
v 0.145577 0.767584 -0.010000
v 0.148042 0.766433 -0.010000
v 0.150338 0.765334 -0.010000
v 0.152464 0.764286 -0.010000
v 0.154420 0.763289 -0.010000
v 0.156207 0.762343 -0.010000
v 0.157823 0.761449 -0.010000
v 0.159270 0.760606 -0.010000
v 0.160547 0.759815 -0.010000
v 0.161655 0.759074 -0.010000
v 0.162592 0.758385 -0.010000
v 0.167140 0.760660 -0.010000
v 0.170551 0.757817 -0.010000
v 0.176272 0.752862 -0.010000
v 0.181495 0.748042 -0.010000
v 0.186221 0.743356 -0.010000
v 0.190449 0.738804 -0.010000
v 0.194180 0.734386 -0.010000
v 0.197413 0.730102 -0.010000
v 0.200149 0.725953 -0.010000
v 0.202388 0.721938 -0.010000
v 0.204129 0.718057 -0.010000
v 0.205372 0.714310 -0.010000
v 0.206119 0.710698 -0.010000
v 0.206367 0.707220 -0.010000
v 0.206505 0.706955 -0.010000
v 0.206920 0.706351 -0.010000
v 0.207611 0.705408 -0.010000
v 0.208578 0.704125 -0.010000
v 0.209822 0.702502 -0.010000
v 0.211342 0.700540 -0.010000
v 0.213138 0.698238 -0.010000
v 0.215211 0.695597 -0.010000
v 0.217560 0.692617 -0.010000
v 0.220185 0.689296 -0.010000
v 0.223087 0.685637 -0.010000
v 0.226265 0.681637 -0.010000
v 0.228164 0.679008 -0.010000
v 0.229881 0.676426 -0.010000
v 0.231417 0.673891 -0.010000
v 0.232771 0.671404 -0.010000
v 0.233944 0.668964 -0.010000
v 0.234935 0.666572 -0.010000
v 0.235744 0.664227 -0.010000
v 0.236372 0.661929 -0.010000
v 0.236818 0.659679 -0.010000
v 0.237082 0.657476 -0.010000
v 0.237165 0.655320 -0.010000
v 0.237067 0.653212 -0.010000
v 0.249005 0.653212 -0.010000
v 0.248326 0.653240 -0.010000
v 0.248373 0.653323 -0.010000
v 0.249147 0.653461 -0.010000
v 0.250647 0.653654 -0.010000
v 0.252874 0.653903 -0.010000
v 0.255827 0.654207 -0.010000
v 0.259507 0.654566 -0.010000
v 0.263913 0.654981 -0.010000
v 0.269045 0.655451 -0.010000
v 0.274904 0.655976 -0.010000
v 0.281489 0.656556 -0.010000
v 0.288800 0.657192 -0.010000
v 0.288528 0.657192 -0.010000
v 0.288279 0.657192 -0.010000
v 0.288054 0.657192 -0.010000
v 0.287853 0.657192 -0.010000
v 0.287675 0.657192 -0.010000
v 0.287521 0.657192 -0.010000
v 0.287391 0.657192 -0.010000
v 0.287284 0.657192 -0.010000
v 0.287202 0.657192 -0.010000
v 0.287142 0.657192 -0.010000
v 0.287107 0.657192 -0.010000
v 0.287095 0.657192 -0.010000
v 0.287099 0.657286 -0.010000
v 0.287111 0.657381 -0.010000
v 0.287130 0.657476 -0.010000
v 0.287158 0.657571 -0.010000
v 0.287194 0.657665 -0.010000
v 0.287237 0.657760 -0.010000
v 0.287288 0.657855 -0.010000
v 0.287348 0.657950 -0.010000
v 0.287415 0.658045 -0.010000
v 0.287490 0.658139 -0.010000
v 0.287573 0.658234 -0.010000
v 0.287663 0.658329 -0.010000
v 0.290163 0.659327 -0.010000
v 0.292733 0.660239 -0.010000
v 0.295374 0.661065 -0.010000
v 0.298086 0.661803 -0.010000
v 0.300869 0.662454 -0.010000
v 0.303724 0.663019 -0.010000
v 0.306649 0.663496 -0.010000
v 0.309646 0.663887 -0.010000
v 0.312713 0.664191 -0.010000
v 0.315852 0.664408 -0.010000
v 0.319062 0.664539 -0.010000
v 0.322342 0.664582 -0.010000
v 0.323996 0.664480 -0.010000
v 0.325737 0.664172 -0.010000
v 0.327565 0.663658 -0.010000
v 0.329480 0.662940 -0.010000
v 0.331482 0.662016 -0.010000
v 0.333570 0.660887 -0.010000
v 0.335746 0.659553 -0.010000
v 0.338008 0.658013 -0.010000
v 0.340357 0.656268 -0.010000
v 0.342793 0.654318 -0.010000
v 0.345315 0.652162 -0.010000
v 0.347925 0.649801 -0.010000
v 0.349384 0.648080 -0.010000
v 0.351297 0.645190 -0.010000
v 0.353663 0.641131 -0.010000
v 0.356484 0.635904 -0.010000
v 0.359759 0.629509 -0.010000
v 0.363488 0.621944 -0.010000
v 0.367671 0.613211 -0.010000
v 0.372307 0.603310 -0.010000
v 0.377398 0.592240 -0.010000
v 0.382943 0.580001 -0.010000
v 0.388942 0.566594 -0.010000
v 0.357590 0.450256 -0.010000
v 0.359469 0.450327 -0.010000
v 0.361316 0.450540 -0.010000
v 0.363132 0.450895 -0.010000
v 0.364917 0.451393 -0.010000
v 0.366670 0.452032 -0.010000
v 0.368391 0.452814 -0.010000
v 0.370081 0.453738 -0.010000
v 0.371739 0.454804 -0.010000
v 0.373366 0.456012 -0.010000
v 0.374961 0.457362 -0.010000
v 0.376524 0.458854 -0.010000
v 0.378056 0.460489 -0.010000
v 0.377037 0.463481 -0.010000
v 0.375876 0.466585 -0.010000
v 0.374574 0.469798 -0.010000
v 0.373129 0.473122 -0.010000
v 0.371542 0.476557 -0.010000
v 0.369812 0.480102 -0.010000
v 0.367941 0.483758 -0.010000
v 0.365928 0.487524 -0.010000
v 0.363772 0.491401 -0.010000
v 0.361474 0.495389 -0.010000
v 0.359035 0.499487 -0.010000
v 0.356453 0.503695 -0.010000
v 0.353507 0.508504 -0.010000
v 0.350736 0.513076 -0.010000
v 0.348138 0.517411 -0.010000
v 0.345714 0.521509 -0.010000
v 0.343464 0.525370 -0.010000
v 0.341387 0.528994 -0.010000
v 0.339484 0.532381 -0.010000
v 0.337755 0.535532 -0.010000
v 0.336200 0.538445 -0.010000
v 0.334818 0.541122 -0.010000
v 0.333610 0.543562 -0.010000
v 0.332575 0.545765 -0.010000
v 0.332939 0.541951 -0.010000
v 0.333270 0.538090 -0.010000
v 0.333570 0.534181 -0.010000
v 0.333839 0.530226 -0.010000
v 0.334076 0.526222 -0.010000
v 0.334281 0.522172 -0.010000
v 0.334455 0.518074 -0.010000
v 0.334597 0.513928 -0.010000
v 0.334707 0.509736 -0.010000
v 0.334786 0.505496 -0.010000
v 0.334834 0.501208 -0.010000
v 0.334849 0.496873 -0.010000
v 0.334849 0.482661 -0.010000
v 0.334830 0.479526 -0.010000
v 0.334770 0.476565 -0.010000
v 0.334672 0.473778 -0.010000
v 0.334534 0.471164 -0.010000
v 0.334356 0.468724 -0.010000
v 0.334139 0.466458 -0.010000
v 0.333882 0.464366 -0.010000
v 0.333586 0.462447 -0.010000
v 0.333250 0.460702 -0.010000
v 0.332875 0.459131 -0.010000
v 0.332461 0.457733 -0.010000
v 0.332007 0.456509 -0.010000
v 0.335746 0.455511 -0.010000
v 0.339192 0.454599 -0.010000
v 0.342346 0.453773 -0.010000
v 0.345209 0.453035 -0.010000
v 0.347779 0.452384 -0.010000
v 0.350057 0.451819 -0.010000
v 0.352043 0.451342 -0.010000
v 0.353736 0.450951 -0.010000
v 0.355138 0.450647 -0.010000
v 0.356247 0.450430 -0.010000
v 0.357064 0.450299 -0.010000
v 0.105173 0.447982 -0.010000
v 0.107747 0.449257 -0.010000
v 0.110164 0.450809 -0.010000
v 0.112422 0.452636 -0.010000
v 0.114522 0.454741 -0.010000
v 0.116465 0.457121 -0.010000
v 0.118249 0.459778 -0.010000
v 0.119876 0.462712 -0.010000
v 0.121344 0.465921 -0.010000
v 0.122655 0.469407 -0.010000
v 0.123808 0.473170 -0.010000
v 0.124803 0.477208 -0.010000
v 0.125640 0.481524 -0.010000
v 0.125347 0.482262 -0.010000
v 0.125039 0.482961 -0.010000
v 0.124716 0.483620 -0.010000
v 0.124376 0.484240 -0.010000
v 0.124021 0.484820 -0.010000
v 0.123650 0.485361 -0.010000
v 0.123263 0.485862 -0.010000
v 0.122860 0.486324 -0.010000
v 0.122442 0.486747 -0.010000
v 0.122007 0.487130 -0.010000
v 0.121557 0.487473 -0.010000
v 0.121092 0.487777 -0.010000
v 0.120199 0.485416 -0.010000
v 0.119228 0.482882 -0.010000
v 0.118178 0.480173 -0.010000
v 0.117049 0.477291 -0.010000
v 0.115841 0.474236 -0.010000
v 0.114554 0.471006 -0.010000
v 0.113188 0.467603 -0.010000
v 0.111743 0.464026 -0.010000
v 0.110219 0.460276 -0.010000
v 0.108616 0.456351 -0.010000
v 0.106934 0.452253 -0.010000
v 0.166003 0.067084 -0.010000
v 0.166525 0.072323 -0.010000
v 0.167140 0.077427 -0.010000
v 0.167851 0.082398 -0.010000
v 0.168656 0.087234 -0.010000
v 0.169557 0.091936 -0.010000
v 0.170551 0.096504 -0.010000
v 0.171641 0.100937 -0.010000
v 0.172825 0.105237 -0.010000
v 0.174105 0.109402 -0.010000
v 0.175478 0.113433 -0.010000
v 0.176947 0.117329 -0.010000
v 0.178511 0.121092 -0.010000
v 0.177910 0.121873 -0.010000
v 0.177247 0.122702 -0.010000
v 0.176521 0.123579 -0.010000
v 0.175731 0.124503 -0.010000
v 0.174878 0.125474 -0.010000
v 0.173962 0.126492 -0.010000
v 0.172983 0.127558 -0.010000
v 0.171941 0.128672 -0.010000
v 0.170836 0.129832 -0.010000
v 0.169667 0.131040 -0.010000
v 0.168435 0.132296 -0.010000
v 0.167140 0.133599 -0.010000
v 0.165435 0.132462 -0.010000
v 0.164298 0.132462 -0.010000
v 0.163741 0.132481 -0.010000
v 0.163208 0.132541 -0.010000
v 0.162699 0.132639 -0.010000
v 0.162213 0.132777 -0.010000
v 0.161751 0.132955 -0.010000
v 0.161313 0.133172 -0.010000
v 0.160899 0.133429 -0.010000
v 0.160508 0.133725 -0.010000
v 0.160141 0.134061 -0.010000
v 0.159797 0.134436 -0.010000
v 0.159477 0.134850 -0.010000
v 0.159181 0.135304 -0.010000
v 0.159181 0.138715 -0.010000
v 0.150654 0.137010 -0.010000
v 0.152561 0.133768 -0.010000
v 0.154302 0.130109 -0.010000
v 0.155877 0.126030 -0.010000
v 0.157286 0.121534 -0.010000
v 0.158530 0.116618 -0.010000
v 0.159608 0.111285 -0.010000
v 0.160520 0.105533 -0.010000
v 0.161266 0.099362 -0.010000
v 0.161846 0.092773 -0.010000
v 0.162261 0.085765 -0.010000
v 0.162509 0.078339 -0.010000
v 0.162592 0.070495 -0.010000
v 0.162586 0.069604 -0.010000
v 0.162569 0.068639 -0.010000
v 0.162539 0.067599 -0.010000
v 0.162498 0.066483 -0.010000
v 0.162444 0.065293 -0.010000
v 0.162379 0.064028 -0.010000
v 0.162302 0.062688 -0.010000
v 0.162213 0.061272 -0.010000
v 0.162113 0.059782 -0.010000
v 0.162000 0.058216 -0.010000
v 0.161876 0.056576 -0.010000
v 0.161740 0.054861 -0.010000
v 0.161603 0.053145 -0.010000
v 0.161479 0.051505 -0.010000
v 0.161367 0.049940 -0.010000
v 0.161266 0.048449 -0.010000
v 0.161177 0.047034 -0.010000
v 0.161100 0.045694 -0.010000
v 0.161035 0.044428 -0.010000
v 0.160982 0.043238 -0.010000
v 0.160940 0.042123 -0.010000
v 0.160911 0.041082 -0.010000
v 0.160893 0.040117 -0.010000
v 0.160887 0.039227 -0.010000
v 0.160907 0.037205 -0.010000
v 0.160966 0.035121 -0.010000
v 0.161065 0.032973 -0.010000
v 0.161203 0.030762 -0.010000
v 0.161380 0.028488 -0.010000
v 0.161598 0.026151 -0.010000
v 0.161854 0.023751 -0.010000
v 0.162150 0.021287 -0.010000
v 0.162486 0.018761 -0.010000
v 0.162861 0.016171 -0.010000
v 0.163275 0.013518 -0.010000
v 0.163729 0.010802 -0.010000
v 0.164093 0.019444 -0.010000
v 0.164424 0.027367 -0.010000
v 0.164724 0.034572 -0.010000
v 0.164993 0.041059 -0.010000
v 0.165230 0.046827 -0.010000
v 0.165435 0.051876 -0.010000
v 0.165609 0.056207 -0.010000
v 0.165751 0.059819 -0.010000
v 0.165861 0.062713 -0.010000
v 0.165940 0.064889 -0.010000
v 0.165988 0.066345 -0.010000
v 0.395395 0.552018 -0.010000
v 0.395395 0.552018 0.010000
v 0.401797 0.537423 -0.010000
v 0.401797 0.537423 0.010000
v 0.407642 0.523956 -0.010000
v 0.407642 0.523956 0.010000
v 0.412930 0.511619 -0.010000
v 0.412930 0.511619 0.010000
v 0.417662 0.500411 -0.010000
v 0.417662 0.500411 0.010000
v 0.421837 0.490332 -0.010000
v 0.421837 0.490332 0.010000
v 0.425455 0.481382 -0.010000
v 0.425455 0.481382 0.010000
v 0.428516 0.473561 -0.010000
v 0.428516 0.473561 0.010000
v 0.431021 0.466869 -0.010000
v 0.431021 0.466869 0.010000
v 0.432970 0.461306 -0.010000
v 0.432970 0.461306 0.010000
v 0.434361 0.456873 -0.010000
v 0.434361 0.456873 0.010000
v 0.435196 0.453568 -0.010000
v 0.435196 0.453568 0.010000
v 0.435475 0.451393 -0.010000
v 0.435475 0.451393 0.010000
v 0.434922 0.445763 -0.010000
v 0.434922 0.445763 0.010000
v 0.433264 0.440623 -0.010000
v 0.433264 0.440623 0.010000
v 0.430500 0.435972 -0.010000
v 0.430500 0.435972 0.010000
v 0.426631 0.431811 -0.010000
v 0.426631 0.431811 0.010000
v 0.421657 0.428139 -0.010000
v 0.421657 0.428139 0.010000
v 0.415577 0.424957 -0.010000
v 0.415577 0.424957 0.010000
v 0.408392 0.422265 -0.010000
v 0.408392 0.422265 0.010000
v 0.400101 0.420062 -0.010000
v 0.400101 0.420062 0.010000
v 0.390705 0.418349 -0.010000
v 0.390705 0.418349 0.010000
v 0.380203 0.417125 -0.010000
v 0.380203 0.417125 0.010000
v 0.368596 0.416390 -0.010000
v 0.368596 0.416390 0.010000
v 0.355884 0.416146 -0.010000
v 0.355884 0.416146 0.010000
v 0.354933 0.416134 -0.010000
v 0.354933 0.416134 0.010000
v 0.353973 0.416098 -0.010000
v 0.353973 0.416098 0.010000
v 0.353006 0.416039 -0.010000
v 0.353006 0.416039 0.010000
v 0.352031 0.415956 -0.010000
v 0.352031 0.415956 0.010000
v 0.351048 0.415849 -0.010000
v 0.351048 0.415849 0.010000
v 0.350057 0.415719 -0.010000
v 0.350057 0.415719 0.010000
v 0.349058 0.415565 -0.010000
v 0.349058 0.415565 0.010000
v 0.348051 0.415388 -0.010000
v 0.348051 0.415388 0.010000
v 0.347037 0.415186 -0.010000
v 0.347037 0.415186 0.010000
v 0.346014 0.414961 -0.010000
v 0.346014 0.414961 0.010000
v 0.344984 0.414712 -0.010000
v 0.344984 0.414712 0.010000
v 0.343945 0.414440 -0.010000
v 0.343945 0.414440 0.010000
v 0.342007 0.414803 -0.010000
v 0.342007 0.414803 0.010000
v 0.340171 0.415135 -0.010000
v 0.340171 0.415135 0.010000
v 0.338438 0.415435 -0.010000
v 0.338438 0.415435 0.010000
v 0.336808 0.415703 -0.010000
v 0.336808 0.415703 0.010000
v 0.335280 0.415940 -0.010000
v 0.335280 0.415940 0.010000
v 0.333854 0.416146 -0.010000
v 0.333854 0.416146 0.010000
v 0.332532 0.416319 -0.010000
v 0.332532 0.416319 0.010000
v 0.331312 0.416461 -0.010000
v 0.331312 0.416461 0.010000
v 0.330195 0.416572 -0.010000
v 0.330195 0.416572 0.010000
v 0.329180 0.416651 -0.010000
v 0.329180 0.416651 0.010000
v 0.328268 0.416698 -0.010000
v 0.328268 0.416698 0.010000
v 0.327459 0.416714 -0.010000
v 0.327459 0.416714 0.010000
v 0.327060 0.416532 -0.010000
v 0.327060 0.416532 0.010000
v 0.326622 0.415988 -0.010000
v 0.326622 0.415988 0.010000
v 0.326144 0.415080 -0.010000
v 0.326144 0.415080 0.010000
v 0.325627 0.413808 -0.010000
v 0.325627 0.413808 0.010000
v 0.325070 0.412174 -0.010000
v 0.325070 0.412174 0.010000
v 0.324474 0.410176 -0.010000
v 0.324474 0.410176 0.010000
v 0.323839 0.407815 -0.010000
v 0.323839 0.407815 0.010000
v 0.323163 0.405091 -0.010000
v 0.323163 0.405091 0.010000
v 0.322449 0.402004 -0.010000
v 0.322449 0.402004 0.010000
v 0.321695 0.398553 -0.010000
v 0.321695 0.398553 0.010000
v 0.320901 0.394740 -0.010000
v 0.320901 0.394740 0.010000
v 0.320068 0.390563 -0.010000
v 0.320068 0.390563 0.010000
v 0.319421 0.387689 -0.010000
v 0.319421 0.387689 0.010000
v 0.318615 0.384562 -0.010000
v 0.318615 0.384562 0.010000
v 0.317652 0.381183 -0.010000
v 0.317652 0.381183 0.010000
v 0.316531 0.377550 -0.010000
v 0.316531 0.377550 0.010000
v 0.315252 0.373666 -0.010000
v 0.315252 0.373666 0.010000
v 0.313815 0.369528 -0.010000
v 0.313815 0.369528 0.010000
v 0.312220 0.365138 -0.010000
v 0.312220 0.365138 0.010000
v 0.310467 0.360495 -0.010000
v 0.310467 0.360495 0.010000
v 0.308556 0.355600 -0.010000
v 0.308556 0.355600 0.010000
v 0.306487 0.350452 -0.010000
v 0.306487 0.350452 0.010000
v 0.304261 0.345051 -0.010000
v 0.304261 0.345051 0.010000
v 0.301876 0.339397 -0.010000
v 0.301876 0.339397 0.010000
v 0.300151 0.335161 -0.010000
v 0.300151 0.335161 0.010000
v 0.298576 0.330791 -0.010000
v 0.298576 0.330791 0.010000
v 0.297150 0.326286 -0.010000
v 0.297150 0.326286 0.010000
v 0.295875 0.321647 -0.010000
v 0.295875 0.321647 0.010000
v 0.294750 0.316874 -0.010000
v 0.294750 0.316874 0.010000
v 0.293775 0.311967 -0.010000
v 0.293775 0.311967 0.010000
v 0.292950 0.306925 -0.010000
v 0.292950 0.306925 0.010000
v 0.292275 0.301750 -0.010000
v 0.292275 0.301750 0.010000
v 0.291750 0.296440 -0.010000
v 0.291750 0.296440 0.010000
v 0.291375 0.290995 -0.010000
v 0.291375 0.290995 0.010000
v 0.291149 0.285417 -0.010000
v 0.291149 0.285417 0.010000
v 0.291074 0.279704 -0.010000
v 0.291074 0.279704 0.010000
v 0.291086 0.278421 -0.010000
v 0.291086 0.278421 0.010000
v 0.291122 0.277036 -0.010000
v 0.291122 0.277036 0.010000
v 0.291181 0.275547 -0.010000
v 0.291181 0.275547 0.010000
v 0.291264 0.273956 -0.010000
v 0.291264 0.273956 0.010000
v 0.291371 0.272263 -0.010000
v 0.291371 0.272263 0.010000
v 0.291501 0.270466 -0.010000
v 0.291501 0.270466 0.010000
v 0.291655 0.268567 -0.010000
v 0.291655 0.268567 0.010000
v 0.291832 0.266566 -0.010000
v 0.291832 0.266566 0.010000
v 0.292034 0.264461 -0.010000
v 0.292034 0.264461 0.010000
v 0.292259 0.262254 -0.010000
v 0.292259 0.262254 0.010000
v 0.292508 0.259945 -0.010000
v 0.292508 0.259945 0.010000
v 0.292780 0.257533 -0.010000
v 0.292780 0.257533 0.010000
v 0.293052 0.255120 -0.010000
v 0.293052 0.255120 0.010000
v 0.293301 0.252811 -0.010000
v 0.293301 0.252811 0.010000
v 0.293526 0.250604 -0.010000
v 0.293526 0.250604 0.010000
v 0.293728 0.248500 -0.010000
v 0.293728 0.248500 0.010000
v 0.293905 0.246498 -0.010000
v 0.293905 0.246498 0.010000
v 0.294059 0.244599 -0.010000
v 0.294059 0.244599 0.010000
v 0.294189 0.242803 -0.010000
v 0.294189 0.242803 0.010000
v 0.294296 0.241109 -0.010000
v 0.294296 0.241109 0.010000
v 0.294379 0.239518 -0.010000
v 0.294379 0.239518 0.010000
v 0.294438 0.238030 -0.010000
v 0.294438 0.238030 0.010000
v 0.294474 0.236644 -0.010000
v 0.294474 0.236644 0.010000
v 0.294486 0.235361 -0.010000
v 0.294486 0.235361 0.010000
v 0.294446 0.221934 -0.010000
v 0.294446 0.221934 0.010000
v 0.294328 0.209131 -0.010000
v 0.294328 0.209131 0.010000
v 0.294130 0.196951 -0.010000
v 0.294130 0.196951 0.010000
v 0.293854 0.185396 -0.010000
v 0.293854 0.185396 0.010000
v 0.293499 0.174464 -0.010000
v 0.293499 0.174464 0.010000
v 0.293064 0.164156 -0.010000
v 0.293064 0.164156 0.010000
v 0.292551 0.154471 -0.010000
v 0.292551 0.154471 0.010000
v 0.291959 0.145411 -0.010000
v 0.291959 0.145411 0.010000
v 0.291288 0.136974 -0.010000
v 0.291288 0.136974 0.010000
v 0.290538 0.129161 -0.010000
v 0.290538 0.129161 0.010000
v 0.289708 0.121972 -0.010000
v 0.289708 0.121972 0.010000
v 0.288800 0.115406 -0.010000
v 0.288800 0.115406 0.010000
v 0.287628 0.108004 -0.010000
v 0.287628 0.108004 0.010000
v 0.286195 0.100199 -0.010000
v 0.286195 0.100199 0.010000
v 0.284501 0.091991 -0.010000
v 0.284501 0.091991 0.010000
v 0.282547 0.083381 -0.010000
v 0.282547 0.083381 0.010000
v 0.280332 0.074368 -0.010000
v 0.280332 0.074368 0.010000
v 0.277857 0.064952 -0.010000
v 0.277857 0.064952 0.010000
v 0.275121 0.055133 -0.010000
v 0.275121 0.055133 0.010000
v 0.272124 0.044912 -0.010000
v 0.272124 0.044912 0.010000
v 0.268867 0.034288 -0.010000
v 0.268867 0.034288 0.010000
v 0.265350 0.023261 -0.010000
v 0.265350 0.023261 0.010000
v 0.261571 0.011832 -0.010000
v 0.261571 0.011832 0.010000
v 0.257533 0.000000 -0.010000
v 0.257533 -0.000000 0.010000
v 0.071063 0.000000 -0.010000
v 0.071063 -0.000000 0.010000
v 0.065706 0.018220 -0.010000
v 0.065706 0.018220 0.010000
v 0.060814 0.035168 -0.010000
v 0.060814 0.035168 0.010000
v 0.056389 0.050846 -0.010000
v 0.056389 0.050846 0.010000
v 0.052429 0.065252 -0.010000
v 0.052429 0.065252 0.010000
v 0.048935 0.078387 -0.010000
v 0.048935 0.078387 0.010000
v 0.045907 0.090250 -0.010000
v 0.045907 0.090250 0.010000
v 0.043345 0.100842 -0.010000
v 0.043345 0.100842 0.010000
v 0.041248 0.110164 -0.010000
v 0.041248 0.110164 0.010000
v 0.039618 0.118213 -0.010000
v 0.039618 0.118213 0.010000
v 0.038453 0.124992 -0.010000
v 0.038453 0.124992 0.010000
v 0.037754 0.130499 -0.010000
v 0.037754 0.130499 0.010000
v 0.037521 0.134736 -0.010000
v 0.037521 0.134736 0.010000
v 0.037549 0.135209 -0.010000
v 0.037549 0.135209 0.010000
v 0.037632 0.135873 -0.010000
v 0.037632 0.135873 0.010000
v 0.037770 0.136725 -0.010000
v 0.037770 0.136725 0.010000
v 0.037963 0.137768 -0.010000
v 0.037963 0.137768 0.010000
v 0.038212 0.138999 -0.010000
v 0.038212 0.138999 0.010000
v 0.038516 0.140421 -0.010000
v 0.038516 0.140421 0.010000
v 0.038875 0.142031 -0.010000
v 0.038875 0.142031 0.010000
v 0.039290 0.143832 -0.010000
v 0.039290 0.143832 0.010000
v 0.039760 0.145821 -0.010000
v 0.039760 0.145821 0.010000
v 0.040285 0.148001 -0.010000
v 0.040285 0.148001 0.010000
v 0.040865 0.150370 -0.010000
v 0.040865 0.150370 0.010000
v 0.041501 0.152928 -0.010000
v 0.041501 0.152928 0.010000
v 0.041501 0.153994 -0.010000
v 0.041501 0.153994 0.010000
v 0.041501 0.155107 -0.010000
v 0.041501 0.155107 0.010000
v 0.041501 0.156268 -0.010000
v 0.041501 0.156268 0.010000
v 0.041501 0.157476 -0.010000
v 0.041501 0.157476 0.010000
v 0.041501 0.158731 -0.010000
v 0.041501 0.158731 0.010000
v 0.041501 0.160034 -0.010000
v 0.041501 0.160034 0.010000
v 0.041501 0.161384 -0.010000
v 0.041501 0.161384 0.010000
v 0.041501 0.162782 -0.010000
v 0.041501 0.162782 0.010000
v 0.041501 0.164227 -0.010000
v 0.041501 0.164227 0.010000
v 0.041501 0.165719 -0.010000
v 0.041501 0.165719 0.010000
v 0.041501 0.167259 -0.010000
v 0.041501 0.167259 0.010000
v 0.041501 0.168846 -0.010000
v 0.041501 0.168846 0.010000
v 0.041410 0.171669 -0.010000
v 0.041410 0.171669 0.010000
v 0.041327 0.174263 -0.010000
v 0.041327 0.174263 0.010000
v 0.041252 0.176627 -0.010000
v 0.041252 0.176627 0.010000
v 0.041185 0.178763 -0.010000
v 0.041185 0.178763 0.010000
v 0.041126 0.180670 -0.010000
v 0.041126 0.180670 0.010000
v 0.041074 0.182348 -0.010000
v 0.041074 0.182348 0.010000
v 0.041031 0.183797 -0.010000
v 0.041031 0.183797 0.010000
v 0.040996 0.185017 -0.010000
v 0.040996 0.185017 0.010000
v 0.040968 0.186008 -0.010000
v 0.040968 0.186008 0.010000
v 0.040948 0.186770 -0.010000
v 0.040948 0.186770 0.010000
v 0.040936 0.187303 -0.010000
v 0.040936 0.187303 0.010000
v 0.040932 0.187607 -0.010000
v 0.040932 0.187607 0.010000
v 0.041371 0.202546 -0.010000
v 0.041371 0.202546 0.010000
v 0.042685 0.217043 -0.010000
v 0.042685 0.217043 0.010000
v 0.044876 0.231097 -0.010000
v 0.044876 0.231097 0.010000
v 0.047944 0.244710 -0.010000
v 0.047944 0.244710 0.010000
v 0.051888 0.257880 -0.010000
v 0.051888 0.257880 0.010000
v 0.056708 0.270608 -0.010000
v 0.056708 0.270608 0.010000
v 0.062405 0.282894 -0.010000
v 0.062405 0.282894 0.010000
v 0.068979 0.294738 -0.010000
v 0.068979 0.294738 0.010000
v 0.076428 0.306140 -0.010000
v 0.076428 0.306140 0.010000
v 0.084755 0.317099 -0.010000
v 0.084755 0.317099 0.010000
v 0.093957 0.327617 -0.010000
v 0.093957 0.327617 0.010000
v 0.104036 0.337692 -0.010000
v 0.104036 0.337692 0.010000
v 0.110006 0.343543 -0.010000
v 0.110006 0.343543 0.010000
v 0.115406 0.349536 -0.010000
v 0.115406 0.349536 0.010000
v 0.120239 0.355671 -0.010000
v 0.120239 0.355671 0.010000
v 0.124503 0.361948 -0.010000
v 0.124503 0.361948 0.010000
v 0.128198 0.368367 -0.010000
v 0.128198 0.368367 0.010000
v 0.131325 0.374929 -0.010000
v 0.131325 0.374929 0.010000
v 0.133883 0.381633 -0.010000
v 0.133883 0.381633 0.010000
v 0.135873 0.388478 -0.010000
v 0.135873 0.388478 0.010000
v 0.137294 0.395466 -0.010000
v 0.137294 0.395466 0.010000
v 0.138147 0.402596 -0.010000
v 0.138147 0.402596 0.010000
v 0.138431 0.409868 -0.010000
v 0.138431 0.409868 0.010000
v 0.138147 0.417283 -0.010000
v 0.138147 0.417283 0.010000
v 0.134167 0.417283 -0.010000
v 0.134167 0.417283 0.010000
v 0.133259 0.417160 -0.010000
v 0.133259 0.417160 0.010000
v 0.132241 0.416793 -0.010000
v 0.132241 0.416793 0.010000
v 0.131111 0.416181 -0.010000
v 0.131111 0.416181 0.010000
v 0.129872 0.415324 -0.010000
v 0.129872 0.415324 0.010000
v 0.128522 0.414223 -0.010000
v 0.128522 0.414223 0.010000
v 0.127061 0.412877 -0.010000
v 0.127061 0.412877 0.010000
v 0.125490 0.411286 -0.010000
v 0.125490 0.411286 0.010000
v 0.123808 0.409450 -0.010000
v 0.123808 0.409450 0.010000
v 0.122015 0.407369 -0.010000
v 0.122015 0.407369 0.010000
v 0.120112 0.405044 -0.010000
v 0.120112 0.405044 0.010000
v 0.118099 0.402474 -0.010000
v 0.118099 0.402474 0.010000
v 0.115975 0.399659 -0.010000
v 0.115975 0.399659 0.010000
v 0.112951 0.395695 -0.010000
v 0.112951 0.395695 0.010000
v 0.109564 0.391763 -0.010000
v 0.109564 0.391763 0.010000
v 0.105813 0.387862 -0.010000
v 0.105813 0.387862 0.010000
v 0.101699 0.383993 -0.010000
v 0.101699 0.383993 0.010000
v 0.097222 0.380156 -0.010000
v 0.097222 0.380156 0.010000
v 0.092382 0.376350 -0.010000
v 0.092382 0.376350 0.010000
v 0.087179 0.372576 -0.010000
v 0.087179 0.372576 0.010000
v 0.081612 0.368833 -0.010000
v 0.081612 0.368833 0.010000
v 0.075682 0.365122 -0.010000
v 0.075682 0.365122 0.010000
v 0.069389 0.361443 -0.010000
v 0.069389 0.361443 0.010000
v 0.062733 0.357795 -0.010000
v 0.062733 0.357795 0.010000
v 0.055713 0.354179 -0.010000
v 0.055713 0.354179 0.010000
v 0.054663 0.354242 -0.010000
v 0.054663 0.354242 0.010000
v 0.053597 0.354431 -0.010000
v 0.053597 0.354431 0.010000
v 0.052516 0.354747 -0.010000
v 0.052516 0.354747 0.010000
v 0.051418 0.355189 -0.010000
v 0.051418 0.355189 0.010000
v 0.050305 0.355758 -0.010000
v 0.050305 0.355758 0.010000
v 0.049176 0.356453 -0.010000
v 0.049176 0.356453 0.010000
v 0.048031 0.357274 -0.010000
v 0.048031 0.357274 0.010000
v 0.046870 0.358221 -0.010000
v 0.046870 0.358221 0.010000
v 0.045694 0.359295 -0.010000
v 0.045694 0.359295 0.010000
v 0.044501 0.360495 -0.010000
v 0.044501 0.360495 0.010000
v 0.043293 0.361822 -0.010000
v 0.043293 0.361822 0.010000
v 0.042069 0.363275 -0.010000
v 0.042069 0.363275 0.010000
v 0.040889 0.364771 -0.010000
v 0.040889 0.364771 0.010000
v 0.039811 0.366228 -0.010000
v 0.039811 0.366228 0.010000
v 0.038836 0.367645 -0.010000
v 0.038836 0.367645 0.010000
v 0.037963 0.369023 -0.010000
v 0.037963 0.369023 0.010000
v 0.037194 0.370361 -0.010000
v 0.037194 0.370361 0.010000
v 0.036526 0.371660 -0.010000
v 0.036526 0.371660 0.010000
v 0.035962 0.372919 -0.010000
v 0.035962 0.372919 0.010000
v 0.035500 0.374139 -0.010000
v 0.035500 0.374139 0.010000
v 0.035141 0.375320 -0.010000
v 0.035141 0.375320 0.010000
v 0.034884 0.376461 -0.010000
v 0.034884 0.376461 0.010000
v 0.034730 0.377562 -0.010000
v 0.034730 0.377562 0.010000
v 0.034679 0.378624 -0.010000
v 0.034679 0.378624 0.010000
v 0.034752 0.381635 -0.010000
v 0.034752 0.381635 0.010000
v 0.034971 0.384980 -0.010000
v 0.034971 0.384980 0.010000
v 0.035336 0.388662 -0.010000
v 0.035336 0.388662 0.010000
v 0.035847 0.392679 -0.010000
v 0.035847 0.392679 0.010000
v 0.036505 0.397032 -0.010000
v 0.036505 0.397032 0.010000
v 0.037308 0.401720 -0.010000
v 0.037308 0.401720 0.010000
v 0.038258 0.406744 -0.010000
v 0.038258 0.406744 0.010000
v 0.039353 0.412103 -0.010000
v 0.039353 0.412103 0.010000
v 0.040595 0.417798 -0.010000
v 0.040595 0.417798 0.010000
v 0.041983 0.423828 -0.010000
v 0.041983 0.423828 0.010000
v 0.043516 0.430194 -0.010000
v 0.043516 0.430194 0.010000
v 0.045196 0.436896 -0.010000
v 0.045196 0.436896 0.010000
v 0.046935 0.443602 -0.010000
v 0.046935 0.443602 0.010000
v 0.048647 0.449979 -0.010000
v 0.048647 0.449979 0.010000
v 0.050330 0.456030 -0.010000
v 0.050330 0.456030 0.010000
v 0.051987 0.461752 -0.010000
v 0.051987 0.461752 0.010000
v 0.053615 0.467147 -0.010000
v 0.053615 0.467147 0.010000
v 0.055216 0.472214 -0.010000
v 0.055216 0.472214 0.010000
v 0.056789 0.476954 -0.010000
v 0.056789 0.476954 0.010000
v 0.058335 0.481366 -0.010000
v 0.058335 0.481366 0.010000
v 0.059853 0.485450 -0.010000
v 0.059853 0.485450 0.010000
v 0.061343 0.489206 -0.010000
v 0.061343 0.489206 0.010000
v 0.062806 0.492635 -0.010000
v 0.062806 0.492635 0.010000
v 0.064241 0.495736 -0.010000
v 0.064241 0.495736 0.010000
v 0.063838 0.496119 -0.010000
v 0.063838 0.496119 0.010000
v 0.063388 0.496510 -0.010000
v 0.063388 0.496510 0.010000
v 0.062891 0.496909 -0.010000
v 0.062891 0.496909 0.010000
v 0.062346 0.497315 -0.010000
v 0.062346 0.497315 0.010000
v 0.061754 0.497730 -0.010000
v 0.061754 0.497730 0.010000
v 0.061114 0.498152 -0.010000
v 0.061114 0.498152 0.010000
v 0.060427 0.498583 -0.010000
v 0.060427 0.498583 0.010000
v 0.059693 0.499021 -0.010000
v 0.059693 0.499021 0.010000
v 0.058911 0.499467 -0.010000
v 0.058911 0.499467 0.010000
v 0.058082 0.499921 -0.010000
v 0.058082 0.499921 0.010000
v 0.057206 0.500383 -0.010000
v 0.057206 0.500383 0.010000
v 0.056282 0.500853 -0.010000
v 0.056282 0.500853 0.010000
v 0.056850 0.497442 -0.010000
v 0.056850 0.497442 0.010000
v 0.056748 0.497086 -0.010000
v 0.056748 0.497086 0.010000
v 0.056629 0.496589 -0.010000
v 0.056629 0.496589 0.010000
v 0.056495 0.495949 -0.010000
v 0.056495 0.495949 0.010000
v 0.056345 0.495168 -0.010000
v 0.056345 0.495168 0.010000
v 0.056179 0.494244 -0.010000
v 0.056179 0.494244 0.010000
v 0.055998 0.493178 -0.010000
v 0.055998 0.493178 0.010000
v 0.055800 0.491970 -0.010000
v 0.055800 0.491970 0.010000
v 0.055587 0.490620 -0.010000
v 0.055587 0.490620 0.010000
v 0.055358 0.489127 -0.010000
v 0.055358 0.489127 0.010000
v 0.055113 0.487493 -0.010000
v 0.055113 0.487493 0.010000
v 0.054853 0.485716 -0.010000
v 0.054853 0.485716 0.010000
v 0.054576 0.483798 -0.010000
v 0.054576 0.483798 0.010000
v 0.056850 0.479250 -0.010000
v 0.056850 0.479250 0.010000
v 0.054336 0.479727 -0.010000
v 0.054336 0.479727 0.010000
v 0.052097 0.480402 -0.010000
v 0.052097 0.480402 0.010000
v 0.050135 0.481275 -0.010000
v 0.050135 0.481275 0.010000
v 0.048449 0.482345 -0.010000
v 0.048449 0.482345 0.010000
v 0.047040 0.483612 -0.010000
v 0.047040 0.483612 0.010000
v 0.045907 0.485077 -0.010000
v 0.045907 0.485077 0.010000
v 0.045050 0.486739 -0.010000
v 0.045050 0.486739 0.010000
v 0.044470 0.488598 -0.010000
v 0.044470 0.488598 0.010000
v 0.044166 0.490655 -0.010000
v 0.044166 0.490655 0.010000
v 0.044138 0.492909 -0.010000
v 0.044138 0.492909 0.010000
v 0.044387 0.495361 -0.010000
v 0.044387 0.495361 0.010000
v 0.044912 0.498010 -0.010000
v 0.044912 0.498010 0.010000
v 0.044596 0.497383 -0.010000
v 0.044596 0.497383 0.010000
v 0.044217 0.496636 -0.010000
v 0.044217 0.496636 0.010000
v 0.043775 0.495772 -0.010000
v 0.043775 0.495772 0.010000
v 0.043270 0.494789 -0.010000
v 0.043270 0.494789 0.010000
v 0.042701 0.493687 -0.010000
v 0.042701 0.493687 0.010000
v 0.042069 0.492467 -0.010000
v 0.042069 0.492467 0.010000
v 0.041375 0.491129 -0.010000
v 0.041375 0.491129 0.010000
v 0.040617 0.489672 -0.010000
v 0.040617 0.489672 0.010000
v 0.039795 0.488097 -0.010000
v 0.039795 0.488097 0.010000
v 0.038911 0.486403 -0.010000
v 0.038911 0.486403 0.010000
v 0.037963 0.484591 -0.010000
v 0.037963 0.484591 0.010000
v 0.036953 0.482661 -0.010000
v 0.036953 0.482661 0.010000
v 0.036949 0.483448 -0.010000
v 0.036949 0.483448 0.010000
v 0.036937 0.484295 -0.010000
v 0.036937 0.484295 0.010000
v 0.036917 0.485201 -0.010000
v 0.036917 0.485201 0.010000
v 0.036890 0.486166 -0.010000
v 0.036890 0.486166 0.010000
v 0.036854 0.487191 -0.010000
v 0.036854 0.487191 0.010000
v 0.036811 0.488275 -0.010000
v 0.036811 0.488275 0.010000
v 0.036759 0.489417 -0.010000
v 0.036759 0.489417 0.010000
v 0.036700 0.490620 -0.010000
v 0.036700 0.490620 0.010000
v 0.036633 0.491881 -0.010000
v 0.036633 0.491881 0.010000
v 0.036558 0.493202 -0.010000
v 0.036558 0.493202 0.010000
v 0.036475 0.494581 -0.010000
v 0.036475 0.494581 0.010000
v 0.036384 0.496020 -0.010000
v 0.036384 0.496020 0.010000
v 0.036294 0.497460 -0.010000
v 0.036294 0.497460 0.010000
v 0.036211 0.498839 -0.010000
v 0.036211 0.498839 0.010000
v 0.036136 0.500160 -0.010000
v 0.036136 0.500160 0.010000
v 0.036068 0.501421 -0.010000
v 0.036068 0.501421 0.010000
v 0.036009 0.502623 -0.010000
v 0.036009 0.502623 0.010000
v 0.035958 0.503766 -0.010000
v 0.035958 0.503766 0.010000
v 0.035915 0.504850 -0.010000
v 0.035915 0.504850 0.010000
v 0.035879 0.505875 -0.010000
v 0.035879 0.505875 0.010000
v 0.035851 0.506840 -0.010000
v 0.035851 0.506840 0.010000
v 0.035832 0.507746 -0.010000
v 0.035832 0.507746 0.010000
v 0.035820 0.508593 -0.010000
v 0.035820 0.508593 0.010000
v 0.035816 0.509380 -0.010000
v 0.035816 0.509380 0.010000
v 0.035630 0.511935 -0.010000
v 0.035630 0.511935 0.010000
v 0.035453 0.514292 -0.010000
v 0.035453 0.514292 0.010000
v 0.035283 0.516451 -0.010000
v 0.035283 0.516451 0.010000
v 0.035121 0.518413 -0.010000
v 0.035121 0.518413 0.010000
v 0.034967 0.520178 -0.010000
v 0.034967 0.520178 0.010000
v 0.034821 0.521745 -0.010000
v 0.034821 0.521745 0.010000
v 0.034683 0.523115 -0.010000
v 0.034683 0.523115 0.010000
v 0.034552 0.524288 -0.010000
v 0.034552 0.524288 0.010000
v 0.034430 0.525263 -0.010000
v 0.034430 0.525263 0.010000
v 0.034316 0.526041 -0.010000
v 0.034316 0.526041 0.010000
v 0.034209 0.526621 -0.010000
v 0.034209 0.526621 0.010000
v 0.034110 0.527004 -0.010000
v 0.034110 0.527004 0.010000
v 0.033431 0.524462 -0.010000
v 0.033431 0.524462 0.010000
v 0.032721 0.521951 -0.010000
v 0.032721 0.521951 0.010000
v 0.031978 0.519471 -0.010000
v 0.031978 0.519471 0.010000
v 0.031205 0.517024 -0.010000
v 0.031205 0.517024 0.010000
v 0.030399 0.514607 -0.010000
v 0.030399 0.514607 0.010000
v 0.029562 0.512223 -0.010000
v 0.029562 0.512223 0.010000
v 0.028694 0.509870 -0.010000
v 0.028694 0.509870 0.010000
v 0.027794 0.507549 -0.010000
v 0.027794 0.507549 0.010000
v 0.026862 0.505259 -0.010000
v 0.026862 0.505259 0.010000
v 0.025899 0.503000 -0.010000
v 0.025899 0.503000 0.010000
v 0.024904 0.500774 -0.010000
v 0.024904 0.500774 0.010000
v 0.023877 0.498579 -0.010000
v 0.023877 0.498579 0.010000
v 0.024000 0.500186 -0.010000
v 0.024000 0.500186 0.010000
v 0.024177 0.501974 -0.010000
v 0.024177 0.501974 0.010000
v 0.024410 0.503944 -0.010000
v 0.024410 0.503944 0.010000
v 0.024698 0.506096 -0.010000
v 0.024698 0.506096 0.010000
v 0.025042 0.508429 -0.010000
v 0.025042 0.508429 0.010000
v 0.025441 0.510944 -0.010000
v 0.025441 0.510944 0.010000
v 0.025895 0.513640 -0.010000
v 0.025895 0.513640 0.010000
v 0.026404 0.516518 -0.010000
v 0.026404 0.516518 0.010000
v 0.026968 0.519578 -0.010000
v 0.026968 0.519578 0.010000
v 0.027588 0.522819 -0.010000
v 0.027588 0.522819 0.010000
v 0.028263 0.526242 -0.010000
v 0.028263 0.526242 0.010000
v 0.028994 0.529847 -0.010000
v 0.028994 0.529847 0.010000
v 0.028232 0.526487 -0.010000
v 0.028232 0.526487 0.010000
v 0.027462 0.523230 -0.010000
v 0.027462 0.523230 0.010000
v 0.026684 0.520075 -0.010000
v 0.026684 0.520075 0.010000
v 0.025899 0.517024 -0.010000
v 0.025899 0.517024 0.010000
v 0.025105 0.514074 -0.010000
v 0.025105 0.514074 0.010000
v 0.024304 0.511228 -0.010000
v 0.024304 0.511228 0.010000
v 0.023494 0.508484 -0.010000
v 0.023494 0.508484 0.010000
v 0.022677 0.505843 -0.010000
v 0.022677 0.505843 0.010000
v 0.021852 0.503304 -0.010000
v 0.021852 0.503304 0.010000
v 0.021019 0.500869 -0.010000
v 0.021019 0.500869 0.010000
v 0.020178 0.498535 -0.010000
v 0.020178 0.498535 0.010000
v 0.019329 0.496305 -0.010000
v 0.019329 0.496305 0.010000
v 0.019373 0.497991 -0.010000
v 0.019373 0.497991 0.010000
v 0.019503 0.499826 -0.010000
v 0.019503 0.499826 0.010000
v 0.019720 0.501812 -0.010000
v 0.019720 0.501812 0.010000
v 0.020024 0.503948 -0.010000
v 0.020024 0.503948 0.010000
v 0.020415 0.506234 -0.010000
v 0.020415 0.506234 0.010000
v 0.020893 0.508670 -0.010000
v 0.020893 0.508670 0.010000
v 0.021457 0.511256 -0.010000
v 0.021457 0.511256 0.010000
v 0.022109 0.513991 -0.010000
v 0.022109 0.513991 0.010000
v 0.022847 0.516877 -0.010000
v 0.022847 0.516877 0.010000
v 0.023672 0.519913 -0.010000
v 0.023672 0.519913 0.010000
v 0.024584 0.523099 -0.010000
v 0.024584 0.523099 0.010000
v 0.025583 0.526435 -0.010000
v 0.025583 0.526435 0.010000
v 0.026582 0.529775 -0.010000
v 0.026582 0.529775 0.010000
v 0.027494 0.532973 -0.010000
v 0.027494 0.532973 0.010000
v 0.028319 0.536029 -0.010000
v 0.028319 0.536029 0.010000
v 0.029057 0.538943 -0.010000
v 0.029057 0.538943 0.010000
v 0.029708 0.541714 -0.010000
v 0.029708 0.541714 0.010000
v 0.030273 0.544343 -0.010000
v 0.030273 0.544343 0.010000
v 0.030751 0.546831 -0.010000
v 0.030751 0.546831 0.010000
v 0.031141 0.549176 -0.010000
v 0.031141 0.549176 0.010000
v 0.031445 0.551379 -0.010000
v 0.031445 0.551379 0.010000
v 0.031663 0.553439 -0.010000
v 0.031663 0.553439 0.010000
v 0.031793 0.555358 -0.010000
v 0.031793 0.555358 0.010000
v 0.031836 0.557135 -0.010000
v 0.031836 0.557135 0.010000
v 0.031832 0.557632 -0.010000
v 0.031832 0.557632 0.010000
v 0.031820 0.558177 -0.010000
v 0.031820 0.558177 0.010000
v 0.031801 0.558769 -0.010000
v 0.031801 0.558769 0.010000
v 0.031773 0.559409 -0.010000
v 0.031773 0.559409 0.010000
v 0.031738 0.560096 -0.010000
v 0.031738 0.560096 0.010000
v 0.031694 0.560830 -0.010000
v 0.031694 0.560830 0.010000
v 0.031643 0.561612 -0.010000
v 0.031643 0.561612 0.010000
v 0.031584 0.562441 -0.010000
v 0.031584 0.562441 0.010000
v 0.031516 0.563317 -0.010000
v 0.031516 0.563317 0.010000
v 0.031441 0.564241 -0.010000
v 0.031441 0.564241 0.010000
v 0.031359 0.565212 -0.010000
v 0.031359 0.565212 0.010000
v 0.031268 0.566231 -0.010000
v 0.031268 0.566231 0.010000
v 0.031268 0.567253 -0.010000
v 0.031268 0.567253 0.010000
v 0.031268 0.568236 -0.010000
v 0.031268 0.568236 0.010000
v 0.031268 0.569180 -0.010000
v 0.031268 0.569180 0.010000
v 0.031268 0.570084 -0.010000
v 0.031268 0.570084 0.010000
v 0.031268 0.570949 -0.010000
v 0.031268 0.570949 0.010000
v 0.031268 0.571774 -0.010000
v 0.031268 0.571774 0.010000
v 0.031268 0.572559 -0.010000
v 0.031268 0.572559 0.010000
v 0.031268 0.573306 -0.010000
v 0.031268 0.573306 0.010000
v 0.031268 0.574012 -0.010000
v 0.031268 0.574012 0.010000
v 0.031268 0.574679 -0.010000
v 0.031268 0.574679 0.010000
v 0.031268 0.575307 -0.010000
v 0.031268 0.575307 0.010000
v 0.031268 0.575895 -0.010000
v 0.031268 0.575895 0.010000
v 0.030960 0.574518 -0.010000
v 0.030960 0.574518 0.010000
v 0.030605 0.573037 -0.010000
v 0.030605 0.573037 0.010000
v 0.030202 0.571454 -0.010000
v 0.030202 0.571454 0.010000
v 0.029752 0.569768 -0.010000
v 0.029752 0.569768 0.010000
v 0.029254 0.567980 -0.010000
v 0.029254 0.567980 0.010000
v 0.028709 0.566089 -0.010000
v 0.028709 0.566089 0.010000
v 0.028117 0.564095 -0.010000
v 0.028117 0.564095 0.010000
v 0.027478 0.561999 -0.010000
v 0.027478 0.561999 0.010000
v 0.026791 0.559800 -0.010000
v 0.026791 0.559800 0.010000
v 0.026056 0.557498 -0.010000
v 0.026056 0.557498 0.010000
v 0.025275 0.555094 -0.010000
v 0.025275 0.555094 0.010000
v 0.024446 0.552587 -0.010000
v 0.024446 0.552587 0.010000
v 0.024446 0.554861 -0.010000
v 0.024446 0.554861 0.010000
v 0.024462 0.555966 -0.010000
v 0.024462 0.555966 0.010000
v 0.024509 0.557008 -0.010000
v 0.024509 0.557008 0.010000
v 0.024588 0.557988 -0.010000
v 0.024588 0.557988 0.010000
v 0.024698 0.558903 -0.010000
v 0.024698 0.558903 0.010000
v 0.024841 0.559756 -0.010000
v 0.024841 0.559756 0.010000
v 0.025014 0.560546 -0.010000
v 0.025014 0.560546 0.010000
v 0.025220 0.561272 -0.010000
v 0.025220 0.561272 0.010000
v 0.025456 0.561935 -0.010000
v 0.025456 0.561935 0.010000
v 0.025725 0.562536 -0.010000
v 0.025725 0.562536 0.010000
v 0.026025 0.563073 -0.010000
v 0.026025 0.563073 0.010000
v 0.026357 0.563546 -0.010000
v 0.026357 0.563546 0.010000
v 0.026720 0.563957 -0.010000
v 0.026720 0.563957 0.010000
v 0.027083 0.565457 -0.010000
v 0.027083 0.565457 0.010000
v 0.027415 0.566926 -0.010000
v 0.027415 0.566926 0.010000
v 0.027715 0.568363 -0.010000
v 0.027715 0.568363 0.010000
v 0.027983 0.569768 -0.010000
v 0.027983 0.569768 0.010000
v 0.028220 0.571142 -0.010000
v 0.028220 0.571142 0.010000
v 0.028425 0.572484 -0.010000
v 0.028425 0.572484 0.010000
v 0.028599 0.573795 -0.010000
v 0.028599 0.573795 0.010000
v 0.028741 0.575074 -0.010000
v 0.028741 0.575074 0.010000
v 0.028852 0.576322 -0.010000
v 0.028852 0.576322 0.010000
v 0.028931 0.577538 -0.010000
v 0.028931 0.577538 0.010000
v 0.028978 0.578722 -0.010000
v 0.028978 0.578722 0.010000
v 0.028994 0.579875 -0.010000
v 0.028994 0.579875 0.010000
v 0.028994 0.580443 -0.010000
v 0.028994 0.580443 0.010000
v 0.028141 0.577984 -0.010000
v 0.028141 0.577984 0.010000
v 0.027288 0.575532 -0.010000
v 0.027288 0.575532 0.010000
v 0.026435 0.573088 -0.010000
v 0.026435 0.573088 0.010000
v 0.025583 0.570653 -0.010000
v 0.025583 0.570653 0.010000
v 0.024730 0.568225 -0.010000
v 0.024730 0.568225 0.010000
v 0.023877 0.565804 -0.010000
v 0.023877 0.565804 0.010000
v 0.023024 0.563392 -0.010000
v 0.023024 0.563392 0.010000
v 0.022172 0.560988 -0.010000
v 0.022172 0.560988 0.010000
v 0.021319 0.558592 -0.010000
v 0.021319 0.558592 0.010000
v 0.020466 0.556203 -0.010000
v 0.020466 0.556203 0.010000
v 0.019613 0.553823 -0.010000
v 0.019613 0.553823 0.010000
v 0.018761 0.551450 -0.010000
v 0.018761 0.551450 0.010000
v 0.019246 0.552934 -0.010000
v 0.019246 0.552934 0.010000
v 0.019756 0.554545 -0.010000
v 0.019756 0.554545 0.010000
v 0.020289 0.556282 -0.010000
v 0.020289 0.556282 0.010000
v 0.020845 0.558145 -0.010000
v 0.020845 0.558145 0.010000
v 0.021426 0.560135 -0.010000
v 0.021426 0.560135 0.010000
v 0.022030 0.562251 -0.010000
v 0.022030 0.562251 0.010000
v 0.022657 0.564494 -0.010000
v 0.022657 0.564494 0.010000
v 0.023309 0.566863 -0.010000
v 0.023309 0.566863 0.010000
v 0.023984 0.569358 -0.010000
v 0.023984 0.569358 0.010000
v 0.024683 0.571979 -0.010000
v 0.024683 0.571979 0.010000
v 0.025405 0.574727 -0.010000
v 0.025405 0.574727 0.010000
v 0.026151 0.577601 -0.010000
v 0.026151 0.577601 0.010000
v 0.026467 0.581051 -0.010000
v 0.026467 0.581051 0.010000
v 0.026846 0.584770 -0.010000
v 0.026846 0.584770 0.010000
v 0.027288 0.588758 -0.010000
v 0.027288 0.588758 0.010000
v 0.027794 0.593014 -0.010000
v 0.027794 0.593014 0.010000
v 0.028362 0.597538 -0.010000
v 0.028362 0.597538 0.010000
v 0.028994 0.602331 -0.010000
v 0.028994 0.602331 0.010000
v 0.029689 0.607392 -0.010000
v 0.029689 0.607392 0.010000
v 0.030447 0.612722 -0.010000
v 0.030447 0.612722 0.010000
v 0.031268 0.618320 -0.010000
v 0.031268 0.618320 0.010000
v 0.032152 0.624187 -0.010000
v 0.032152 0.624187 0.010000
v 0.033100 0.630322 -0.010000
v 0.033100 0.630322 0.010000
v 0.034110 0.636725 -0.010000
v 0.034110 0.636725 0.010000
v 0.034679 0.640705 -0.010000
v 0.034679 0.640705 0.010000
v 0.034667 0.641368 -0.010000
v 0.034667 0.641368 0.010000
v 0.034631 0.642032 -0.010000
v 0.034631 0.642032 0.010000
v 0.034572 0.642695 -0.010000
v 0.034572 0.642695 0.010000
v 0.034489 0.643358 -0.010000
v 0.034489 0.643358 0.010000
v 0.034383 0.644021 -0.010000
v 0.034383 0.644021 0.010000
v 0.034252 0.644685 -0.010000
v 0.034252 0.644685 0.010000
v 0.034098 0.645348 -0.010000
v 0.034098 0.645348 0.010000
v 0.033921 0.646011 -0.010000
v 0.033921 0.646011 0.010000
v 0.033719 0.646675 -0.010000
v 0.033719 0.646675 0.010000
v 0.033494 0.647338 -0.010000
v 0.033494 0.647338 0.010000
v 0.033246 0.648001 -0.010000
v 0.033246 0.648001 0.010000
v 0.032973 0.648664 -0.010000
v 0.032973 0.648664 0.010000
v 0.031228 0.643141 -0.010000
v 0.031228 0.643141 0.010000
v 0.029404 0.637373 -0.010000
v 0.029404 0.637373 0.010000
v 0.027501 0.631360 -0.010000
v 0.027501 0.631360 0.010000
v 0.025520 0.625103 -0.010000
v 0.025520 0.625103 0.010000
v 0.023459 0.618600 -0.010000
v 0.023459 0.618600 0.010000
v 0.021319 0.611853 -0.010000
v 0.021319 0.611853 0.010000
v 0.019100 0.604861 -0.010000
v 0.019100 0.604861 0.010000
v 0.016802 0.597625 -0.010000
v 0.016802 0.597625 0.010000
v 0.014426 0.590144 -0.010000
v 0.014426 0.590144 0.010000
v 0.011970 0.582417 -0.010000
v 0.011970 0.582417 0.010000
v 0.009436 0.574446 -0.010000
v 0.009436 0.574446 0.010000
v 0.006822 0.566231 -0.010000
v 0.006822 0.566231 0.010000
v 0.006873 0.568746 -0.010000
v 0.006873 0.568746 0.010000
v 0.007027 0.571363 -0.010000
v 0.007027 0.571363 0.010000
v 0.007284 0.574083 -0.010000
v 0.007284 0.574083 0.010000
v 0.007643 0.576906 -0.010000
v 0.007643 0.576906 0.010000
v 0.008105 0.579831 -0.010000
v 0.008105 0.579831 0.010000
v 0.008670 0.582860 -0.010000
v 0.008670 0.582860 0.010000
v 0.009337 0.585990 -0.010000
v 0.009337 0.585990 0.010000
v 0.010107 0.589224 -0.010000
v 0.010107 0.589224 0.010000
v 0.010979 0.592560 -0.010000
v 0.010979 0.592560 0.010000
v 0.011954 0.595998 -0.010000
v 0.011954 0.595998 0.010000
v 0.013032 0.599540 -0.010000
v 0.013032 0.599540 0.010000
v 0.014213 0.603184 -0.010000
v 0.014213 0.603184 0.010000
v 0.015946 0.608474 -0.010000
v 0.015946 0.608474 0.010000
v 0.017545 0.613354 -0.010000
v 0.017545 0.613354 0.010000
v 0.019009 0.617823 -0.010000
v 0.019009 0.617823 0.010000
v 0.020340 0.621881 -0.010000
v 0.020340 0.621881 0.010000
v 0.021536 0.625529 -0.010000
v 0.021536 0.625529 0.010000
v 0.022598 0.628766 -0.010000
v 0.022598 0.628766 0.010000
v 0.023526 0.631593 -0.010000
v 0.023526 0.631593 0.010000
v 0.024319 0.634009 -0.010000
v 0.024319 0.634009 0.010000
v 0.024979 0.636015 -0.010000
v 0.024979 0.636015 0.010000
v 0.025504 0.637610 -0.010000
v 0.025504 0.637610 0.010000
v 0.025895 0.638794 -0.010000
v 0.025895 0.638794 0.010000
v 0.026151 0.639568 -0.010000
v 0.026151 0.639568 0.010000
v 0.027513 0.645241 -0.010000
v 0.027513 0.645241 0.010000
v 0.028757 0.650891 -0.010000
v 0.028757 0.650891 0.010000
v 0.029882 0.656517 -0.010000
v 0.029882 0.656517 0.010000
v 0.030889 0.662119 -0.010000
v 0.030889 0.662119 0.010000
v 0.031777 0.667697 -0.010000
v 0.031777 0.667697 0.010000
v 0.032547 0.673252 -0.010000
v 0.032547 0.673252 0.010000
v 0.033198 0.678783 -0.010000
v 0.033198 0.678783 0.010000
v 0.033731 0.684290 -0.010000
v 0.033731 0.684290 0.010000
v 0.034146 0.689774 -0.010000
v 0.034146 0.689774 0.010000
v 0.034442 0.695234 -0.010000
v 0.034442 0.695234 0.010000
v 0.034620 0.700670 -0.010000
v 0.034620 0.700670 0.010000
v 0.034679 0.706083 -0.010000
v 0.034679 0.706083 0.010000
v 0.034695 0.709115 -0.010000
v 0.034695 0.709115 0.010000
v 0.034742 0.712147 -0.010000
v 0.034742 0.712147 0.010000
v 0.034821 0.715179 -0.010000
v 0.034821 0.715179 0.010000
v 0.034931 0.718211 -0.010000
v 0.034931 0.718211 0.010000
v 0.035074 0.721243 -0.010000
v 0.035074 0.721243 0.010000
v 0.035247 0.724275 -0.010000
v 0.035247 0.724275 0.010000
v 0.035453 0.727307 -0.010000
v 0.035453 0.727307 0.010000
v 0.035689 0.730339 -0.010000
v 0.035689 0.730339 0.010000
v 0.035958 0.733371 -0.010000
v 0.035958 0.733371 0.010000
v 0.036258 0.736403 -0.010000
v 0.036258 0.736403 0.010000
v 0.036590 0.739435 -0.010000
v 0.036590 0.739435 0.010000
v 0.036953 0.742467 -0.010000
v 0.036953 0.742467 0.010000
v 0.037565 0.743746 -0.010000
v 0.037565 0.743746 0.010000
v 0.038264 0.745120 -0.010000
v 0.038264 0.745120 0.010000
v 0.039049 0.746589 -0.010000
v 0.039049 0.746589 0.010000
v 0.039922 0.748152 -0.010000
v 0.039922 0.748152 0.010000
v 0.040881 0.749811 -0.010000
v 0.040881 0.749811 0.010000
v 0.041927 0.751563 -0.010000
v 0.041927 0.751563 0.010000
v 0.043060 0.753411 -0.010000
v 0.043060 0.753411 0.010000
v 0.044280 0.755353 -0.010000
v 0.044280 0.755353 0.010000
v 0.045587 0.757391 -0.010000
v 0.045587 0.757391 0.010000
v 0.046981 0.759522 -0.010000
v 0.046981 0.759522 0.010000
v 0.048461 0.761749 -0.010000
v 0.048461 0.761749 0.010000
v 0.050028 0.764071 -0.010000
v 0.050028 0.764071 0.010000
v 0.054576 0.764071 -0.010000
v 0.054576 0.764071 0.010000
v 0.055042 0.764276 -0.010000
v 0.055042 0.764276 0.010000
v 0.055492 0.764513 -0.010000
v 0.055492 0.764513 0.010000
v 0.055927 0.764781 -0.010000
v 0.055927 0.764781 0.010000
v 0.056345 0.765081 -0.010000
v 0.056345 0.765081 0.010000
v 0.056748 0.765413 -0.010000
v 0.056748 0.765413 0.010000
v 0.057135 0.765776 -0.010000
v 0.057135 0.765776 0.010000
v 0.057506 0.766171 -0.010000
v 0.057506 0.766171 0.010000
v 0.057861 0.766597 -0.010000
v 0.057861 0.766597 0.010000
v 0.058201 0.767055 -0.010000
v 0.058201 0.767055 0.010000
v 0.058524 0.767545 -0.010000
v 0.058524 0.767545 0.010000
v 0.058832 0.768066 -0.010000
v 0.058832 0.768066 0.010000
v 0.059125 0.768619 -0.010000
v 0.059125 0.768619 0.010000
v 0.060262 0.772030 -0.010000
v 0.060262 0.772030 0.010000
v 0.060948 0.772322 -0.010000
v 0.060948 0.772322 0.010000
v 0.061683 0.772630 -0.010000
v 0.061683 0.772630 0.010000
v 0.062464 0.772953 -0.010000
v 0.062464 0.772953 0.010000
v 0.063294 0.773293 -0.010000
v 0.063294 0.773293 0.010000
v 0.064170 0.773648 -0.010000
v 0.064170 0.773648 0.010000
v 0.065094 0.774019 -0.010000
v 0.065094 0.774019 0.010000
v 0.066065 0.774406 -0.010000
v 0.066065 0.774406 0.010000
v 0.067084 0.774809 -0.010000
v 0.067084 0.774809 0.010000
v 0.068150 0.775227 -0.010000
v 0.068150 0.775227 0.010000
v 0.069263 0.775662 -0.010000
v 0.069263 0.775662 0.010000
v 0.070424 0.776112 -0.010000
v 0.070424 0.776112 0.010000
v 0.071632 0.776578 -0.010000
v 0.071632 0.776578 0.010000
v 0.072765 0.778394 -0.010000
v 0.072765 0.778394 0.010000
v 0.073890 0.780052 -0.010000
v 0.073890 0.780052 0.010000
v 0.075007 0.781552 -0.010000
v 0.075007 0.781552 0.010000
v 0.076116 0.782894 -0.010000
v 0.076116 0.782894 0.010000
v 0.077218 0.784079 -0.010000
v 0.077218 0.784079 0.010000
v 0.078312 0.785105 -0.010000
v 0.078312 0.785105 0.010000
v 0.079397 0.785974 -0.010000
v 0.079397 0.785974 0.010000
v 0.080475 0.786684 -0.010000
v 0.080475 0.786684 0.010000
v 0.081545 0.787237 -0.010000
v 0.081545 0.787237 0.010000
v 0.082607 0.787632 -0.010000
v 0.082607 0.787632 0.010000
v 0.083661 0.787869 -0.010000
v 0.083661 0.787869 0.010000
v 0.084707 0.787948 -0.010000
v 0.084707 0.787948 0.010000
v 0.086476 0.787304 -0.010000
v 0.086476 0.787304 0.010000
v 0.088181 0.786700 -0.010000
v 0.088181 0.786700 0.010000
v 0.089824 0.786136 -0.010000
v 0.089824 0.786136 0.010000
v 0.091403 0.785611 -0.010000
v 0.091403 0.785611 0.010000
v 0.092919 0.785125 -0.010000
v 0.092919 0.785125 0.010000
v 0.094372 0.784679 -0.010000
v 0.094372 0.784679 0.010000
v 0.095761 0.784272 -0.010000
v 0.095761 0.784272 0.010000
v 0.097088 0.783905 -0.010000
v 0.097088 0.783905 0.010000
v 0.098351 0.783577 -0.010000
v 0.098351 0.783577 0.010000
v 0.099552 0.783289 -0.010000
v 0.099552 0.783289 0.010000
v 0.100689 0.783040 -0.010000
v 0.100689 0.783040 0.010000
v 0.101762 0.782831 -0.010000
v 0.101762 0.782831 0.010000
v 0.100625 0.782263 -0.010000
v 0.100625 0.782263 0.010000
v 0.101782 0.781714 -0.010000
v 0.101782 0.781714 0.010000
v 0.102978 0.781205 -0.010000
v 0.102978 0.781205 0.010000
v 0.104214 0.780735 -0.010000
v 0.104214 0.780735 0.010000
v 0.105489 0.780304 -0.010000
v 0.105489 0.780304 0.010000
v 0.106804 0.779914 -0.010000
v 0.106804 0.779914 0.010000
v 0.108158 0.779562 -0.010000
v 0.108158 0.779562 0.010000
v 0.109552 0.779250 -0.010000
v 0.109552 0.779250 0.010000
v 0.110985 0.778978 -0.010000
v 0.110985 0.778978 0.010000
v 0.112457 0.778745 -0.010000
v 0.112457 0.778745 0.010000
v 0.113969 0.778552 -0.010000
v 0.113969 0.778552 0.010000
v 0.115521 0.778398 -0.010000
v 0.115521 0.778398 0.010000
v 0.117112 0.778283 -0.010000
v 0.117112 0.778283 0.010000
v 0.118140 0.778139 -0.010000
v 0.118140 0.778139 0.010000
v 0.119331 0.777896 -0.010000
v 0.119331 0.777896 0.010000
v 0.120683 0.777555 -0.010000
v 0.120683 0.777555 0.010000
v 0.122197 0.777115 -0.010000
v 0.122197 0.777115 0.010000
v 0.123873 0.776576 -0.010000
v 0.123873 0.776576 0.010000
v 0.125711 0.775938 -0.010000
v 0.125711 0.775938 0.010000
v 0.127710 0.775202 -0.010000
v 0.127710 0.775202 0.010000
v 0.129872 0.774367 -0.010000
v 0.129872 0.774367 0.010000
v 0.132195 0.773433 -0.010000
v 0.132195 0.773433 0.010000
v 0.134680 0.772401 -0.010000
v 0.134680 0.772401 0.010000
v 0.137327 0.771270 -0.010000
v 0.137327 0.771270 0.010000
v 0.140136 0.770040 -0.010000
v 0.140136 0.770040 0.010000
v 0.142941 0.768786 -0.010000
v 0.142941 0.768786 0.010000
v 0.145577 0.767584 -0.010000
v 0.145577 0.767584 0.010000
v 0.148042 0.766433 -0.010000
v 0.148042 0.766433 0.010000
v 0.150338 0.765334 -0.010000
v 0.150338 0.765334 0.010000
v 0.152464 0.764286 -0.010000
v 0.152464 0.764286 0.010000
v 0.154420 0.763289 -0.010000
v 0.154420 0.763289 0.010000
v 0.156207 0.762343 -0.010000
v 0.156207 0.762343 0.010000
v 0.157823 0.761449 -0.010000
v 0.157823 0.761449 0.010000
v 0.159270 0.760606 -0.010000
v 0.159270 0.760606 0.010000
v 0.160547 0.759815 -0.010000
v 0.160547 0.759815 0.010000
v 0.161655 0.759074 -0.010000
v 0.161655 0.759074 0.010000
v 0.162592 0.758385 -0.010000
v 0.162592 0.758385 0.010000
v 0.167140 0.760660 -0.010000
v 0.167140 0.760660 0.010000
v 0.170551 0.757817 -0.010000
v 0.170551 0.757817 0.010000
v 0.176272 0.752862 -0.010000
v 0.176272 0.752862 0.010000
v 0.181495 0.748042 -0.010000
v 0.181495 0.748042 0.010000
v 0.186221 0.743356 -0.010000
v 0.186221 0.743356 0.010000
v 0.190449 0.738804 -0.010000
v 0.190449 0.738804 0.010000
v 0.194180 0.734386 -0.010000
v 0.194180 0.734386 0.010000
v 0.197413 0.730102 -0.010000
v 0.197413 0.730102 0.010000
v 0.200149 0.725953 -0.010000
v 0.200149 0.725953 0.010000
v 0.202388 0.721938 -0.010000
v 0.202388 0.721938 0.010000
v 0.204129 0.718057 -0.010000
v 0.204129 0.718057 0.010000
v 0.205372 0.714310 -0.010000
v 0.205372 0.714310 0.010000
v 0.206119 0.710698 -0.010000
v 0.206119 0.710698 0.010000
v 0.206367 0.707220 -0.010000
v 0.206367 0.707220 0.010000
v 0.206505 0.706955 -0.010000
v 0.206505 0.706955 0.010000
v 0.206920 0.706351 -0.010000
v 0.206920 0.706351 0.010000
v 0.207611 0.705408 -0.010000
v 0.207611 0.705408 0.010000
v 0.208578 0.704125 -0.010000
v 0.208578 0.704125 0.010000
v 0.209822 0.702502 -0.010000
v 0.209822 0.702502 0.010000
v 0.211342 0.700540 -0.010000
v 0.211342 0.700540 0.010000
v 0.213138 0.698238 -0.010000
v 0.213138 0.698238 0.010000
v 0.215211 0.695597 -0.010000
v 0.215211 0.695597 0.010000
v 0.217560 0.692617 -0.010000
v 0.217560 0.692617 0.010000
v 0.220185 0.689296 -0.010000
v 0.220185 0.689296 0.010000
v 0.223087 0.685637 -0.010000
v 0.223087 0.685637 0.010000
v 0.226265 0.681637 -0.010000
v 0.226265 0.681637 0.010000
v 0.228164 0.679008 -0.010000
v 0.228164 0.679008 0.010000
v 0.229881 0.676426 -0.010000
v 0.229881 0.676426 0.010000
v 0.231417 0.673891 -0.010000
v 0.231417 0.673891 0.010000
v 0.232771 0.671404 -0.010000
v 0.232771 0.671404 0.010000
v 0.233944 0.668964 -0.010000
v 0.233944 0.668964 0.010000
v 0.234935 0.666572 -0.010000
v 0.234935 0.666572 0.010000
v 0.235744 0.664227 -0.010000
v 0.235744 0.664227 0.010000
v 0.236372 0.661929 -0.010000
v 0.236372 0.661929 0.010000
v 0.236818 0.659679 -0.010000
v 0.236818 0.659679 0.010000
v 0.237082 0.657476 -0.010000
v 0.237082 0.657476 0.010000
v 0.237165 0.655320 -0.010000
v 0.237165 0.655320 0.010000
v 0.237067 0.653212 -0.010000
v 0.237067 0.653212 0.010000
v 0.249005 0.653212 -0.010000
v 0.249005 0.653212 0.010000
v 0.248326 0.653240 -0.010000
v 0.248326 0.653240 0.010000
v 0.248373 0.653323 -0.010000
v 0.248373 0.653323 0.010000
v 0.249147 0.653461 -0.010000
v 0.249147 0.653461 0.010000
v 0.250647 0.653654 -0.010000
v 0.250647 0.653654 0.010000
v 0.252874 0.653903 -0.010000
v 0.252874 0.653903 0.010000
v 0.255827 0.654207 -0.010000
v 0.255827 0.654207 0.010000
v 0.259507 0.654566 -0.010000
v 0.259507 0.654566 0.010000
v 0.263913 0.654981 -0.010000
v 0.263913 0.654981 0.010000
v 0.269045 0.655451 -0.010000
v 0.269045 0.655451 0.010000
v 0.274904 0.655976 -0.010000
v 0.274904 0.655976 0.010000
v 0.281489 0.656556 -0.010000
v 0.281489 0.656556 0.010000
v 0.288800 0.657192 -0.010000
v 0.288800 0.657192 0.010000
v 0.288528 0.657192 -0.010000
v 0.288528 0.657192 0.010000
v 0.288279 0.657192 -0.010000
v 0.288279 0.657192 0.010000
v 0.288054 0.657192 -0.010000
v 0.288054 0.657192 0.010000
v 0.287853 0.657192 -0.010000
v 0.287853 0.657192 0.010000
v 0.287675 0.657192 -0.010000
v 0.287675 0.657192 0.010000
v 0.287521 0.657192 -0.010000
v 0.287521 0.657192 0.010000
v 0.287391 0.657192 -0.010000
v 0.287391 0.657192 0.010000
v 0.287284 0.657192 -0.010000
v 0.287284 0.657192 0.010000
v 0.287202 0.657192 -0.010000
v 0.287202 0.657192 0.010000
v 0.287142 0.657192 -0.010000
v 0.287142 0.657192 0.010000
v 0.287107 0.657192 -0.010000
v 0.287107 0.657192 0.010000
v 0.287095 0.657192 -0.010000
v 0.287095 0.657192 0.010000
v 0.287099 0.657286 -0.010000
v 0.287099 0.657286 0.010000
v 0.287111 0.657381 -0.010000
v 0.287111 0.657381 0.010000
v 0.287130 0.657476 -0.010000
v 0.287130 0.657476 0.010000
v 0.287158 0.657571 -0.010000
v 0.287158 0.657571 0.010000
v 0.287194 0.657665 -0.010000
v 0.287194 0.657665 0.010000
v 0.287237 0.657760 -0.010000
v 0.287237 0.657760 0.010000
v 0.287288 0.657855 -0.010000
v 0.287288 0.657855 0.010000
v 0.287348 0.657950 -0.010000
v 0.287348 0.657950 0.010000
v 0.287415 0.658045 -0.010000
v 0.287415 0.658045 0.010000
v 0.287490 0.658139 -0.010000
v 0.287490 0.658139 0.010000
v 0.287573 0.658234 -0.010000
v 0.287573 0.658234 0.010000
v 0.287663 0.658329 -0.010000
v 0.287663 0.658329 0.010000
v 0.290163 0.659327 -0.010000
v 0.290163 0.659327 0.010000
v 0.292733 0.660239 -0.010000
v 0.292733 0.660239 0.010000
v 0.295374 0.661065 -0.010000
v 0.295374 0.661065 0.010000
v 0.298086 0.661803 -0.010000
v 0.298086 0.661803 0.010000
v 0.300869 0.662454 -0.010000
v 0.300869 0.662454 0.010000
v 0.303724 0.663019 -0.010000
v 0.303724 0.663019 0.010000
v 0.306649 0.663496 -0.010000
v 0.306649 0.663496 0.010000
v 0.309646 0.663887 -0.010000
v 0.309646 0.663887 0.010000
v 0.312713 0.664191 -0.010000
v 0.312713 0.664191 0.010000
v 0.315852 0.664408 -0.010000
v 0.315852 0.664408 0.010000
v 0.319062 0.664539 -0.010000
v 0.319062 0.664539 0.010000
v 0.322342 0.664582 -0.010000
v 0.322342 0.664582 0.010000
v 0.323996 0.664480 -0.010000
v 0.323996 0.664480 0.010000
v 0.325737 0.664172 -0.010000
v 0.325737 0.664172 0.010000
v 0.327565 0.663658 -0.010000
v 0.327565 0.663658 0.010000
v 0.329480 0.662940 -0.010000
v 0.329480 0.662940 0.010000
v 0.331482 0.662016 -0.010000
v 0.331482 0.662016 0.010000
v 0.333570 0.660887 -0.010000
v 0.333570 0.660887 0.010000
v 0.335746 0.659553 -0.010000
v 0.335746 0.659553 0.010000
v 0.338008 0.658013 -0.010000
v 0.338008 0.658013 0.010000
v 0.340357 0.656268 -0.010000
v 0.340357 0.656268 0.010000
v 0.342793 0.654318 -0.010000
v 0.342793 0.654318 0.010000
v 0.345315 0.652162 -0.010000
v 0.345315 0.652162 0.010000
v 0.347925 0.649801 -0.010000
v 0.347925 0.649801 0.010000
v 0.349384 0.648080 -0.010000
v 0.349384 0.648080 0.010000
v 0.351297 0.645190 -0.010000
v 0.351297 0.645190 0.010000
v 0.353663 0.641131 -0.010000
v 0.353663 0.641131 0.010000
v 0.356484 0.635904 -0.010000
v 0.356484 0.635904 0.010000
v 0.359759 0.629509 -0.010000
v 0.359759 0.629509 0.010000
v 0.363488 0.621944 -0.010000
v 0.363488 0.621944 0.010000
v 0.367671 0.613211 -0.010000
v 0.367671 0.613211 0.010000
v 0.372307 0.603310 -0.010000
v 0.372307 0.603310 0.010000
v 0.377398 0.592240 -0.010000
v 0.377398 0.592240 0.010000
v 0.382943 0.580001 -0.010000
v 0.382943 0.580001 0.010000
v 0.388942 0.566594 -0.010000
v 0.388942 0.566594 0.010000
v 0.357590 0.450256 -0.010000
v 0.357590 0.450256 0.010000
v 0.359469 0.450327 -0.010000
v 0.359469 0.450327 0.010000
v 0.361316 0.450540 -0.010000
v 0.361316 0.450540 0.010000
v 0.363132 0.450895 -0.010000
v 0.363132 0.450895 0.010000
v 0.364917 0.451393 -0.010000
v 0.364917 0.451393 0.010000
v 0.366670 0.452032 -0.010000
v 0.366670 0.452032 0.010000
v 0.368391 0.452814 -0.010000
v 0.368391 0.452814 0.010000
v 0.370081 0.453738 -0.010000
v 0.370081 0.453738 0.010000
v 0.371739 0.454804 -0.010000
v 0.371739 0.454804 0.010000
v 0.373366 0.456012 -0.010000
v 0.373366 0.456012 0.010000
v 0.374961 0.457362 -0.010000
v 0.374961 0.457362 0.010000
v 0.376524 0.458854 -0.010000
v 0.376524 0.458854 0.010000
v 0.378056 0.460489 -0.010000
v 0.378056 0.460489 0.010000
v 0.377037 0.463481 -0.010000
v 0.377037 0.463481 0.010000
v 0.375876 0.466585 -0.010000
v 0.375876 0.466585 0.010000
v 0.374574 0.469798 -0.010000
v 0.374574 0.469798 0.010000
v 0.373129 0.473122 -0.010000
v 0.373129 0.473122 0.010000
v 0.371542 0.476557 -0.010000
v 0.371542 0.476557 0.010000
v 0.369812 0.480102 -0.010000
v 0.369812 0.480102 0.010000
v 0.367941 0.483758 -0.010000
v 0.367941 0.483758 0.010000
v 0.365928 0.487524 -0.010000
v 0.365928 0.487524 0.010000
v 0.363772 0.491401 -0.010000
v 0.363772 0.491401 0.010000
v 0.361474 0.495389 -0.010000
v 0.361474 0.495389 0.010000
v 0.359035 0.499487 -0.010000
v 0.359035 0.499487 0.010000
v 0.356453 0.503695 -0.010000
v 0.356453 0.503695 0.010000
v 0.353507 0.508504 -0.010000
v 0.353507 0.508504 0.010000
v 0.350736 0.513076 -0.010000
v 0.350736 0.513076 0.010000
v 0.348138 0.517411 -0.010000
v 0.348138 0.517411 0.010000
v 0.345714 0.521509 -0.010000
v 0.345714 0.521509 0.010000
v 0.343464 0.525370 -0.010000
v 0.343464 0.525370 0.010000
v 0.341387 0.528994 -0.010000
v 0.341387 0.528994 0.010000
v 0.339484 0.532381 -0.010000
v 0.339484 0.532381 0.010000
v 0.337755 0.535532 -0.010000
v 0.337755 0.535532 0.010000
v 0.336200 0.538445 -0.010000
v 0.336200 0.538445 0.010000
v 0.334818 0.541122 -0.010000
v 0.334818 0.541122 0.010000
v 0.333610 0.543562 -0.010000
v 0.333610 0.543562 0.010000
v 0.332575 0.545765 -0.010000
v 0.332575 0.545765 0.010000
v 0.332939 0.541951 -0.010000
v 0.332939 0.541951 0.010000
v 0.333270 0.538090 -0.010000
v 0.333270 0.538090 0.010000
v 0.333570 0.534181 -0.010000
v 0.333570 0.534181 0.010000
v 0.333839 0.530226 -0.010000
v 0.333839 0.530226 0.010000
v 0.334076 0.526222 -0.010000
v 0.334076 0.526222 0.010000
v 0.334281 0.522172 -0.010000
v 0.334281 0.522172 0.010000
v 0.334455 0.518074 -0.010000
v 0.334455 0.518074 0.010000
v 0.334597 0.513928 -0.010000
v 0.334597 0.513928 0.010000
v 0.334707 0.509736 -0.010000
v 0.334707 0.509736 0.010000
v 0.334786 0.505496 -0.010000
v 0.334786 0.505496 0.010000
v 0.334834 0.501208 -0.010000
v 0.334834 0.501208 0.010000
v 0.334849 0.496873 -0.010000
v 0.334849 0.496873 0.010000
v 0.334849 0.482661 -0.010000
v 0.334849 0.482661 0.010000
v 0.334830 0.479526 -0.010000
v 0.334830 0.479526 0.010000
v 0.334770 0.476565 -0.010000
v 0.334770 0.476565 0.010000
v 0.334672 0.473778 -0.010000
v 0.334672 0.473778 0.010000
v 0.334534 0.471164 -0.010000
v 0.334534 0.471164 0.010000
v 0.334356 0.468724 -0.010000
v 0.334356 0.468724 0.010000
v 0.334139 0.466458 -0.010000
v 0.334139 0.466458 0.010000
v 0.333882 0.464366 -0.010000
v 0.333882 0.464366 0.010000
v 0.333586 0.462447 -0.010000
v 0.333586 0.462447 0.010000
v 0.333250 0.460702 -0.010000
v 0.333250 0.460702 0.010000
v 0.332875 0.459131 -0.010000
v 0.332875 0.459131 0.010000
v 0.332461 0.457733 -0.010000
v 0.332461 0.457733 0.010000
v 0.332007 0.456509 -0.010000
v 0.332007 0.456509 0.010000
v 0.335746 0.455511 -0.010000
v 0.335746 0.455511 0.010000
v 0.339192 0.454599 -0.010000
v 0.339192 0.454599 0.010000
v 0.342346 0.453773 -0.010000
v 0.342346 0.453773 0.010000
v 0.345209 0.453035 -0.010000
v 0.345209 0.453035 0.010000
v 0.347779 0.452384 -0.010000
v 0.347779 0.452384 0.010000
v 0.350057 0.451819 -0.010000
v 0.350057 0.451819 0.010000
v 0.352043 0.451342 -0.010000
v 0.352043 0.451342 0.010000
v 0.353736 0.450951 -0.010000
v 0.353736 0.450951 0.010000
v 0.355138 0.450647 -0.010000
v 0.355138 0.450647 0.010000
v 0.356247 0.450430 -0.010000
v 0.356247 0.450430 0.010000
v 0.357064 0.450299 -0.010000
v 0.357064 0.450299 0.010000
v 0.105173 0.447982 -0.010000
v 0.105173 0.447982 0.010000
v 0.107747 0.449257 -0.010000
v 0.107747 0.449257 0.010000
v 0.110164 0.450809 -0.010000
v 0.110164 0.450809 0.010000
v 0.112422 0.452636 -0.010000
v 0.112422 0.452636 0.010000
v 0.114522 0.454741 -0.010000
v 0.114522 0.454741 0.010000
v 0.116465 0.457121 -0.010000
v 0.116465 0.457121 0.010000
v 0.118249 0.459778 -0.010000
v 0.118249 0.459778 0.010000
v 0.119876 0.462712 -0.010000
v 0.119876 0.462712 0.010000
v 0.121344 0.465921 -0.010000
v 0.121344 0.465921 0.010000
v 0.122655 0.469407 -0.010000
v 0.122655 0.469407 0.010000
v 0.123808 0.473170 -0.010000
v 0.123808 0.473170 0.010000
v 0.124803 0.477208 -0.010000
v 0.124803 0.477208 0.010000
v 0.125640 0.481524 -0.010000
v 0.125640 0.481524 0.010000
v 0.125347 0.482262 -0.010000
v 0.125347 0.482262 0.010000
v 0.125039 0.482961 -0.010000
v 0.125039 0.482961 0.010000
v 0.124716 0.483620 -0.010000
v 0.124716 0.483620 0.010000
v 0.124376 0.484240 -0.010000
v 0.124376 0.484240 0.010000
v 0.124021 0.484820 -0.010000
v 0.124021 0.484820 0.010000
v 0.123650 0.485361 -0.010000
v 0.123650 0.485361 0.010000
v 0.123263 0.485862 -0.010000
v 0.123263 0.485862 0.010000
v 0.122860 0.486324 -0.010000
v 0.122860 0.486324 0.010000
v 0.122442 0.486747 -0.010000
v 0.122442 0.486747 0.010000
v 0.122007 0.487130 -0.010000
v 0.122007 0.487130 0.010000
v 0.121557 0.487473 -0.010000
v 0.121557 0.487473 0.010000
v 0.121092 0.487777 -0.010000
v 0.121092 0.487777 0.010000
v 0.120199 0.485416 -0.010000
v 0.120199 0.485416 0.010000
v 0.119228 0.482882 -0.010000
v 0.119228 0.482882 0.010000
v 0.118178 0.480173 -0.010000
v 0.118178 0.480173 0.010000
v 0.117049 0.477291 -0.010000
v 0.117049 0.477291 0.010000
v 0.115841 0.474236 -0.010000
v 0.115841 0.474236 0.010000
v 0.114554 0.471006 -0.010000
v 0.114554 0.471006 0.010000
v 0.113188 0.467603 -0.010000
v 0.113188 0.467603 0.010000
v 0.111743 0.464026 -0.010000
v 0.111743 0.464026 0.010000
v 0.110219 0.460276 -0.010000
v 0.110219 0.460276 0.010000
v 0.108616 0.456351 -0.010000
v 0.108616 0.456351 0.010000
v 0.106934 0.452253 -0.010000
v 0.106934 0.452253 0.010000
v 0.166003 0.067084 -0.010000
v 0.166003 0.067084 0.010000
v 0.166525 0.072323 -0.010000
v 0.166525 0.072323 0.010000
v 0.167140 0.077427 -0.010000
v 0.167140 0.077427 0.010000
v 0.167851 0.082398 -0.010000
v 0.167851 0.082398 0.010000
v 0.168656 0.087234 -0.010000
v 0.168656 0.087234 0.010000
v 0.169557 0.091936 -0.010000
v 0.169557 0.091936 0.010000
v 0.170551 0.096504 -0.010000
v 0.170551 0.096504 0.010000
v 0.171641 0.100937 -0.010000
v 0.171641 0.100937 0.010000
v 0.172825 0.105237 -0.010000
v 0.172825 0.105237 0.010000
v 0.174105 0.109402 -0.010000
v 0.174105 0.109402 0.010000
v 0.175478 0.113433 -0.010000
v 0.175478 0.113433 0.010000
v 0.176947 0.117329 -0.010000
v 0.176947 0.117329 0.010000
v 0.178511 0.121092 -0.010000
v 0.178511 0.121092 0.010000
v 0.177910 0.121873 -0.010000
v 0.177910 0.121873 0.010000
v 0.177247 0.122702 -0.010000
v 0.177247 0.122702 0.010000
v 0.176521 0.123579 -0.010000
v 0.176521 0.123579 0.010000
v 0.175731 0.124503 -0.010000
v 0.175731 0.124503 0.010000
v 0.174878 0.125474 -0.010000
v 0.174878 0.125474 0.010000
v 0.173962 0.126492 -0.010000
v 0.173962 0.126492 0.010000
v 0.172983 0.127558 -0.010000
v 0.172983 0.127558 0.010000
v 0.171941 0.128672 -0.010000
v 0.171941 0.128672 0.010000
v 0.170836 0.129832 -0.010000
v 0.170836 0.129832 0.010000
v 0.169667 0.131040 -0.010000
v 0.169667 0.131040 0.010000
v 0.168435 0.132296 -0.010000
v 0.168435 0.132296 0.010000
v 0.167140 0.133599 -0.010000
v 0.167140 0.133599 0.010000
v 0.165435 0.132462 -0.010000
v 0.165435 0.132462 0.010000
v 0.164298 0.132462 -0.010000
v 0.164298 0.132462 0.010000
v 0.163741 0.132481 -0.010000
v 0.163741 0.132481 0.010000
v 0.163208 0.132541 -0.010000
v 0.163208 0.132541 0.010000
v 0.162699 0.132639 -0.010000
v 0.162699 0.132639 0.010000
v 0.162213 0.132777 -0.010000
v 0.162213 0.132777 0.010000
v 0.161751 0.132955 -0.010000
v 0.161751 0.132955 0.010000
v 0.161313 0.133172 -0.010000
v 0.161313 0.133172 0.010000
v 0.160899 0.133429 -0.010000
v 0.160899 0.133429 0.010000
v 0.160508 0.133725 -0.010000
v 0.160508 0.133725 0.010000
v 0.160141 0.134061 -0.010000
v 0.160141 0.134061 0.010000
v 0.159797 0.134436 -0.010000
v 0.159797 0.134436 0.010000
v 0.159477 0.134850 -0.010000
v 0.159477 0.134850 0.010000
v 0.159181 0.135304 -0.010000
v 0.159181 0.135304 0.010000
v 0.159181 0.138715 -0.010000
v 0.159181 0.138715 0.010000
v 0.150654 0.137010 -0.010000
v 0.150654 0.137010 0.010000
v 0.152561 0.133768 -0.010000
v 0.152561 0.133768 0.010000
v 0.154302 0.130109 -0.010000
v 0.154302 0.130109 0.010000
v 0.155877 0.126030 -0.010000
v 0.155877 0.126030 0.010000
v 0.157286 0.121534 -0.010000
v 0.157286 0.121534 0.010000
v 0.158530 0.116618 -0.010000
v 0.158530 0.116618 0.010000
v 0.159608 0.111285 -0.010000
v 0.159608 0.111285 0.010000
v 0.160520 0.105533 -0.010000
v 0.160520 0.105533 0.010000
v 0.161266 0.099362 -0.010000
v 0.161266 0.099362 0.010000
v 0.161846 0.092773 -0.010000
v 0.161846 0.092773 0.010000
v 0.162261 0.085765 -0.010000
v 0.162261 0.085765 0.010000
v 0.162509 0.078339 -0.010000
v 0.162509 0.078339 0.010000
v 0.162592 0.070495 -0.010000
v 0.162592 0.070495 0.010000
v 0.162586 0.069604 -0.010000
v 0.162586 0.069604 0.010000
v 0.162569 0.068639 -0.010000
v 0.162569 0.068639 0.010000
v 0.162539 0.067599 -0.010000
v 0.162539 0.067599 0.010000
v 0.162498 0.066483 -0.010000
v 0.162498 0.066483 0.010000
v 0.162444 0.065293 -0.010000
v 0.162444 0.065293 0.010000
v 0.162379 0.064028 -0.010000
v 0.162379 0.064028 0.010000
v 0.162302 0.062688 -0.010000
v 0.162302 0.062688 0.010000
v 0.162213 0.061272 -0.010000
v 0.162213 0.061272 0.010000
v 0.162113 0.059782 -0.010000
v 0.162113 0.059782 0.010000
v 0.162000 0.058216 -0.010000
v 0.162000 0.058216 0.010000
v 0.161876 0.056576 -0.010000
v 0.161876 0.056576 0.010000
v 0.161740 0.054861 -0.010000
v 0.161740 0.054861 0.010000
v 0.161603 0.053145 -0.010000
v 0.161603 0.053145 0.010000
v 0.161479 0.051505 -0.010000
v 0.161479 0.051505 0.010000
v 0.161367 0.049940 -0.010000
v 0.161367 0.049940 0.010000
v 0.161266 0.048449 -0.010000
v 0.161266 0.048449 0.010000
v 0.161177 0.047034 -0.010000
v 0.161177 0.047034 0.010000
v 0.161100 0.045694 -0.010000
v 0.161100 0.045694 0.010000
v 0.161035 0.044428 -0.010000
v 0.161035 0.044428 0.010000
v 0.160982 0.043238 -0.010000
v 0.160982 0.043238 0.010000
v 0.160940 0.042123 -0.010000
v 0.160940 0.042123 0.010000
v 0.160911 0.041082 -0.010000
v 0.160911 0.041082 0.010000
v 0.160893 0.040117 -0.010000
v 0.160893 0.040117 0.010000
v 0.160887 0.039227 -0.010000
v 0.160887 0.039227 0.010000
v 0.160907 0.037205 -0.010000
v 0.160907 0.037205 0.010000
v 0.160966 0.035121 -0.010000
v 0.160966 0.035121 0.010000
v 0.161065 0.032973 -0.010000
v 0.161065 0.032973 0.010000
v 0.161203 0.030762 -0.010000
v 0.161203 0.030762 0.010000
v 0.161380 0.028488 -0.010000
v 0.161380 0.028488 0.010000
v 0.161598 0.026151 -0.010000
v 0.161598 0.026151 0.010000
v 0.161854 0.023751 -0.010000
v 0.161854 0.023751 0.010000
v 0.162150 0.021287 -0.010000
v 0.162150 0.021287 0.010000
v 0.162486 0.018761 -0.010000
v 0.162486 0.018761 0.010000
v 0.162861 0.016171 -0.010000
v 0.162861 0.016171 0.010000
v 0.163275 0.013518 -0.010000
v 0.163275 0.013518 0.010000
v 0.163729 0.010802 -0.010000
v 0.163729 0.010802 0.010000
v 0.164093 0.019444 -0.010000
v 0.164093 0.019444 0.010000
v 0.164424 0.027367 -0.010000
v 0.164424 0.027367 0.010000
v 0.164724 0.034572 -0.010000
v 0.164724 0.034572 0.010000
v 0.164993 0.041059 -0.010000
v 0.164993 0.041059 0.010000
v 0.165230 0.046827 -0.010000
v 0.165230 0.046827 0.010000
v 0.165435 0.051876 -0.010000
v 0.165435 0.051876 0.010000
v 0.165609 0.056207 -0.010000
v 0.165609 0.056207 0.010000
v 0.165751 0.059819 -0.010000
v 0.165751 0.059819 0.010000
v 0.165861 0.062713 -0.010000
v 0.165861 0.062713 0.010000
v 0.165940 0.064889 -0.010000
v 0.165940 0.064889 0.010000
v 0.165988 0.066345 -0.010000
v 0.165988 0.066345 0.010000
vn -0.0000 -0.0000 1.0000
vn -0.0000 -0.0000 -1.0000
vn 0.9166 0.3999 -0.0000
vn 0.9151 0.4032 -0.0000
vn 0.9182 0.3961 -0.0000
vn 0.9202 0.3915 -0.0000
vn 0.9226 0.3858 -0.0000
vn 0.9202 0.3914 -0.0000
vn 0.9255 0.3787 -0.0000
vn 0.9292 0.3697 -0.0000
vn 0.9255 0.3788 -0.0000
vn 0.9339 0.3576 -0.0000
vn 0.9402 0.3406 -0.0000
vn 0.9491 0.3151 -0.0000
vn 0.9622 0.2724 -0.0000
vn 0.9825 0.1863 -0.0000
vn 0.9622 0.2723 -0.0000
vn 0.9999 0.0147 -0.0000
vn 0.9791 -0.2035 -0.0000
vn 0.9114 -0.4115 -0.0000
vn 0.8005 -0.5993 -0.0000
vn 0.6660 -0.7460 -0.0000
vn 0.5303 -0.8478 -0.0000
vn 0.4081 -0.9129 -0.0000
vn 0.3042 -0.9526 -0.0000
vn 0.2183 -0.9759 -0.0000
vn 0.1477 -0.9890 -0.0000
vn 0.0895 -0.9960 -0.0000
vn 0.0412 -0.9992 -0.0000
vn 0.0158 -0.9999 -0.0000
vn 0.0247 -0.9997 -0.0000
vn 0.0491 -0.9988 -0.0000
vn 0.0729 -0.9973 -0.0000
vn 0.0963 -0.9954 -0.0000
vn 0.1191 -0.9929 -0.0000
vn 0.1414 -0.9900 -0.0000
vn 0.1631 -0.9866 -0.0000
vn 0.1842 -0.9829 -0.0000
vn 0.2048 -0.9788 -0.0000
vn 0.2248 -0.9744 -0.0000
vn 0.2442 -0.9697 -0.0000
vn 0.0357 -0.9994 -0.0000
vn -0.1810 -0.9835 -0.0000
vn -0.1742 -0.9847 -0.0000
vn -0.1665 -0.9860 -0.0000
vn -0.1578 -0.9875 -0.0000
vn -0.1479 -0.9890 -0.0000
vn -0.1364 -0.9907 -0.0000
vn -0.1230 -0.9924 -0.0000
vn -0.1071 -0.9942 -0.0000
vn -0.0880 -0.9961 -0.0000
vn -0.0647 -0.9979 -0.0000
vn -0.0357 -0.9994 -0.0000
vn 0.2025 -0.9793 -0.0000
vn 0.6134 -0.7898 -0.0000
vn 0.8360 -0.5487 -0.0000
vn 0.9067 -0.4217 -0.0000
vn 0.8360 -0.5488 -0.0000
vn 0.9368 -0.3498 -0.0000
vn 0.9067 -0.4218 -0.0000
vn 0.9526 -0.3042 -0.0000
vn 0.9620 -0.2730 -0.0000
vn 0.9682 -0.2503 -0.0000
vn 0.9725 -0.2330 -0.0000
vn 0.9756 -0.2195 -0.0000
vn 0.9780 -0.2086 -0.0000
vn 0.9799 -0.1996 -0.0000
vn 0.9782 -0.2077 -0.0000
vn 0.9721 -0.2346 -0.0000
vn 0.9651 -0.2618 -0.0000
vn 0.9587 -0.2846 -0.0000
vn 0.9527 -0.3039 -0.0000
vn 0.9473 -0.3204 -0.0000
vn 0.9423 -0.3348 -0.0000
vn 0.9377 -0.3473 -0.0000
vn 0.9336 -0.3584 -0.0000
vn 0.9377 -0.3474 -0.0000
vn 0.9297 -0.3682 -0.0000
vn 0.9262 -0.3770 -0.0000
vn 0.9230 -0.3849 -0.0000
vn 0.9238 -0.3829 -0.0000
vn 0.9336 -0.3582 -0.0000
vn 0.9590 -0.2834 -0.0000
vn 0.9689 -0.2473 -0.0000
vn 0.9772 -0.2122 -0.0000
vn 0.9840 -0.1782 -0.0000
vn 0.9894 -0.1454 -0.0000
vn 0.9935 -0.1139 -0.0000
vn 0.9965 -0.0836 -0.0000
vn 0.9985 -0.0545 -0.0000
vn 0.9996 -0.0267 -0.0000
vn 1.0000 -0.0020 -0.0000
vn 0.9998 0.0174 -0.0000
vn 0.9995 0.0327 -0.0000
vn 0.9989 0.0459 -0.0000
vn 0.9983 0.0574 -0.0000
vn 0.9977 0.0676 -0.0000
vn 0.9971 0.0766 -0.0000
vn 0.9964 0.0846 -0.0000
vn 0.9958 0.0918 -0.0000
vn 0.9952 0.0983 -0.0000
vn 0.9946 0.1043 -0.0000
vn 0.9952 0.0984 -0.0000
vn 0.9940 0.1097 -0.0000
vn 0.9937 0.1122 -0.0000
vn 0.9940 0.1096 -0.0000
vn 0.9945 0.1043 -0.0000
vn 1.0000 0.0032 -0.0000
vn 1.0000 -0.0061 -0.0000
vn 1.0000 0.0031 -0.0000
vn 0.9999 -0.0127 -0.0000
vn 0.9998 -0.0201 -0.0000
vn 0.9996 -0.0282 -0.0000
vn 0.9993 -0.0373 -0.0000
vn 0.9989 -0.0475 -0.0000
vn 0.9983 -0.0591 -0.0000
vn 0.9974 -0.0723 -0.0000
vn 0.9962 -0.0874 -0.0000
vn 0.9945 -0.1051 -0.0000
vn 0.9921 -0.1258 -0.0000
vn 0.9892 -0.1467 -0.0000
vn 0.9857 -0.1685 -0.0000
vn 0.9815 -0.1914 -0.0000
vn 0.9773 -0.2117 -0.0000
vn 0.9732 -0.2300 -0.0000
vn 0.9692 -0.2465 -0.0000
vn 0.9652 -0.2613 -0.0000
vn 0.9692 -0.2464 -0.0000
vn 0.9615 -0.2749 -0.0000
vn 0.9579 -0.2872 -0.0000
vn 0.9544 -0.2985 -0.0000
vn 0.9511 -0.3089 -0.0000
vn 0.9479 -0.3185 -0.0000
vn 0.5818 -0.8133 -0.0000
vn -0.5991 -0.8007 -0.0000
vn -0.9601 -0.2797 -0.0000
vn -0.5991 -0.8006 -0.0000
vn -0.9616 -0.2745 -0.0000
vn -0.9633 -0.2684 -0.0000
vn -0.9653 -0.2611 -0.0000
vn -0.9677 -0.2522 -0.0000
vn -0.9705 -0.2412 -0.0000
vn -0.9738 -0.2273 -0.0000
vn -0.9779 -0.2090 -0.0000
vn -0.9829 -0.1839 -0.0000
vn -0.9890 -0.1476 -0.0000
vn -0.9959 -0.0904 -0.0000
vn -1.0000 0.0017 -0.0000
vn -0.9958 0.0912 -0.0000
vn -0.9899 0.1420 -0.0000
vn -0.9852 0.1712 -0.0000
vn -0.9817 0.1902 -0.0000
vn -0.9791 0.2035 -0.0000
vn -0.9770 0.2134 -0.0000
vn -0.9753 0.2210 -0.0000
vn -0.9739 0.2271 -0.0000
vn -0.9727 0.2320 -0.0000
vn -0.9717 0.2361 -0.0000
vn -0.9709 0.2395 -0.0000
vn -0.9926 0.1215 -0.0000
vn -1.0000 -0.0000 -0.0000
vn -0.9999 -0.0161 -0.0000
vn -0.9995 -0.0320 -0.0000
vn -0.9995 -0.0318 -0.0000
vn -0.9995 -0.0316 -0.0000
vn -0.9995 -0.0312 -0.0000
vn -0.9995 -0.0308 -0.0000
vn -0.9995 -0.0303 -0.0000
vn -0.9996 -0.0295 -0.0000
vn -0.9996 -0.0285 -0.0000
vn -0.9996 -0.0269 -0.0000
vn -0.9997 -0.0241 -0.0000
vn -0.9998 -0.0176 -0.0000
vn -1.0000 0.0082 -0.0000
vn -0.9982 0.0598 -0.0000
vn -0.9925 0.1222 -0.0000
vn -0.9824 0.1870 -0.0000
vn -0.9673 0.2535 -0.0000
vn -0.9472 0.3207 -0.0000
vn -0.9218 0.3877 -0.0000
vn -0.8914 0.4533 -0.0000
vn -0.8563 0.5165 -0.0000
vn -0.8172 0.5763 -0.0000
vn -0.7749 0.6321 -0.0000
vn -0.7302 0.6833 -0.0000
vn -0.7035 0.7107 -0.0000
vn -0.7218 0.6921 -0.0000
vn -0.7646 0.6445 -0.0000
vn -0.8069 0.5907 -0.0000
vn -0.8475 0.5308 -0.0000
vn -0.8854 0.4649 -0.0000
vn -0.9192 0.3937 -0.0000
vn -0.9481 0.3181 -0.0000
vn -0.9709 0.2394 -0.0000
vn -0.9873 0.1592 -0.0000
vn -0.9969 0.0790 -0.0000
vn -1.0000 0.0004 -0.0000
vn -0.6934 -0.7205 -0.0000
vn 0.0669 -0.9978 -0.0000
vn 0.2377 -0.9713 -0.0000
vn 0.4090 -0.9126 -0.0000
vn 0.5233 -0.8522 -0.0000
vn 0.6008 -0.7994 -0.0000
vn 0.6552 -0.7554 -0.0000
vn 0.6948 -0.7192 -0.0000
vn 0.7246 -0.6892 -0.0000
vn 0.7476 -0.6642 -0.0000
vn 0.7658 -0.6430 -0.0000
vn 0.7806 -0.6250 -0.0000
vn 0.7928 -0.6095 -0.0000
vn 0.7966 -0.6045 -0.0000
vn 0.7767 -0.6299 -0.0000
vn 0.7966 -0.6044 -0.0000
vn 0.7395 -0.6731 -0.0000
vn 0.7032 -0.7110 -0.0000
vn 0.6681 -0.7440 -0.0000
vn 0.6346 -0.7729 -0.0000
vn 0.6027 -0.7979 -0.0000
vn 0.6346 -0.7728 -0.0000
vn 0.5726 -0.8198 -0.0000
vn 0.5443 -0.8389 -0.0000
vn 0.5177 -0.8556 -0.0000
vn 0.4927 -0.8702 -0.0000
vn 0.4693 -0.8830 -0.0000
vn 0.2063 -0.9785 -0.0000
vn -0.1177 -0.9930 -0.0000
vn -0.2280 -0.9737 -0.0000
vn -0.3274 -0.9449 -0.0000
vn -0.4146 -0.9100 -0.0000
vn -0.4898 -0.8718 -0.0000
vn -0.5538 -0.8326 -0.0000
vn -0.6079 -0.7940 -0.0000
vn -0.6535 -0.7569 -0.0000
vn -0.6920 -0.7219 -0.0000
vn -0.7246 -0.6892 -0.0000
vn -0.7522 -0.6589 -0.0000
vn -0.7750 -0.6319 -0.0000
vn -0.7946 -0.6071 -0.0000
vn -0.8140 -0.5809 -0.0000
vn -0.8345 -0.5510 -0.0000
vn -0.8560 -0.5169 -0.0000
vn -0.8784 -0.4779 -0.0000
vn -0.9013 -0.4331 -0.0000
vn -0.9243 -0.3818 -0.0000
vn -0.9465 -0.3228 -0.0000
vn -0.9243 -0.3817 -0.0000
vn -0.9668 -0.2555 -0.0000
vn -0.9838 -0.1791 -0.0000
vn -0.9956 -0.0935 -0.0000
vn -0.9999 -0.0120 -0.0000
vn -0.9990 0.0448 -0.0000
vn -0.9966 0.0820 -0.0000
vn -0.9937 0.1125 -0.0000
vn -0.9905 0.1378 -0.0000
vn -0.9873 0.1591 -0.0000
vn -0.9842 0.1773 -0.0000
vn -0.9812 0.1930 -0.0000
vn -0.9784 0.2067 -0.0000
vn -0.9758 0.2186 -0.0000
vn -0.9734 0.2292 -0.0000
vn -0.9711 0.2387 -0.0000
vn -0.9690 0.2471 -0.0000
vn -0.9669 0.2551 -0.0000
vn -0.9646 0.2636 -0.0000
vn -0.9620 0.2731 -0.0000
vn -0.9590 0.2835 -0.0000
vn -0.9555 0.2951 -0.0000
vn -0.9513 0.3082 -0.0000
vn -0.9465 0.3228 -0.0000
vn -0.9406 0.3395 -0.0000
vn -0.9335 0.3586 -0.0000
vn -0.9247 0.3806 -0.0000
vn -0.9138 0.4062 -0.0000
vn -0.9823 -0.1874 -0.0000
vn -0.6726 -0.7400 -0.0000
vn -0.9823 -0.1875 -0.0000
vn -0.6407 -0.7678 -0.0000
vn -0.6119 -0.7910 -0.0000
vn -0.5859 -0.8104 -0.0000
vn -0.5623 -0.8269 -0.0000
vn -0.5410 -0.8410 -0.0000
vn -0.5217 -0.8531 -0.0000
vn -0.5041 -0.8637 -0.0000
vn -0.4880 -0.8728 -0.0000
vn -0.4733 -0.8809 -0.0000
vn -0.4598 -0.8880 -0.0000
vn 0.5913 -0.8065 -0.0000
vn 0.9983 -0.0580 -0.0000
vn 0.5913 -0.8064 -0.0000
vn 0.9670 -0.2546 -0.0000
vn 0.9758 -0.2185 -0.0000
vn 0.9670 -0.2547 -0.0000
vn 0.9804 -0.1969 -0.0000
vn 0.9832 -0.1826 -0.0000
vn 0.9804 -0.1970 -0.0000
vn 0.9850 -0.1723 -0.0000
vn 0.9864 -0.1646 -0.0000
vn 0.9873 -0.1586 -0.0000
vn 0.9881 -0.1538 -0.0000
vn 0.9887 -0.1499 -0.0000
vn 0.9892 -0.1466 -0.0000
vn 0.9896 -0.1438 -0.0000
vn 0.9872 0.1596 -0.0000
vn 0.7976 -0.6032 -0.0000
vn -0.2380 -0.9713 -0.0000
vn 0.7976 -0.6031 -0.0000
vn -0.3482 -0.9374 -0.0000
vn -0.4724 -0.8814 -0.0000
vn -0.6043 -0.7967 -0.0000
vn -0.7328 -0.6805 -0.0000
vn -0.8434 -0.5373 -0.0000
vn -0.9252 -0.3795 -0.0000
vn -0.9749 -0.2227 -0.0000
vn -0.9968 -0.0794 -0.0000
vn -0.9990 0.0444 -0.0000
vn -0.9890 0.1478 -0.0000
vn -0.3249 -0.9457 -0.0000
vn 0.8924 -0.4512 -0.0000
vn -0.3249 -0.9458 -0.0000
vn 0.8910 -0.4541 -0.0000
vn 0.8898 -0.4563 -0.0000
vn 0.8890 -0.4579 -0.0000
vn 0.8883 -0.4592 -0.0000
vn 0.8878 -0.4603 -0.0000
vn 0.8873 -0.4612 -0.0000
vn 0.8869 -0.4619 -0.0000
vn 0.8866 -0.4626 -0.0000
vn 0.8863 -0.4631 -0.0000
vn 0.8861 -0.4636 -0.0000
vn -0.2364 -0.9717 -0.0000
vn -1.0000 -0.0095 -0.0000
vn -0.9998 -0.0179 -0.0000
vn -0.9997 -0.0252 -0.0000
vn -0.9993 -0.0373 -0.0000
vn -0.9991 -0.0425 -0.0000
vn -0.9993 -0.0374 -0.0000
vn -0.9989 -0.0470 -0.0000
vn -0.9991 -0.0424 -0.0000
vn -0.9987 -0.0512 -0.0000
vn -0.9985 -0.0549 -0.0000
vn -0.9983 -0.0583 -0.0000
vn -0.9981 -0.0615 -0.0000
vn -0.9980 -0.0630 -0.0000
vn -0.9992 -0.0388 -0.0000
vn -0.9973 -0.0738 -0.0000
vn -0.9970 -0.0768 -0.0000
vn -0.9968 -0.0803 -0.0000
vn -0.9964 -0.0846 -0.0000
vn -0.9960 -0.0899 -0.0000
vn -0.9953 -0.0966 -0.0000
vn -0.9944 -0.1054 -0.0000
vn -0.9931 -0.1175 -0.0000
vn -0.9908 -0.1351 -0.0000
vn -0.9866 -0.1632 -0.0000
vn -0.9766 -0.2152 -0.0000
vn -0.0044 -1.0000 -0.0000
vn 0.9642 -0.2652 -0.0000
vn 0.9601 -0.2796 -0.0000
vn 0.9558 -0.2941 -0.0000
vn 0.9511 -0.3088 -0.0000
vn 0.9462 -0.3237 -0.0000
vn 0.9409 -0.3388 -0.0000
vn 0.9353 -0.3539 -0.0000
vn 0.9293 -0.3692 -0.0000
vn 0.9231 -0.3846 -0.0000
vn 0.9164 -0.4002 -0.0000
vn 0.9095 -0.4158 -0.0000
vn -0.2539 -0.9672 -0.0000
vn -0.9962 0.0874 -0.0000
vn -0.2540 -0.9672 -0.0000
vn -0.9941 0.1081 -0.0000
vn -0.9921 0.1251 -0.0000
vn -0.9903 0.1392 -0.0000
vn -0.9885 0.1511 -0.0000
vn -0.9869 0.1613 -0.0000
vn -0.9854 0.1701 -0.0000
vn -0.9841 0.1779 -0.0000
vn -0.9828 0.1846 -0.0000
vn -0.9841 0.1778 -0.0000
vn -0.9817 0.1907 -0.0000
vn -0.9806 0.1960 -0.0000
vn -0.2092 -0.9779 -0.0000
vn 0.9742 -0.2256 -0.0000
vn -0.2104 -0.9776 -0.0000
vn 0.9721 -0.2347 -0.0000
vn 0.9697 -0.2444 -0.0000
vn 0.9671 -0.2546 -0.0000
vn 0.9641 -0.2654 -0.0000
vn 0.9609 -0.2770 -0.0000
vn 0.9573 -0.2893 -0.0000
vn 0.9532 -0.3024 -0.0000
vn 0.9486 -0.3164 -0.0000
vn 0.9435 -0.3313 -0.0000
vn -0.1934 -0.9811 -0.0000
vn -0.9988 0.0483 -0.0000
vn -0.1935 -0.9811 -0.0000
vn -0.9960 0.0898 -0.0000
vn -0.9922 0.1248 -0.0000
vn -0.9880 0.1547 -0.0000
vn -0.9836 0.1805 -0.0000
vn -0.9792 0.2029 -0.0000
vn -0.9749 0.2225 -0.0000
vn -0.9708 0.2397 -0.0000
vn -0.9632 0.2687 -0.0000
vn -0.9597 0.2810 -0.0000
vn -0.9580 0.2867 -0.0000
vn -0.9599 0.2804 -0.0000
vn -0.9636 0.2675 -0.0000
vn -0.9674 0.2532 -0.0000
vn -0.9715 0.2372 -0.0000
vn -0.9756 0.2194 -0.0000
vn -0.9799 0.1993 -0.0000
vn -0.9843 0.1765 -0.0000
vn -0.9886 0.1506 -0.0000
vn -0.9927 0.1208 -0.0000
vn -0.9963 0.0863 -0.0000
vn -0.9989 0.0461 -0.0000
vn -0.9999 -0.0148 -0.0000
vn -0.9996 -0.0275 -0.0000
vn -0.9993 -0.0382 -0.0000
vn -0.9989 -0.0474 -0.0000
vn -0.9985 -0.0553 -0.0000
vn -0.9981 -0.0623 -0.0000
vn -0.9977 -0.0684 -0.0000
vn -0.9969 -0.0786 -0.0000
vn -0.9966 -0.0830 -0.0000
vn -0.9962 -0.0869 -0.0000
vn -0.9965 -0.0830 -0.0000
vn -0.9990 -0.0444 -0.0000
vn -0.1098 -0.9940 -0.0000
vn 0.9742 -0.2258 -0.0000
vn -0.1096 -0.9940 -0.0000
vn 0.9708 -0.2399 -0.0000
vn 0.9677 -0.2522 -0.0000
vn 0.9648 -0.2630 -0.0000
vn 0.9622 -0.2724 -0.0000
vn 0.9598 -0.2808 -0.0000
vn 0.9575 -0.2883 -0.0000
vn 0.9555 -0.2950 -0.0000
vn 0.9536 -0.3011 -0.0000
vn 0.9518 -0.3066 -0.0000
vn 0.9502 -0.3116 -0.0000
vn -0.1590 -0.9873 -0.0000
vn -1.0000 0.0071 -0.0000
vn -0.9996 0.0298 -0.0000
vn -0.9980 0.0629 -0.0000
vn -0.9950 0.1001 -0.0000
vn -0.9898 0.1421 -0.0000
vn -0.9818 0.1897 -0.0000
vn -0.9699 0.2435 -0.0000
vn -0.9526 0.3043 -0.0000
vn -0.9280 0.3726 -0.0000
vn -0.8938 0.4485 -0.0000
vn -0.8472 0.5313 -0.0000
vn -0.7854 0.6190 -0.0000
vn -0.8866 0.4626 -0.0000
vn -0.9737 0.2278 -0.0000
vn -0.9772 0.2123 -0.0000
vn -0.9839 0.1788 -0.0000
vn -0.9870 0.1606 -0.0000
vn -0.9900 0.1413 -0.0000
vn -0.9927 0.1209 -0.0000
vn -0.9951 0.0994 -0.0000
vn -0.9971 0.0765 -0.0000
vn -0.9986 0.0524 -0.0000
vn -0.9996 0.0268 -0.0000
vn -1.0000 0.0068 -0.0000
vn -0.1661 -0.9861 -0.0000
vn -1.0000 0.0069 -0.0000
vn 0.9447 -0.3281 -0.0000
vn 0.9443 -0.3290 -0.0000
vn 0.9440 -0.3299 -0.0000
vn 0.9437 -0.3309 -0.0000
vn 0.9433 -0.3319 -0.0000
vn 0.9430 -0.3328 -0.0000
vn 0.9426 -0.3338 -0.0000
vn 0.9420 -0.3357 -0.0000
vn 0.9416 -0.3367 -0.0000
vn 0.9412 -0.3377 -0.0000
vn -0.3245 -0.9459 -0.0000
vn -0.9520 0.3062 -0.0000
vn -0.3251 -0.9457 -0.0000
vn -0.9548 0.2974 -0.0000
vn -0.9571 0.2898 -0.0000
vn -0.9591 0.2831 -0.0000
vn -0.9608 0.2772 -0.0000
vn -0.9623 0.2720 -0.0000
vn -0.9636 0.2674 -0.0000
vn -0.9647 0.2632 -0.0000
vn -0.9658 0.2594 -0.0000
vn -0.9667 0.2559 -0.0000
vn -0.9675 0.2528 -0.0000
vn -0.9851 0.1718 -0.0000
vn -0.9954 0.0963 -0.0000
vn -0.9944 0.1058 -0.0000
vn -0.9935 0.1141 -0.0000
vn -0.9926 0.1213 -0.0000
vn -0.9918 0.1277 -0.0000
vn -0.9911 0.1333 -0.0000
vn -0.9904 0.1384 -0.0000
vn -0.9897 0.1430 -0.0000
vn -0.9891 0.1471 -0.0000
vn -0.9886 0.1508 -0.0000
vn -0.9880 0.1543 -0.0000
vn -0.9889 0.1487 -0.0000
vn -0.9981 0.0620 -0.0000
vn -0.9994 -0.0357 -0.0000
vn -0.9975 -0.0712 -0.0000
vn -0.9943 -0.1065 -0.0000
vn -0.9900 -0.1414 -0.0000
vn -0.9844 -0.1757 -0.0000
vn -0.9778 -0.2095 -0.0000
vn -0.9702 -0.2425 -0.0000
vn -0.9615 -0.2746 -0.0000
vn -0.9521 -0.3059 -0.0000
vn -0.9418 -0.3362 -0.0000
vn -0.9308 -0.3656 -0.0000
vn 0.0419 -0.9991 -0.0000
vn 0.9535 -0.3014 -0.0000
vn 0.0418 -0.9991 -0.0000
vn 0.9534 -0.3016 -0.0000
vn 0.9534 -0.3018 -0.0000
vn 0.9533 -0.3020 -0.0000
vn 0.9532 -0.3022 -0.0000
vn 0.9531 -0.3025 -0.0000
vn 0.9531 -0.3027 -0.0000
vn 0.9530 -0.3028 -0.0000
vn 0.9530 -0.3030 -0.0000
vn 0.9530 -0.3031 -0.0000
vn -0.1636 -0.9865 -0.0000
vn -0.9992 0.0396 -0.0000
vn -0.1635 -0.9865 -0.0000
vn -0.9971 0.0763 -0.0000
vn -0.9939 0.1101 -0.0000
vn -0.9900 0.1411 -0.0000
vn -0.9855 0.1696 -0.0000
vn -0.9806 0.1959 -0.0000
vn -0.9755 0.2200 -0.0000
vn -0.9702 0.2423 -0.0000
vn -0.9648 0.2629 -0.0000
vn -0.9594 0.2820 -0.0000
vn -0.9540 0.2997 -0.0000
vn -0.9508 0.3098 -0.0000
vn -0.9503 0.3114 -0.0000
vn -0.9503 0.3115 -0.0000
vn -0.9502 0.3116 -0.0000
vn -0.9502 0.3117 -0.0000
vn -0.9502 0.3118 -0.0000
vn -0.9501 0.3119 -0.0000
vn -0.9500 0.3122 -0.0000
vn -0.9499 0.3125 -0.0000
vn -0.9497 0.3130 -0.0000
vn -0.9494 0.3141 -0.0000
vn -0.9616 0.2744 -0.0000
vn -0.9745 0.2242 -0.0000
vn -0.9786 0.2056 -0.0000
vn -0.9825 0.1865 -0.0000
vn -0.9859 0.1671 -0.0000
vn -0.9891 0.1473 -0.0000
vn -0.9919 0.1271 -0.0000
vn -0.9943 0.1066 -0.0000
vn -0.9963 0.0859 -0.0000
vn -0.9943 0.1067 -0.0000
vn -0.9979 0.0648 -0.0000
vn -0.9991 0.0434 -0.0000
vn -0.9998 0.0218 -0.0000
vn -1.0000 0.0081 -0.0000
vn -0.9999 0.0104 -0.0000
vn -0.9998 0.0208 -0.0000
vn -0.9995 0.0312 -0.0000
vn -0.9991 0.0416 -0.0000
vn -0.9986 0.0520 -0.0000
vn -0.9981 0.0624 -0.0000
vn -0.9974 0.0727 -0.0000
vn -0.9965 0.0830 -0.0000
vn -0.9956 0.0933 -0.0000
vn -0.9946 0.1036 -0.0000
vn -0.9935 0.1138 -0.0000
vn -0.9603 0.2790 -0.0000
vn -0.8968 0.4425 -0.0000
vn -0.8866 0.4625 -0.0000
vn -0.8775 0.4795 -0.0000
vn -0.8694 0.4941 -0.0000
vn -0.8621 0.5067 -0.0000
vn -0.8556 0.5176 -0.0000
vn -0.8497 0.5273 -0.0000
vn -0.8443 0.5359 -0.0000
vn -0.8394 0.5436 -0.0000
vn -0.8349 0.5504 -0.0000
vn -0.8308 0.5566 -0.0000
vn -0.4693 0.8831 -0.0000
vn -0.2060 0.9785 -0.0000
vn -0.4347 0.9006 -0.0000
vn -0.4961 0.8683 -0.0000
vn -0.5546 0.8321 -0.0000
vn -0.6096 0.7927 -0.0000
vn -0.6604 0.7509 -0.0000
vn -0.6095 0.7928 -0.0000
vn -0.7069 0.7073 -0.0000
vn -0.7488 0.6628 -0.0000
vn -0.7861 0.6181 -0.0000
vn -0.8190 0.5738 -0.0000
vn -0.8478 0.5303 -0.0000
vn -0.8728 0.4882 -0.0000
vn -0.9195 0.3931 -0.0000
vn -0.8728 0.4881 -0.0000
vn -0.7349 0.6781 -0.0000
vn -0.3890 0.9212 -0.0000
vn -0.3847 0.9231 -0.0000
vn -0.3808 0.9247 -0.0000
vn -0.3773 0.9261 -0.0000
vn -0.3742 0.9273 -0.0000
vn -0.3714 0.9285 -0.0000
vn -0.3689 0.9295 -0.0000
vn -0.3665 0.9304 -0.0000
vn -0.3644 0.9312 -0.0000
vn -0.3666 0.9304 -0.0000
vn -0.3625 0.9320 -0.0000
vn -0.3607 0.9327 -0.0000
vn -0.6370 0.7709 -0.0000
vn -0.8381 0.5455 -0.0000
vn -0.8149 0.5795 -0.0000
vn -0.7867 0.6174 -0.0000
vn -0.7519 0.6593 -0.0000
vn -0.7087 0.7055 -0.0000
vn -0.6550 0.7556 -0.0000
vn -0.5882 0.8087 -0.0000
vn -0.5054 0.8629 -0.0000
vn -0.4045 0.9146 -0.0000
vn -0.2845 0.9587 -0.0000
vn -0.1477 0.9890 -0.0000
vn 0.1364 0.9907 -0.0000
vn 0.3379 0.9412 -0.0000
vn 0.3295 0.9442 -0.0000
vn 0.3203 0.9473 -0.0000
vn 0.3103 0.9506 -0.0000
vn 0.2993 0.9542 -0.0000
vn 0.2872 0.9579 -0.0000
vn 0.2738 0.9618 -0.0000
vn 0.2589 0.9659 -0.0000
vn 0.2423 0.9702 -0.0000
vn 0.2236 0.9747 -0.0000
vn 0.2025 0.9793 -0.0000
vn 0.9908 0.1352 -0.0000
vn 0.9999 0.0103 -0.0000
vn 0.4103 0.9120 -0.0000
vn 0.9999 0.0104 -0.0000
vn 0.3736 0.9276 -0.0000
vn 0.4102 0.9120 -0.0000
vn 0.3376 0.9413 -0.0000
vn 0.3024 0.9532 -0.0000
vn 0.2681 0.9634 -0.0000
vn 0.2348 0.9720 -0.0000
vn 0.2026 0.9793 -0.0000
vn 0.1715 0.9852 -0.0000
vn 0.1416 0.9899 -0.0000
vn 0.1128 0.9936 -0.0000
vn 0.0853 0.9964 -0.0000
vn 0.1053 0.9944 -0.0000
vn 0.1694 0.9855 -0.0000
vn 0.2224 0.9749 -0.0000
vn 0.2621 0.9651 -0.0000
vn 0.2927 0.9562 -0.0000
vn 0.3170 0.9484 -0.0000
vn 0.3367 0.9416 -0.0000
vn 0.3530 0.9356 -0.0000
vn 0.3666 0.9304 -0.0000
vn 0.3783 0.9257 -0.0000
vn 0.3883 0.9215 -0.0000
vn 0.3970 0.9178 -0.0000
vn 0.4045 0.9145 -0.0000
vn 0.4115 0.9114 -0.0000
vn 0.4190 0.9080 -0.0000
vn 0.4275 0.9040 -0.0000
vn 0.4371 0.8994 -0.0000
vn 0.4481 0.8940 -0.0000
vn 0.4609 0.8874 -0.0000
vn 0.4759 0.8795 -0.0000
vn 0.4937 0.8696 -0.0000
vn 0.5151 0.8571 -0.0000
vn 0.5413 0.8408 -0.0000
vn 0.5740 0.8188 -0.0000
vn 0.0849 0.9964 -0.0000
vn 0.5741 0.8188 -0.0000
vn 0.1153 0.9933 -0.0000
vn 0.6475 0.7621 -0.0000
vn 0.6665 0.7455 -0.0000
vn 0.6913 0.7226 -0.0000
vn 0.7186 0.6955 -0.0000
vn 0.7486 0.6631 -0.0000
vn 0.7814 0.6241 -0.0000
vn 0.8169 0.5768 -0.0000
vn 0.8547 0.5191 -0.0000
vn 0.8938 0.4486 -0.0000
vn 0.9319 0.3626 -0.0000
vn 0.9659 0.2591 -0.0000
vn 0.9906 0.1371 -0.0000
vn 0.9621 0.2729 -0.0000
vn 0.8570 0.5153 -0.0000
vn 0.9620 0.2729 -0.0000
vn 0.8158 0.5784 -0.0000
vn 0.8569 0.5154 -0.0000
vn 0.8027 0.5964 -0.0000
vn 0.8157 0.5784 -0.0000
vn 0.7961 0.6051 -0.0000
vn 0.7921 0.6104 -0.0000
vn 0.7894 0.6138 -0.0000
vn 0.7875 0.6163 -0.0000
vn 0.7861 0.6182 -0.0000
vn 0.7849 0.6196 -0.0000
vn 0.7840 0.6208 -0.0000
vn 0.7832 0.6217 -0.0000
vn 0.7970 0.6040 -0.0000
vn 0.8218 0.5698 -0.0000
vn 0.8441 0.5361 -0.0000
vn 0.8670 0.4983 -0.0000
vn 0.8901 0.4558 -0.0000
vn 0.9130 0.4081 -0.0000
vn 0.9350 0.3546 -0.0000
vn 0.9555 0.2950 -0.0000
vn 0.9734 0.2291 -0.0000
vn 0.9876 0.1570 -0.0000
vn 0.9969 0.0789 -0.0000
vn 0.9876 0.1569 -0.0000
vn 1.0000 -0.0042 -0.0000
vn 0.7235 0.6904 -0.0000
vn -0.9998 0.0202 -0.0000
vn -0.8749 -0.4843 -0.0000
vn -0.9998 0.0200 -0.0000
vn -0.5764 0.8172 -0.0000
vn -0.1519 0.9884 -0.0000
vn -0.5763 0.8172 -0.0000
vn -0.1195 0.9928 -0.0000
vn -0.1067 0.9943 -0.0000
vn -0.0998 0.9950 -0.0000
vn -0.0954 0.9954 -0.0000
vn -0.0924 0.9957 -0.0000
vn -0.0902 0.9959 -0.0000
vn -0.0885 0.9961 -0.0000
vn -0.0872 0.9962 -0.0000
vn -0.9990 -0.0439 -0.0000
vn -0.0000 -1.0000 -0.0000
vn -0.9991 -0.0434 -0.0000
vn -0.7215 -0.6924 -0.0000
vn -0.9966 0.0824 -0.0000
vn -0.7217 -0.6922 -0.0000
vn -0.9865 0.1638 -0.0000
vn -0.9965 0.0831 -0.0000
vn -0.9703 0.2420 -0.0000
vn -0.9865 0.1640 -0.0000
vn -0.9489 0.3156 -0.0000
vn -0.9234 0.3839 -0.0000
vn -0.9488 0.3158 -0.0000
vn -0.8948 0.4465 -0.0000
vn -0.9233 0.3841 -0.0000
vn -0.8642 0.5032 -0.0000
vn -0.8947 0.4467 -0.0000
vn -0.8324 0.5541 -0.0000
vn -0.8641 0.5033 -0.0000
vn -0.8004 0.5995 -0.0000
vn -0.8324 0.5542 -0.0000
vn -0.7687 0.6396 -0.0000
vn -0.8003 0.5996 -0.0000
vn -0.7369 0.6760 -0.0000
vn -0.7684 0.6399 -0.0000
vn -0.5584 0.8296 -0.0000
vn -0.7370 0.6759 -0.0000
vn -0.3528 0.9357 -0.0000
vn -0.5586 0.8294 -0.0000
vn -0.3164 0.9486 -0.0000
vn -0.2805 0.9599 -0.0000
vn -0.2453 0.9694 -0.0000
vn -0.2110 0.9775 -0.0000
vn -0.1776 0.9841 -0.0000
vn -0.1453 0.9894 -0.0000
vn -0.1140 0.9935 -0.0000
vn -0.0838 0.9965 -0.0000
vn -0.0548 0.9985 -0.0000
vn -0.0269 0.9996 -0.0000
vn 0.0244 0.9997 -0.0000
vn 0.1182 0.9930 -0.0000
vn 0.2225 0.9749 -0.0000
vn 0.3111 0.9504 -0.0000
vn 0.3855 0.9227 -0.0000
vn 0.4475 0.8943 -0.0000
vn 0.4994 0.8664 -0.0000
vn 0.5429 0.8398 -0.0000
vn 0.5796 0.8149 -0.0000
vn 0.6108 0.7918 -0.0000
vn 0.6374 0.7705 -0.0000
vn 0.6603 0.7510 -0.0000
vn 0.7185 0.6956 -0.0000
vn 0.7998 0.6003 -0.0000
vn 0.8492 0.5281 -0.0000
vn 0.8721 0.4894 -0.0000
vn 0.8851 0.4654 -0.0000
vn 0.8935 0.4490 -0.0000
vn 0.8994 0.4371 -0.0000
vn 0.9038 0.4280 -0.0000
vn 0.9071 0.4210 -0.0000
vn 0.9097 0.4153 -0.0000
vn 0.9118 0.4106 -0.0000
vn 0.9136 0.4066 -0.0000
vn -0.0763 0.9971 -0.0000
vn 0.0224 0.9998 -0.0000
vn -0.1534 0.9882 -0.0000
vn -0.2304 0.9731 -0.0000
vn -0.3059 0.9521 -0.0000
vn -0.3784 0.9256 -0.0000
vn -0.4469 0.8946 -0.0000
vn -0.5105 0.8598 -0.0000
vn -0.5688 0.8225 -0.0000
vn -0.5106 0.8598 -0.0000
vn -0.6215 0.7834 -0.0000
vn -0.6686 0.7436 -0.0000
vn -0.7103 0.7039 -0.0000
vn -0.9775 0.2109 -0.0000
vn -0.9417 -0.3363 -0.0000
vn -0.9318 -0.3631 -0.0000
vn -0.9418 -0.3363 -0.0000
vn -0.9220 -0.3872 -0.0000
vn -0.9318 -0.3630 -0.0000
vn -0.9125 -0.4091 -0.0000
vn -0.9033 -0.4289 -0.0000
vn -0.8945 -0.4470 -0.0000
vn -0.8861 -0.4636 -0.0000
vn -0.8780 -0.4787 -0.0000
vn -0.8702 -0.4926 -0.0000
vn -0.8629 -0.5054 -0.0000
vn -0.8558 -0.5173 -0.0000
vn -0.8526 -0.5226 -0.0000
vn -0.8540 -0.5204 -0.0000
vn -0.8565 -0.5162 -0.0000
vn -0.8592 -0.5116 -0.0000
vn -0.8623 -0.5063 -0.0000
vn -0.8658 -0.5004 -0.0000
vn -0.8698 -0.4935 -0.0000
vn -0.8743 -0.4855 -0.0000
vn -0.8794 -0.4761 -0.0000
vn -0.8854 -0.4648 -0.0000
vn -0.8924 -0.4512 -0.0000
vn -0.9007 -0.4344 -0.0000
vn 0.2638 -0.9646 -0.0000
vn 0.9959 0.0902 -0.0000
vn 0.9967 0.0811 -0.0000
vn 0.9974 0.0721 -0.0000
vn 0.9967 0.0810 -0.0000
vn 0.9980 0.0634 -0.0000
vn 0.9985 0.0548 -0.0000
vn 0.9989 0.0465 -0.0000
vn 0.9993 0.0383 -0.0000
vn 0.9995 0.0303 -0.0000
vn 0.9997 0.0225 -0.0000
vn 0.9999 0.0148 -0.0000
vn 1.0000 0.0074 -0.0000
vn 1.0000 0.0018 -0.0000
vn 1.0000 0.0073 -0.0000
vn 1.0000 -0.0031 -0.0000
vn 0.9999 -0.0132 -0.0000
vn 0.9996 -0.0277 -0.0000
vn 0.9999 -0.0131 -0.0000
vn 0.9990 -0.0441 -0.0000
vn 0.9980 -0.0627 -0.0000
vn 0.9965 -0.0840 -0.0000
vn 0.9941 -0.1086 -0.0000
vn 0.9906 -0.1371 -0.0000
vn 0.9853 -0.1707 -0.0000
vn 0.9776 -0.2106 -0.0000
vn 0.9660 -0.2584 -0.0000
vn 0.9487 -0.3163 -0.0000
vn 0.8883 0.4593 -0.0000
vn 0.9487 -0.3162 -0.0000
vn 0.2570 0.9664 -0.0000
vn 0.2544 0.9671 -0.0000
vn 0.2514 0.9679 -0.0000
vn 0.2477 0.9688 -0.0000
vn 0.2431 0.9700 -0.0000
vn 0.2372 0.9715 -0.0000
vn 0.2294 0.9733 -0.0000
vn 0.2184 0.9759 -0.0000
vn 0.2020 0.9794 -0.0000
vn 0.1748 0.9846 -0.0000
vn 0.1200 0.9928 -0.0000
vn -0.4929 0.8701 -0.0000
vn 0.6823 0.7311 -0.0000
vn -0.5856 0.8106 -0.0000
vn -0.6694 0.7429 -0.0000
vn -0.7422 0.6702 -0.0000
vn -0.8033 0.5955 -0.0000
vn -0.8531 0.5217 -0.0000
vn -0.8926 0.4508 -0.0000
vn -0.9232 0.3842 -0.0000
vn -0.9465 0.3226 -0.0000
vn -0.9639 0.2662 -0.0000
vn -0.9766 0.2149 -0.0000
vn -0.9957 -0.0925 -0.0000
vn -0.9226 -0.3857 -0.0000
vn -0.9065 -0.4221 -0.0000
vn -0.8876 -0.4607 -0.0000
vn -0.9066 -0.4221 -0.0000
vn -0.8652 -0.5014 -0.0000
vn -0.8390 -0.5442 -0.0000
vn -0.8084 -0.5886 -0.0000
vn -0.8390 -0.5441 -0.0000
vn -0.7731 -0.6343 -0.0000
vn -0.8085 -0.5886 -0.0000
vn -0.7325 -0.6808 -0.0000
vn -0.6863 -0.7273 -0.0000
vn -0.6344 -0.7730 -0.0000
vn -0.5770 -0.8168 -0.0000
vn 0.3104 -0.9506 -0.0000
vn 0.9346 -0.3557 -0.0000
vn 0.9331 -0.3597 -0.0000
vn 0.9317 -0.3632 -0.0000
vn 0.9305 -0.3662 -0.0000
vn 0.9295 -0.3689 -0.0000
vn 0.9285 -0.3714 -0.0000
vn 0.9276 -0.3735 -0.0000
vn 0.9268 -0.3755 -0.0000
vn 0.9261 -0.3773 -0.0000
vn 0.9254 -0.3789 -0.0000
vn 0.9248 -0.3804 -0.0000
vn -0.9940 0.1094 -0.0000
vn -0.9982 0.0602 -0.0000
vn -0.9914 0.1307 -0.0000
vn -0.9882 0.1529 -0.0000
vn -0.9844 0.1762 -0.0000
vn -0.9797 0.2004 -0.0000
vn -0.9742 0.2258 -0.0000
vn -0.9677 0.2522 -0.0000
vn -0.9601 0.2796 -0.0000
vn -0.9513 0.3081 -0.0000
vn -0.9413 0.3377 -0.0000
vn -0.9297 0.3683 -0.0000
vn -0.9915 -0.1301 -0.0000
vn -0.7871 -0.6168 -0.0000
vn -0.7754 -0.6314 -0.0000
vn -0.7651 -0.6439 -0.0000
vn -0.7558 -0.6548 -0.0000
vn -0.7475 -0.6642 -0.0000
vn -0.7400 -0.6726 -0.0000
vn -0.7333 -0.6800 -0.0000
vn -0.7271 -0.6865 -0.0000
vn -0.7215 -0.6925 -0.0000
vn -0.7163 -0.6978 -0.0000
vn -0.7214 -0.6925 -0.0000
vn -0.7115 -0.7026 -0.0000
vn -0.1001 -0.9950 -0.0000
vn 0.2898 -0.9571 -0.0000
vn -0.0177 -0.9998 -0.0000
vn -0.0730 -0.9973 -0.0000
vn -0.1505 -0.9886 -0.0000
vn -0.2322 -0.9727 -0.0000
vn -0.3167 -0.9485 -0.0000
vn -0.4019 -0.9157 -0.0000
vn -0.3166 -0.9485 -0.0000
vn -0.4857 -0.8741 -0.0000
vn -0.5658 -0.8246 -0.0000
vn -0.6399 -0.7684 -0.0000
vn -0.5657 -0.8246 -0.0000
vn -0.7068 -0.7075 -0.0000
vn -0.7653 -0.6437 -0.0000
vn -0.7068 -0.7074 -0.0000
vn -0.8153 -0.5790 -0.0000
vn -0.7653 -0.6436 -0.0000
vn -0.9585 -0.2849 -0.0000
vn -0.6340 -0.7733 -0.0000
vn -0.9585 -0.2850 -0.0000
vn 0.9128 -0.4085 -0.0000
vn 0.8833 0.4688 -0.0000
vn 0.9186 0.3952 -0.0000
vn 0.9440 0.3299 -0.0000
vn 0.9751 0.2217 -0.0000
vn 0.9841 0.1774 -0.0000
vn 0.9904 0.1383 -0.0000
vn 0.9946 0.1039 -0.0000
vn 0.9973 0.0734 -0.0000
vn 0.9989 0.0463 -0.0000
vn 0.9998 0.0220 -0.0000
vn 1.0000 0.0020 -0.0000
vn 0.9999 -0.0125 -0.0000
vn 0.9997 -0.0234 -0.0000
vn 0.9995 -0.0328 -0.0000
vn 0.9992 -0.0409 -0.0000
vn 0.9988 -0.0481 -0.0000
vn 0.9985 -0.0544 -0.0000
vn 0.9982 -0.0600 -0.0000
vn 0.9979 -0.0650 -0.0000
vn 0.9976 -0.0695 -0.0000
vn 0.9973 -0.0737 -0.0000
vn 0.9970 -0.0774 -0.0000
vn 0.9973 -0.0736 -0.0000
vn 0.9969 -0.0792 -0.0000
vn 0.9969 -0.0791 -0.0000
vn 1.0000 0.0016 -0.0000
vn 0.9998 0.0191 -0.0000
vn 1.0000 0.0015 -0.0000
vn 0.9993 0.0372 -0.0000
vn 0.9985 0.0541 -0.0000
vn 0.9975 0.0701 -0.0000
vn 0.9964 0.0852 -0.0000
vn 0.9950 0.0994 -0.0000
vn 0.9936 0.1128 -0.0000
vn 0.9921 0.1255 -0.0000
vn 0.9905 0.1375 -0.0000
vn 0.9889 0.1488 -0.0000
vn 0.9889 0.1489 -0.0000
vn -0.0618 0.9981 -0.0000
vn -0.9991 0.0419 -0.0000
vn -0.0616 0.9981 -0.0000
vn -0.9991 0.0417 -0.0000
vn -0.9991 0.0415 -0.0000
vn -0.9992 0.0412 -0.0000
vn -0.9992 0.0408 -0.0000
vn -0.9992 0.0403 -0.0000
vn -0.9992 0.0397 -0.0000
vn -0.9992 0.0387 -0.0000
vn -0.9993 0.0372 -0.0000
vn -0.9994 0.0344 -0.0000
vn -0.9996 0.0270 -0.0000
vn -0.9996 0.0269 -0.0000
vt 0.635735 0.000000
vt 0.637710 0.000000
vt 0.636723 0.000000
vt 0.634748 0.000000
vt 0.633761 0.000000
vt 0.638697 0.000000
vt 0.632774 0.000000
vt 0.639684 0.000000
vt 0.631787 0.000000
vt 0.640671 0.000000
vt 0.630800 0.000000
vt 0.641658 0.000000
vt 0.642646 0.000000
vt 0.629812 0.000000
vt 0.643633 0.000000
vt 0.644620 0.000000
vt 0.628825 0.000000
vt 0.645607 0.000000
vt 0.646594 0.000000
vt 0.647581 0.000000
vt 0.648569 0.000000
vt 0.627838 0.000000
vt 0.649556 0.000000
vt 0.650543 0.000000
vt 0.651530 0.000000
vt 0.626851 0.000000
vt 0.652517 0.000000
vt 0.653504 0.000000
vt 0.654492 0.000000
vt 0.625864 0.000000
vt 0.655479 0.000000
vt 0.656466 0.000000
vt 0.657453 0.000000
vt 0.658440 0.000000
vt 0.659427 0.000000
vt 0.660415 0.000000
vt 0.661402 0.000000
vt 0.624877 0.000000
vt 0.662389 0.000000
vt 0.663376 0.000000
vt 0.664363 0.000000
vt 0.665350 0.000000
vt 0.666338 0.000000
vt 0.623889 0.000000
vt 0.667325 0.000000
vt 0.622902 0.000000
vt 0.668312 0.000000
vt 0.621915 0.000000
vt 0.620928 0.000000
vt 0.669299 0.000000
vt 0.619941 0.000000
vt 0.618954 0.000000
vt 0.670286 0.000000
vt 0.617966 0.000000
vt 0.616979 0.000000
vt 0.671273 0.000000
vt 0.615992 0.000000
vt 0.615005 0.000000
vt 0.614018 0.000000
vt 0.672261 0.000000
vt 0.613031 0.000000
vt 0.612043 0.000000
vt 0.673248 0.000000
vt 0.674235 0.000000
vt 0.675222 0.000000
vt 0.611056 0.000000
vt 0.610069 0.000000
vt 0.676209 0.000000
vt 0.609082 0.000000
vt 0.608095 0.000000
vt 0.607108 0.000000
vt 0.677196 0.000000
vt 0.606120 0.000000
vt 0.605133 0.000000
vt 0.604146 0.000000
vt 0.678184 0.000000
vt 0.603159 0.000000
vt 0.602172 0.000000
vt 0.601185 0.000000
vt 0.679171 0.000000
vt 0.600197 0.000000
vt 0.598223 0.000000
vt 0.599210 0.000000
vt 0.680158 0.000000
vt 0.681145 0.000000
vt 0.597236 0.000000
vt 0.682132 0.000000
vt 0.685094 0.000000
vt 0.687068 0.000000
vt 0.686081 0.000000
vt 0.683119 0.000000
vt 0.684107 0.000000
vt 0.596249 0.000000
vt 0.688055 0.000000
vt 0.595262 0.000000
vt 0.594274 0.000000
vt 0.593287 0.000000
vt 0.689042 0.000000
vt 0.592300 0.000000
vt 0.591313 0.000000
vt 0.590326 0.000000
vt 0.690030 0.000000
vt 0.589339 0.000000
vt 0.588351 0.000000
vt 0.587364 0.000000
vt 0.691017 0.000000
vt 0.586377 0.000000
vt 0.585390 0.000000
vt 0.692004 0.000000
vt 0.584403 0.000000
vt 0.692991 0.000000
vt 0.583416 0.000000
vt 0.582428 0.000000
vt 0.693978 0.000000
vt 0.581441 0.000000
vt 0.694965 0.000000
vt 0.580454 0.000000
vt 0.695953 0.000000
vt 0.579467 0.000000
vt 0.578480 0.000000
vt 0.696940 0.000000
vt 0.577493 0.000000
vt 0.697927 0.000000
vt 0.576505 0.000000
vt 0.698914 0.000000
vt 0.575518 0.000000
vt 0.699901 0.000000
vt 0.700888 0.000000
vt 0.701876 0.000000
vt 0.574531 0.000000
vt 0.702863 0.000000
vt 0.703850 0.000000
vt 0.704837 0.000000
vt 0.573544 0.000000
vt 0.705824 0.000000
vt 0.706811 0.000000
vt 0.707799 0.000000
vt 0.572557 0.000000
vt 0.708786 0.000000
vt 0.571570 0.000000
vt 0.709773 0.000000
vt 0.710760 0.000000
vt 0.570582 0.000000
vt 0.711747 0.000000
vt 0.712734 0.000000
vt 0.569595 0.000000
vt 0.713722 0.000000
vt 0.714709 0.000000
vt 0.568608 0.000000
vt 0.715696 0.000000
vt 0.716683 0.000000
vt 0.567621 0.000000
vt 0.717670 0.000000
vt 0.769990 0.000000
vt 0.771964 0.000000
vt 0.770977 0.000000
vt 0.769003 0.000000
vt 0.772952 0.000000
vt 0.768016 0.000000
vt 0.718657 0.000000
vt 0.767029 0.000000
vt 0.773939 0.000000
vt 0.766041 0.000000
vt 0.774926 0.000000
vt 0.765054 0.000000
vt 0.764067 0.000000
vt 0.775913 0.000000
vt 0.763080 0.000000
vt 0.566634 0.000000
vt 0.776900 0.000000
vt 0.719645 0.000000
vt 0.762093 0.000000
vt 0.761106 0.000000
vt 0.777887 0.000000
vt 0.760118 0.000000
vt 0.720632 0.000000
vt 0.778875 0.000000
vt 0.759131 0.000000
vt 0.758144 0.000000
vt 0.757157 0.000000
vt 0.756170 0.000000
vt 0.755183 0.000000
vt 0.779862 0.000000
vt 0.754195 0.000000
vt 0.753208 0.000000
vt 0.752221 0.000000
vt 0.751234 0.000000
vt 0.750247 0.000000
vt 0.721619 0.000000
vt 0.749260 0.000000
vt 0.748272 0.000000
vt 0.747285 0.000000
vt 0.745311 0.000000
vt 0.744324 0.000000
vt 0.742349 0.000000
vt 0.739388 0.000000
vt 0.738401 0.000000
vt 0.737414 0.000000
vt 0.736426 0.000000
vt 0.735439 0.000000
vt 0.746298 0.000000
vt 0.743337 0.000000
vt 0.741362 0.000000
vt 0.740375 0.000000
vt 0.734452 0.000000
vt 0.733465 0.000000
vt 0.565647 0.000000
vt 0.780849 0.000000
vt 0.732478 0.000000
vt 0.731491 0.000000
vt 0.722606 0.000000
vt 0.730503 0.000000
vt 0.729516 0.000000
vt 0.781836 0.000000
vt 0.728529 0.000000
vt 0.727542 0.000000
vt 0.726555 0.000000
vt 0.725568 0.000000
vt 0.724580 0.000000
vt 0.723593 0.000000
vt 0.782823 0.000000
vt 0.564659 0.000000
vt 0.528134 0.000000
vt 0.783810 0.000000
vt 0.529121 0.000000
vt 0.527147 0.000000
vt 0.784798 0.000000
vt 0.526160 0.000000
vt 0.525173 0.000000
vt 0.524186 0.000000
vt 0.523198 0.000000
vt 0.522211 0.000000
vt 0.563672 0.000000
vt 0.785785 0.000000
vt 0.521224 0.000000
vt 0.520237 0.000000
vt 0.519250 0.000000
vt 0.530109 0.000000
vt 0.518263 0.000000
vt 0.517275 0.000000
vt 0.516288 0.000000
vt 0.786772 0.000000
vt 0.515301 0.000000
vt 0.562685 0.000000
vt 0.561698 0.000000
vt 0.560711 0.000000
vt 0.531096 0.000000
vt 0.514314 0.000000
vt 0.559724 0.000000
vt 0.787759 0.000000
vt 0.558736 0.000000
vt 0.557749 0.000000
vt 0.532083 0.000000
vt 0.513327 0.000000
vt 0.788746 0.000000
vt 0.556762 0.000000
vt 0.555775 0.000000
vt 0.533070 0.000000
vt 0.512340 0.000000
vt 0.789733 0.000000
vt 0.554788 0.000000
vt 0.534057 0.000000
vt 0.511352 0.000000
vt 0.553801 0.000000
vt 0.552813 0.000000
vt 0.790721 0.000000
vt 0.510365 0.000000
vt 0.535044 0.000000
vt 0.551826 0.000000
vt 0.509378 0.000000
vt 0.536032 0.000000
vt 0.791708 0.000000
vt 0.550839 0.000000
vt 0.508391 0.000000
vt 0.549852 0.000000
vt 0.537019 0.000000
vt 0.507404 0.000000
vt 0.548865 0.000000
vt 0.506417 0.000000
vt 0.547878 0.000000
vt 0.792695 0.000000
vt 0.538006 0.000000
vt 0.546890 0.000000
vt 0.505429 0.000000
vt 0.545903 0.000000
vt 0.504442 0.000000
vt 0.544916 0.000000
vt 0.538993 0.000000
vt 0.503455 0.000000
vt 0.479763 0.000000
vt 0.480750 0.000000
vt 0.478776 0.000000
vt 0.793682 0.000000
vt 0.477789 0.000000
vt 0.543929 0.000000
vt 0.476802 0.000000
vt 0.481737 0.000000
vt 0.502468 0.000000
vt 0.475814 0.000000
vt 0.542942 0.000000
vt 0.474827 0.000000
vt 0.442251 0.000000
vt 0.443238 0.000000
vt 0.441264 0.000000
vt 0.482725 0.000000
vt 0.440276 0.000000
vt 0.473840 0.000000
vt 0.501481 0.000000
vt 0.439289 0.000000
vt 0.444225 0.000000
vt 0.539980 0.000000
vt 0.541955 0.000000
vt 0.438302 0.000000
vt 0.472853 0.000000
vt 0.437315 0.000000
vt 0.483712 0.000000
vt 0.445212 0.000000
vt 0.436328 0.000000
vt 0.471866 0.000000
vt 0.500494 0.000000
vt 0.435341 0.000000
vt 0.446199 0.000000
vt 0.540967 0.000000
vt 0.470879 0.000000
vt 0.434353 0.000000
vt 0.484699 0.000000
vt 0.433366 0.000000
vt 0.469891 0.000000
vt 0.447187 0.000000
vt 0.499506 0.000000
vt 0.432379 0.000000
vt 0.468904 0.000000
vt 0.431392 0.000000
vt 0.485686 0.000000
vt 0.448174 0.000000
vt 0.430405 0.000000
vt 0.467917 0.000000
vt 0.498519 0.000000
vt 0.000000 0.000000
vt 0.429418 0.000000
vt 0.449161 0.000000
vt 0.486673 0.000000
vt 0.466930 0.000000
vt 0.428430 0.000000
vt 0.497532 0.000000
vt 0.427443 0.000000
vt 0.450148 0.000000
vt 0.465943 0.000000
vt 0.464956 0.000000
vt 0.487660 0.000000
vt 0.426456 0.000000
vt 0.463968 0.000000
vt 0.462981 0.000000
vt 0.425469 0.000000
vt 0.496545 0.000000
vt 0.451135 0.000000
vt 0.461994 0.000000
vt 0.424482 0.000000
vt 0.461007 0.000000
vt 0.488648 0.000000
vt 0.423495 0.000000
vt 0.460020 0.000000
vt 0.495558 0.000000
vt 0.422507 0.000000
vt 0.452122 0.000000
vt 0.459033 0.000000
vt 0.421520 0.000000
vt 0.458045 0.000000
vt 0.420533 0.000000
vt 0.489635 0.000000
vt 0.419546 0.000000
vt 0.494571 0.000000
vt 0.457058 0.000000
vt 0.418559 0.000000
vt 0.453110 0.000000
vt 0.417572 0.000000
vt 0.456071 0.000000
vt 0.493583 0.000000
vt 0.490622 0.000000
vt 0.455084 0.000000
vt 0.416584 0.000000
vt 0.454097 0.000000
vt 0.492596 0.000000
vt 0.491609 0.000000
vt 0.415597 0.000000
vt 0.830207 0.000000
vt 0.000987 0.000000
vt 0.414610 0.000000
vt 0.413623 0.000000
vt 0.412636 0.000000
vt 0.831194 0.000000
vt 0.829220 0.000000
vt 0.411649 0.000000
vt 0.828233 0.000000
vt 0.832182 0.000000
vt 0.410661 0.000000
vt 0.827246 0.000000
vt 0.409674 0.000000
vt 0.826259 0.000000
vt 0.833169 0.000000
vt 0.001974 0.000000
vt 0.408687 0.000000
vt 0.825271 0.000000
vt 0.834156 0.000000
vt 0.407700 0.000000
vt 0.383021 0.000000
vt 0.824284 0.000000
vt 0.835143 0.000000
vt 0.384008 0.000000
vt 0.382034 0.000000
vt 0.359329 0.000000
vt 0.406713 0.000000
vt 0.823297 0.000000
vt 0.360316 0.000000
vt 0.358342 0.000000
vt 0.357354 0.000000
vt 0.384995 0.000000
vt 0.405726 0.000000
vt 0.381046 0.000000
vt 0.836130 0.000000
vt 0.356367 0.000000
vt 0.822310 0.000000
vt 0.355380 0.000000
vt 0.361303 0.000000
vt 0.354393 0.000000
vt 0.002962 0.000000
vt 0.385982 0.000000
vt 0.353406 0.000000
vt 0.404738 0.000000
vt 0.380059 0.000000
vt 0.837117 0.000000
vt 0.362290 0.000000
vt 0.352419 0.000000
vt 0.821323 0.000000
vt 0.351431 0.000000
vt 0.386969 0.000000
vt 0.403751 0.000000
vt 0.379072 0.000000
vt 0.363277 0.000000
vt 0.350444 0.000000
vt 0.838105 0.000000
vt 0.820336 0.000000
vt 0.387957 0.000000
vt 0.364265 0.000000
vt 0.402764 0.000000
vt 0.378085 0.000000
vt 0.349457 0.000000
vt 0.365252 0.000000
vt 0.348470 0.000000
vt 0.388944 0.000000
vt 0.401777 0.000000
vt 0.839092 0.000000
vt 0.377098 0.000000
vt 0.819348 0.000000
vt 0.366239 0.000000
vt 0.347483 0.000000
vt 0.003949 0.000000
vt 0.400790 0.000000
vt 0.389931 0.000000
vt 0.376111 0.000000
vt 0.367226 0.000000
vt 0.840079 0.000000
vt 0.346496 0.000000
vt 0.399803 0.000000
vt 0.345508 0.000000
vt 0.818361 0.000000
vt 0.390918 0.000000
vt 0.375123 0.000000
vt 0.344521 0.000000
vt 0.368213 0.000000
vt 0.343534 0.000000
vt 0.398815 0.000000
vt 0.374136 0.000000
vt 0.342547 0.000000
vt 0.391905 0.000000
vt 0.841066 0.000000
vt 0.369200 0.000000
vt 0.341560 0.000000
vt 0.397828 0.000000
vt 0.373149 0.000000
vt 0.340573 0.000000
vt 0.817374 0.000000
vt 0.392892 0.000000
vt 0.370188 0.000000
vt 0.339585 0.000000
vt 0.372162 0.000000
vt 0.396841 0.000000
vt 0.338598 0.000000
vt 0.286278 0.000000
vt 0.842053 0.000000
vt 0.393880 0.000000
vt 0.287266 0.000000
vt 0.285291 0.000000
vt 0.371175 0.000000
vt 0.004936 0.000000
vt 0.284304 0.000000
vt 0.337611 0.000000
vt 0.283317 0.000000
vt 0.395854 0.000000
vt 0.816387 0.000000
vt 0.282330 0.000000
vt 0.281343 0.000000
vt 0.336624 0.000000
vt 0.311945 0.000000
vt 0.280355 0.000000
vt 0.394867 0.000000
vt 0.279368 0.000000
vt 0.312932 0.000000
vt 0.310958 0.000000
vt 0.278381 0.000000
vt 0.335637 0.000000
vt 0.288253 0.000000
vt 0.313919 0.000000
vt 0.277394 0.000000
vt 0.289240 0.000000
vt 0.276407 0.000000
vt 0.843040 0.000000
vt 0.314906 0.000000
vt 0.290227 0.000000
vt 0.275420 0.000000
vt 0.274432 0.000000
vt 0.334650 0.000000
vt 0.291214 0.000000
vt 0.315893 0.000000
vt 0.273445 0.000000
vt 0.815400 0.000000
vt 0.309970 0.000000
vt 0.292201 0.000000
vt 0.316881 0.000000
vt 0.333662 0.000000
vt 0.293189 0.000000
vt 0.317868 0.000000
vt 0.332675 0.000000
vt 0.294176 0.000000
vt 0.308983 0.000000
vt 0.272458 0.000000
vt 0.890424 0.000000
vt 0.318855 0.000000
vt 0.295163 0.000000
vt 0.331688 0.000000
vt 0.814413 0.000000
vt 0.319842 0.000000
vt 0.307996 0.000000
vt 0.296150 0.000000
vt 0.330701 0.000000
vt 0.005923 0.000000
vt 0.320829 0.000000
vt 0.329714 0.000000
vt 0.271471 0.000000
vt 0.297137 0.000000
vt 0.307009 0.000000
vt 0.328727 0.000000
vt 0.321816 0.000000
vt 0.891412 0.000000
vt 0.889437 0.000000
vt 0.813425 0.000000
vt 0.298124 0.000000
vt 0.888450 0.000000
vt 0.327739 0.000000
vt 0.887463 0.000000
vt 0.886476 0.000000
vt 0.306022 0.000000
vt 0.322804 0.000000
vt 0.885489 0.000000
vt 0.326752 0.000000
vt 0.884501 0.000000
vt 0.299112 0.000000
vt 0.270484 0.000000
vt 0.892399 0.000000
vt 0.883514 0.000000
vt 0.325765 0.000000
vt 0.305035 0.000000
vt 0.882527 0.000000
vt 0.324778 0.000000
vt 0.323791 0.000000
vt 0.881540 0.000000
vt 0.300099 0.000000
vt 0.812438 0.000000
vt 0.880553 0.000000
vt 0.304047 0.000000
vt 0.879566 0.000000
vt 0.893386 0.000000
vt 0.844028 0.000000
vt 0.303060 0.000000
vt 0.878578 0.000000
vt 0.877591 0.000000
vt 0.006910 0.000000
vt 0.269497 0.000000
vt 0.302073 0.000000
vt 0.301086 0.000000
vt 0.894373 0.000000
vt 0.811451 0.000000
vt 0.845015 0.000000
vt 0.895360 0.000000
vt 0.876604 0.000000
vt 0.268509 0.000000
vt 0.846002 0.000000
vt 0.810464 0.000000
vt 0.896347 0.000000
vt 0.846989 0.000000
vt 0.007897 0.000000
vt 0.875617 0.000000
vt 0.809477 0.000000
vt 0.267522 0.000000
vt 0.847976 0.000000
vt 0.897335 0.000000
vt 0.808490 0.000000
vt 0.874630 0.000000
vt 0.848963 0.000000
vt 0.898322 0.000000
vt 0.266535 0.000000
vt 0.008885 0.000000
vt 0.807502 0.000000
vt 0.849951 0.000000
vt 0.873643 0.000000
vt 0.850938 0.000000
vt 0.899309 0.000000
vt 0.806515 0.000000
vt 0.872655 0.000000
vt 0.851925 0.000000
vt 0.265548 0.000000
vt 0.009872 0.000000
vt 0.852912 0.000000
vt 0.805528 0.000000
vt 0.900296 0.000000
vt 0.871668 0.000000
vt 0.853899 0.000000
vt 0.804541 0.000000
vt 0.854886 0.000000
vt 0.803554 0.000000
vt 0.870681 0.000000
vt 0.010859 0.000000
vt 0.855874 0.000000
vt 0.901283 0.000000
vt 0.264561 0.000000
vt 0.802567 0.000000
vt 0.856861 0.000000
vt 0.801579 0.000000
vt 0.869694 0.000000
vt 0.857848 0.000000
vt 0.858835 0.000000
vt 0.800592 0.000000
vt 0.011846 0.000000
vt 0.859822 0.000000
vt 0.799605 0.000000
vt 0.868707 0.000000
vt 0.860810 0.000000
vt 0.866732 0.000000
vt 0.798618 0.000000
vt 0.861797 0.000000
vt 0.012833 0.000000
vt 0.797631 0.000000
vt 0.862784 0.000000
vt 0.863771 0.000000
vt 0.796644 0.000000
vt 0.867720 0.000000
vt 0.864758 0.000000
vt 0.795656 0.000000
vt 0.865745 0.000000
vt 0.794669 0.000000
vt 0.263574 0.000000
vt 0.013820 0.000000
vt 0.262586 0.000000
vt 0.014808 0.000000
vt 0.261599 0.000000
vt 0.015795 0.000000
vt 0.016782 0.000000
vt 0.260612 0.000000
vt 0.017769 0.000000
vt 0.018756 0.000000
vt 0.259625 0.000000
vt 0.019743 0.000000
vt 0.020731 0.000000
vt 0.021718 0.000000
vt 0.258638 0.000000
vt 0.203356 0.000000
vt 0.202369 0.000000
vt 0.204344 0.000000
vt 0.201382 0.000000
vt 0.047384 0.000000
vt 0.205331 0.000000
vt 0.022705 0.000000
vt 0.206318 0.000000
vt 0.048371 0.000000
vt 0.046397 0.000000
vt 0.045410 0.000000
vt 0.044423 0.000000
vt 0.043435 0.000000
vt 0.049358 0.000000
vt 0.042448 0.000000
vt 0.023692 0.000000
vt 0.041461 0.000000
vt 0.207305 0.000000
vt 0.040474 0.000000
vt 0.024679 0.000000
vt 0.025666 0.000000
vt 0.026654 0.000000
vt 0.027641 0.000000
vt 0.050346 0.000000
vt 0.028628 0.000000
vt 0.039487 0.000000
vt 0.029615 0.000000
vt 0.030602 0.000000
vt 0.038500 0.000000
vt 0.031589 0.000000
vt 0.037512 0.000000
vt 0.032577 0.000000
vt 0.208292 0.000000
vt 0.033564 0.000000
vt 0.036525 0.000000
vt 0.051333 0.000000
vt 0.034551 0.000000
vt 0.035538 0.000000
vt 0.209279 0.000000
vt 0.052320 0.000000
vt 0.210267 0.000000
vt 0.053307 0.000000
vt 0.257651 0.000000
vt 0.211254 0.000000
vt 0.054294 0.000000
vt 0.200395 0.000000
vt 0.212241 0.000000
vt 0.055281 0.000000
vt 0.213228 0.000000
vt 0.256663 0.000000
vt 0.056269 0.000000
vt 0.214215 0.000000
vt 0.199408 0.000000
vt 0.215202 0.000000
vt 0.057256 0.000000
vt 0.255676 0.000000
vt 0.216190 0.000000
vt 0.058243 0.000000
vt 0.254689 0.000000
vt 0.217177 0.000000
vt 0.198421 0.000000
vt 0.059230 0.000000
vt 0.253702 0.000000
vt 0.218164 0.000000
vt 0.060217 0.000000
vt 0.252715 0.000000
vt 0.197433 0.000000
vt 0.219151 0.000000
vt 0.061204 0.000000
vt 0.251728 0.000000
vt 0.062192 0.000000
vt 0.220138 0.000000
vt 0.250740 0.000000
vt 0.196446 0.000000
vt 0.063179 0.000000
vt 0.221125 0.000000
vt 0.249753 0.000000
vt 0.248766 0.000000
vt 0.064166 0.000000
vt 0.247779 0.000000
vt 0.222113 0.000000
vt 0.246792 0.000000
vt 0.195459 0.000000
vt 0.245805 0.000000
vt 0.065153 0.000000
vt 0.244817 0.000000
vt 0.223100 0.000000
vt 0.243830 0.000000
vt 0.242843 0.000000
vt 0.066140 0.000000
vt 0.241856 0.000000
vt 0.224087 0.000000
vt 0.194472 0.000000
vt 0.240869 0.000000
vt 0.239882 0.000000
vt 0.067127 0.000000
vt 0.225074 0.000000
vt 0.238894 0.000000
vt 0.237907 0.000000
vt 0.193485 0.000000
vt 0.236920 0.000000
vt 0.226061 0.000000
vt 0.235933 0.000000
vt 0.068115 0.000000
vt 0.234946 0.000000
vt 0.233959 0.000000
vt 0.227048 0.000000
vt 0.232971 0.000000
vt 0.231984 0.000000
vt 0.230997 0.000000
vt 0.192498 0.000000
vt 0.069102 0.000000
vt 0.230010 0.000000
vt 0.229023 0.000000
vt 0.228036 0.000000
vt 0.070089 0.000000
vt 0.191510 0.000000
vt 0.071076 0.000000
vt 0.190523 0.000000
vt 0.072063 0.000000
vt 0.189536 0.000000
vt 0.073050 0.000000
vt 0.074038 0.000000
vt 0.188549 0.000000
vt 0.075025 0.000000
vt 0.076012 0.000000
vt 0.187562 0.000000
vt 0.076999 0.000000
vt 0.077986 0.000000
vt 0.078973 0.000000
vt 0.186575 0.000000
vt 0.079961 0.000000
vt 0.080948 0.000000
vt 0.185587 0.000000
vt 0.081935 0.000000
vt 0.082922 0.000000
vt 0.184600 0.000000
vt 0.083909 0.000000
vt 0.084896 0.000000
vt 0.085884 0.000000
vt 0.086871 0.000000
vt 0.087858 0.000000
vt 0.088845 0.000000
vt 0.183613 0.000000
vt 0.089832 0.000000
vt 0.090819 0.000000
vt 0.091807 0.000000
vt 0.092794 0.000000
vt 0.093781 0.000000
vt 0.094768 0.000000
vt 0.182626 0.000000
vt 0.095755 0.000000
vt 0.096742 0.000000
vt 0.097730 0.000000
vt 0.098717 0.000000
vt 0.099704 0.000000
vt 0.100691 0.000000
vt 0.181639 0.000000
vt 0.101678 0.000000
vt 0.102665 0.000000
vt 0.103653 0.000000
vt 0.104640 0.000000
vt 0.105627 0.000000
vt 0.106614 0.000000
vt 0.107601 0.000000
vt 0.180652 0.000000
vt 0.108588 0.000000
vt 0.179664 0.000000
vt 0.109576 0.000000
vt 0.178677 0.000000
vt 0.110563 0.000000
vt 0.177690 0.000000
vt 0.176703 0.000000
vt 0.175716 0.000000
vt 0.174729 0.000000
vt 0.111550 0.000000
vt 0.173741 0.000000
vt 0.172754 0.000000
vt 0.171767 0.000000
vt 0.170780 0.000000
vt 0.169793 0.000000
vt 0.168806 0.000000
vt 0.112537 0.000000
vt 0.167818 0.000000
vt 0.166831 0.000000
vt 0.165844 0.000000
vt 0.164857 0.000000
vt 0.163870 0.000000
vt 0.162883 0.000000
vt 0.113524 0.000000
vt 0.161895 0.000000
vt 0.160908 0.000000
vt 0.159921 0.000000
vt 0.158934 0.000000
vt 0.157947 0.000000
vt 0.156960 0.000000
vt 0.155972 0.000000
vt 0.114511 0.000000
vt 0.154985 0.000000
vt 0.153998 0.000000
vt 0.153011 0.000000
vt 0.152024 0.000000
vt 0.151037 0.000000
vt 0.115499 0.000000
vt 0.150049 0.000000
vt 0.149062 0.000000
vt 0.148075 0.000000
vt 0.940770 0.000000
vt 0.147088 0.000000
vt 0.941757 0.000000
vt 0.939783 0.000000
vt 0.146101 0.000000
vt 0.942744 0.000000
vt 0.116486 0.000000
vt 0.145114 0.000000
vt 0.144126 0.000000
vt 0.938796 0.000000
vt 0.143139 0.000000
vt 0.937809 0.000000
vt 0.142152 0.000000
vt 0.936821 0.000000
vt 0.935834 0.000000
vt 0.925963 0.000000
vt 0.943731 0.000000
vt 0.934847 0.000000
vt 0.926950 0.000000
vt 0.924975 0.000000
vt 0.933860 0.000000
vt 0.932873 0.000000
vt 0.931885 0.000000
vt 0.930898 0.000000
vt 0.929911 0.000000
vt 0.928924 0.000000
vt 0.927937 0.000000
vt 0.923988 0.000000
vt 0.923001 0.000000
vt 0.141165 0.000000
vt 0.944719 0.000000
vt 0.922014 0.000000
vt 0.117473 0.000000
vt 0.921027 0.000000
vt 0.920039 0.000000
vt 0.919052 0.000000
vt 0.945706 0.000000
vt 0.918065 0.000000
vt 0.140178 0.000000
vt 0.917078 0.000000
vt 0.916091 0.000000
vt 0.915104 0.000000
vt 0.118460 0.000000
vt 0.914117 0.000000
vt 0.946693 0.000000
vt 0.913129 0.000000
vt 0.139191 0.000000
vt 0.912142 0.000000
vt 0.947680 0.000000
vt 0.119447 0.000000
vt 0.911155 0.000000
vt 0.948667 0.000000
vt 0.138203 0.000000
vt 0.910168 0.000000
vt 0.120434 0.000000
vt 0.949655 0.000000
vt 0.909181 0.000000
vt 0.908193 0.000000
vt 0.137216 0.000000
vt 0.121422 0.000000
vt 0.950642 0.000000
vt 0.907206 0.000000
vt 0.951629 0.000000
vt 0.122409 0.000000
vt 0.906219 0.000000
vt 0.136229 0.000000
vt 0.905232 0.000000
vt 0.952616 0.000000
vt 0.123396 0.000000
vt 0.904245 0.000000
vt 0.135242 0.000000
vt 0.953603 0.000000
vt 0.903258 0.000000
vt 0.124383 0.000000
vt 0.902270 0.000000
vt 0.954590 0.000000
vt 0.955577 0.000000
vt 0.956565 0.000000
vt 0.957552 0.000000
vt 1.000000 0.000000
vt 0.958539 0.000000
vt 0.999013 0.000000
vt 0.959526 0.000000
vt 0.134255 0.000000
vt 0.125370 0.000000
vt 0.998026 0.000000
vt 0.960513 0.000000
vt 0.997038 0.000000
vt 0.961500 0.000000
vt 0.962488 0.000000
vt 0.996051 0.000000
vt 0.963475 0.000000
vt 0.964462 0.000000
vt 0.965449 0.000000
vt 0.995064 0.000000
vt 0.126357 0.000000
vt 0.966436 0.000000
vt 0.967423 0.000000
vt 0.994077 0.000000
vt 0.968411 0.000000
vt 0.133268 0.000000
vt 0.969398 0.000000
vt 0.970385 0.000000
vt 0.971372 0.000000
vt 0.993090 0.000000
vt 0.972359 0.000000
vt 0.127345 0.000000
vt 0.973346 0.000000
vt 0.974334 0.000000
vt 0.975321 0.000000
vt 0.976308 0.000000
vt 0.992103 0.000000
vt 0.977295 0.000000
vt 0.978282 0.000000
vt 0.979270 0.000000
vt 0.132280 0.000000
vt 0.980257 0.000000
vt 0.991116 0.000000
vt 0.128332 0.000000
vt 0.981244 0.000000
vt 0.982231 0.000000
vt 0.983218 0.000000
vt 0.990128 0.000000
vt 0.984205 0.000000
vt 0.985192 0.000000
vt 0.129319 0.000000
vt 0.986180 0.000000
vt 0.989141 0.000000
vt 0.987167 0.000000
vt 0.131293 0.000000
vt 0.988154 0.000000
vt 0.130306 0.000000
vt 0.001242 1.000000
vt 0.000000 1.000000
vt 0.002484 1.000000
vt 0.001242 0.000000
vt 0.003727 1.000000
vt 0.002484 0.000000
vt 0.004969 1.000000
vt 0.003727 0.000000
vt 0.006211 1.000000
vt 0.004969 0.000000
vt 0.007453 1.000000
vt 0.006211 0.000000
vt 0.008696 1.000000
vt 0.007453 0.000000
vt 0.009938 1.000000
vt 0.008696 0.000000
vt 0.011180 1.000000
vt 0.009938 0.000000
vt 0.012422 1.000000
vt 0.011180 0.000000
vt 0.013665 1.000000
vt 0.012422 0.000000
vt 0.014907 1.000000
vt 0.013665 0.000000
vt 0.016149 1.000000
vt 0.014907 0.000000
vt 0.017391 1.000000
vt 0.016149 0.000000
vt 0.018634 1.000000
vt 0.017391 0.000000
vt 0.019876 1.000000
vt 0.018634 0.000000
vt 0.021118 1.000000
vt 0.019876 0.000000
vt 0.022360 1.000000
vt 0.021118 0.000000
vt 0.023602 1.000000
vt 0.022360 0.000000
vt 0.024845 1.000000
vt 0.023602 0.000000
vt 0.026087 1.000000
vt 0.024845 0.000000
vt 0.027329 1.000000
vt 0.026087 0.000000
vt 0.028571 1.000000
vt 0.027329 0.000000
vt 0.029814 1.000000
vt 0.028571 0.000000
vt 0.031056 1.000000
vt 0.029814 0.000000
vt 0.032298 1.000000
vt 0.031056 0.000000
vt 0.033540 1.000000
vt 0.032298 0.000000
vt 0.034783 1.000000
vt 0.033540 0.000000
vt 0.036025 1.000000
vt 0.034783 0.000000
vt 0.037267 1.000000
vt 0.036025 0.000000
vt 0.038509 1.000000
vt 0.037267 0.000000
vt 0.039752 1.000000
vt 0.038509 0.000000
vt 0.040994 1.000000
vt 0.039752 0.000000
vt 0.042236 1.000000
vt 0.040994 0.000000
vt 0.043478 1.000000
vt 0.042236 0.000000
vt 0.044720 1.000000
vt 0.043478 0.000000
vt 0.045963 1.000000
vt 0.044720 0.000000
vt 0.047205 1.000000
vt 0.045963 0.000000
vt 0.048447 1.000000
vt 0.047205 0.000000
vt 0.049689 1.000000
vt 0.048447 0.000000
vt 0.050932 1.000000
vt 0.049689 0.000000
vt 0.052174 1.000000
vt 0.050932 0.000000
vt 0.053416 1.000000
vt 0.052174 0.000000
vt 0.054658 1.000000
vt 0.053416 0.000000
vt 0.055901 1.000000
vt 0.054658 0.000000
vt 0.057143 1.000000
vt 0.055901 0.000000
vt 0.058385 1.000000
vt 0.057143 0.000000
vt 0.059627 1.000000
vt 0.058385 0.000000
vt 0.060870 1.000000
vt 0.059627 0.000000
vt 0.062112 1.000000
vt 0.060870 0.000000
vt 0.063354 1.000000
vt 0.062112 0.000000
vt 0.064596 1.000000
vt 0.063354 0.000000
vt 0.065839 1.000000
vt 0.064596 0.000000
vt 0.067081 1.000000
vt 0.065839 0.000000
vt 0.068323 1.000000
vt 0.067081 0.000000
vt 0.069565 1.000000
vt 0.068323 0.000000
vt 0.070807 1.000000
vt 0.069565 0.000000
vt 0.072050 1.000000
vt 0.070807 0.000000
vt 0.073292 1.000000
vt 0.072050 0.000000
vt 0.074534 1.000000
vt 0.073292 0.000000
vt 0.075776 1.000000
vt 0.074534 0.000000
vt 0.077019 1.000000
vt 0.075776 0.000000
vt 0.078261 1.000000
vt 0.077019 0.000000
vt 0.079503 1.000000
vt 0.078261 0.000000
vt 0.080745 1.000000
vt 0.079503 0.000000
vt 0.081988 1.000000
vt 0.080745 0.000000
vt 0.083230 1.000000
vt 0.081988 0.000000
vt 0.084472 1.000000
vt 0.083230 0.000000
vt 0.085714 1.000000
vt 0.084472 0.000000
vt 0.086957 1.000000
vt 0.085714 0.000000
vt 0.088199 1.000000
vt 0.086957 0.000000
vt 0.089441 1.000000
vt 0.088199 0.000000
vt 0.090683 1.000000
vt 0.089441 0.000000
vt 0.091925 1.000000
vt 0.090683 0.000000
vt 0.093168 1.000000
vt 0.091925 0.000000
vt 0.094410 1.000000
vt 0.093168 0.000000
vt 0.095652 1.000000
vt 0.094410 0.000000
vt 0.096894 1.000000
vt 0.095652 0.000000
vt 0.098137 1.000000
vt 0.096894 0.000000
vt 0.099379 1.000000
vt 0.098137 0.000000
vt 0.100621 1.000000
vt 0.099379 0.000000
vt 0.101863 1.000000
vt 0.100621 0.000000
vt 0.103106 1.000000
vt 0.101863 0.000000
vt 0.104348 1.000000
vt 0.103106 0.000000
vt 0.105590 1.000000
vt 0.104348 0.000000
vt 0.106832 1.000000
vt 0.105590 0.000000
vt 0.108075 1.000000
vt 0.106832 0.000000
vt 0.109317 1.000000
vt 0.108075 0.000000
vt 0.110559 1.000000
vt 0.109317 0.000000
vt 0.111801 1.000000
vt 0.110559 0.000000
vt 0.113043 1.000000
vt 0.111801 0.000000
vt 0.114286 1.000000
vt 0.113043 0.000000
vt 0.115528 1.000000
vt 0.114286 0.000000
vt 0.116770 1.000000
vt 0.115528 0.000000
vt 0.118012 1.000000
vt 0.116770 0.000000
vt 0.119255 1.000000
vt 0.118012 0.000000
vt 0.120497 1.000000
vt 0.119255 0.000000
vt 0.121739 1.000000
vt 0.120497 0.000000
vt 0.122981 1.000000
vt 0.121739 0.000000
vt 0.124224 1.000000
vt 0.122981 0.000000
vt 0.125466 1.000000
vt 0.124224 0.000000
vt 0.126708 1.000000
vt 0.125466 0.000000
vt 0.127950 1.000000
vt 0.126708 0.000000
vt 0.129193 1.000000
vt 0.127950 0.000000
vt 0.130435 1.000000
vt 0.129193 0.000000
vt 0.131677 1.000000
vt 0.130435 0.000000
vt 0.132919 1.000000
vt 0.131677 0.000000
vt 0.134161 1.000000
vt 0.132919 0.000000
vt 0.135404 1.000000
vt 0.134161 0.000000
vt 0.136646 1.000000
vt 0.135404 0.000000
vt 0.137888 1.000000
vt 0.136646 0.000000
vt 0.139130 1.000000
vt 0.137888 0.000000
vt 0.140373 1.000000
vt 0.139130 0.000000
vt 0.141615 1.000000
vt 0.140373 0.000000
vt 0.142857 1.000000
vt 0.141615 0.000000
vt 0.144099 1.000000
vt 0.142857 0.000000
vt 0.145342 1.000000
vt 0.144099 0.000000
vt 0.146584 1.000000
vt 0.145342 0.000000
vt 0.147826 1.000000
vt 0.146584 0.000000
vt 0.149068 1.000000
vt 0.147826 0.000000
vt 0.150311 1.000000
vt 0.149068 0.000000
vt 0.151553 1.000000
vt 0.150311 0.000000
vt 0.152795 1.000000
vt 0.151553 0.000000
vt 0.154037 1.000000
vt 0.152795 0.000000
vt 0.155280 1.000000
vt 0.154037 0.000000
vt 0.156522 1.000000
vt 0.155280 0.000000
vt 0.157764 1.000000
vt 0.156522 0.000000
vt 0.159006 1.000000
vt 0.157764 0.000000
vt 0.160248 1.000000
vt 0.159006 0.000000
vt 0.161491 1.000000
vt 0.160248 0.000000
vt 0.162733 1.000000
vt 0.161491 0.000000
vt 0.163975 1.000000
vt 0.162733 0.000000
vt 0.165217 1.000000
vt 0.163975 0.000000
vt 0.166460 1.000000
vt 0.165217 0.000000
vt 0.167702 1.000000
vt 0.166460 0.000000
vt 0.168944 1.000000
vt 0.167702 0.000000
vt 0.170186 1.000000
vt 0.168944 0.000000
vt 0.171429 1.000000
vt 0.170186 0.000000
vt 0.172671 1.000000
vt 0.171429 0.000000
vt 0.173913 1.000000
vt 0.172671 0.000000
vt 0.175155 1.000000
vt 0.173913 0.000000
vt 0.176398 1.000000
vt 0.175155 0.000000
vt 0.177640 1.000000
vt 0.176398 0.000000
vt 0.178882 1.000000
vt 0.177640 0.000000
vt 0.180124 1.000000
vt 0.178882 0.000000
vt 0.181366 1.000000
vt 0.180124 0.000000
vt 0.182609 1.000000
vt 0.181366 0.000000
vt 0.183851 1.000000
vt 0.182609 0.000000
vt 0.185093 1.000000
vt 0.183851 0.000000
vt 0.186335 1.000000
vt 0.185093 0.000000
vt 0.187578 1.000000
vt 0.186335 0.000000
vt 0.188820 1.000000
vt 0.187578 0.000000
vt 0.190062 1.000000
vt 0.188820 0.000000
vt 0.191304 1.000000
vt 0.190062 0.000000
vt 0.192547 1.000000
vt 0.191304 0.000000
vt 0.193789 1.000000
vt 0.192547 0.000000
vt 0.195031 1.000000
vt 0.193789 0.000000
vt 0.196273 1.000000
vt 0.195031 0.000000
vt 0.197516 1.000000
vt 0.196273 0.000000
vt 0.198758 1.000000
vt 0.197516 0.000000
vt 0.200000 1.000000
vt 0.198758 0.000000
vt 0.201242 1.000000
vt 0.200000 0.000000
vt 0.202484 1.000000
vt 0.201242 0.000000
vt 0.203727 1.000000
vt 0.202484 0.000000
vt 0.204969 1.000000
vt 0.203727 0.000000
vt 0.206211 1.000000
vt 0.204969 0.000000
vt 0.207453 1.000000
vt 0.206211 0.000000
vt 0.208696 1.000000
vt 0.207453 0.000000
vt 0.209938 1.000000
vt 0.208696 0.000000
vt 0.211180 1.000000
vt 0.209938 0.000000
vt 0.212422 1.000000
vt 0.211180 0.000000
vt 0.213665 1.000000
vt 0.212422 0.000000
vt 0.214907 1.000000
vt 0.213665 0.000000
vt 0.216149 1.000000
vt 0.214907 0.000000
vt 0.217391 1.000000
vt 0.216149 0.000000
vt 0.218634 1.000000
vt 0.217391 0.000000
vt 0.219876 1.000000
vt 0.218634 0.000000
vt 0.221118 1.000000
vt 0.219876 0.000000
vt 0.222360 1.000000
vt 0.221118 0.000000
vt 0.223602 1.000000
vt 0.222360 0.000000
vt 0.224845 1.000000
vt 0.223602 0.000000
vt 0.226087 1.000000
vt 0.224845 0.000000
vt 0.227329 1.000000
vt 0.226087 0.000000
vt 0.228571 1.000000
vt 0.227329 0.000000
vt 0.229814 1.000000
vt 0.228571 0.000000
vt 0.231056 1.000000
vt 0.229814 0.000000
vt 0.232298 1.000000
vt 0.231056 0.000000
vt 0.233540 1.000000
vt 0.232298 0.000000
vt 0.234783 1.000000
vt 0.233540 0.000000
vt 0.236025 1.000000
vt 0.234783 0.000000
vt 0.237267 1.000000
vt 0.236025 0.000000
vt 0.238509 1.000000
vt 0.237267 0.000000
vt 0.239752 1.000000
vt 0.238509 0.000000
vt 0.240994 1.000000
vt 0.239752 0.000000
vt 0.242236 1.000000
vt 0.240994 0.000000
vt 0.243478 1.000000
vt 0.242236 0.000000
vt 0.244721 1.000000
vt 0.243478 0.000000
vt 0.245963 1.000000
vt 0.244721 0.000000
vt 0.247205 1.000000
vt 0.245963 0.000000
vt 0.248447 1.000000
vt 0.247205 0.000000
vt 0.249689 1.000000
vt 0.248447 0.000000
vt 0.250932 1.000000
vt 0.249689 0.000000
vt 0.252174 1.000000
vt 0.250932 0.000000
vt 0.253416 1.000000
vt 0.252174 0.000000
vt 0.254658 1.000000
vt 0.253416 0.000000
vt 0.255901 1.000000
vt 0.254658 0.000000
vt 0.257143 1.000000
vt 0.255901 0.000000
vt 0.258385 1.000000
vt 0.257143 0.000000
vt 0.259627 1.000000
vt 0.258385 0.000000
vt 0.260870 1.000000
vt 0.259627 0.000000
vt 0.262112 1.000000
vt 0.260870 0.000000
vt 0.263354 1.000000
vt 0.262112 0.000000
vt 0.264596 1.000000
vt 0.263354 0.000000
vt 0.265839 1.000000
vt 0.264596 0.000000
vt 0.267081 1.000000
vt 0.265839 0.000000
vt 0.268323 1.000000
vt 0.267081 0.000000
vt 0.269565 1.000000
vt 0.268323 0.000000
vt 0.270807 1.000000
vt 0.269565 0.000000
vt 0.272050 1.000000
vt 0.270807 0.000000
vt 0.273292 1.000000
vt 0.272050 0.000000
vt 0.274534 1.000000
vt 0.273292 0.000000
vt 0.275776 1.000000
vt 0.274534 0.000000
vt 0.277019 1.000000
vt 0.275776 0.000000
vt 0.278261 1.000000
vt 0.277019 0.000000
vt 0.279503 1.000000
vt 0.278261 0.000000
vt 0.280745 1.000000
vt 0.279503 0.000000
vt 0.281988 1.000000
vt 0.280745 0.000000
vt 0.283230 1.000000
vt 0.281988 0.000000
vt 0.284472 1.000000
vt 0.283230 0.000000
vt 0.285714 1.000000
vt 0.284472 0.000000
vt 0.286957 1.000000
vt 0.285714 0.000000
vt 0.288199 1.000000
vt 0.286957 0.000000
vt 0.289441 1.000000
vt 0.288199 0.000000
vt 0.290683 1.000000
vt 0.289441 0.000000
vt 0.291925 1.000000
vt 0.290683 0.000000
vt 0.293168 1.000000
vt 0.291925 0.000000
vt 0.294410 1.000000
vt 0.293168 0.000000
vt 0.295652 1.000000
vt 0.294410 0.000000
vt 0.296894 1.000000
vt 0.295652 0.000000
vt 0.298137 1.000000
vt 0.296894 0.000000
vt 0.299379 1.000000
vt 0.298137 0.000000
vt 0.300621 1.000000
vt 0.299379 0.000000
vt 0.301863 1.000000
vt 0.300621 0.000000
vt 0.303106 1.000000
vt 0.301863 0.000000
vt 0.304348 1.000000
vt 0.303106 0.000000
vt 0.305590 1.000000
vt 0.304348 0.000000
vt 0.306832 1.000000
vt 0.305590 0.000000
vt 0.308075 1.000000
vt 0.306832 0.000000
vt 0.309317 1.000000
vt 0.308075 0.000000
vt 0.310559 1.000000
vt 0.309317 0.000000
vt 0.311801 1.000000
vt 0.310559 0.000000
vt 0.313043 1.000000
vt 0.311801 0.000000
vt 0.314286 1.000000
vt 0.313043 0.000000
vt 0.315528 1.000000
vt 0.314286 0.000000
vt 0.316770 1.000000
vt 0.315528 0.000000
vt 0.318012 1.000000
vt 0.316770 0.000000
vt 0.319255 1.000000
vt 0.318012 0.000000
vt 0.320497 1.000000
vt 0.319255 0.000000
vt 0.321739 1.000000
vt 0.320497 0.000000
vt 0.322981 1.000000
vt 0.321739 0.000000
vt 0.324224 1.000000
vt 0.322981 0.000000
vt 0.325466 1.000000
vt 0.324224 0.000000
vt 0.326708 1.000000
vt 0.325466 0.000000
vt 0.327950 1.000000
vt 0.326708 0.000000
vt 0.329193 1.000000
vt 0.327950 0.000000
vt 0.330435 1.000000
vt 0.329193 0.000000
vt 0.331677 1.000000
vt 0.330435 0.000000
vt 0.332919 1.000000
vt 0.331677 0.000000
vt 0.334161 1.000000
vt 0.332919 0.000000
vt 0.335404 1.000000
vt 0.334161 0.000000
vt 0.336646 1.000000
vt 0.335404 0.000000
vt 0.337888 1.000000
vt 0.336646 0.000000
vt 0.339130 1.000000
vt 0.337888 0.000000
vt 0.340373 1.000000
vt 0.339130 0.000000
vt 0.341615 1.000000
vt 0.340373 0.000000
vt 0.342857 1.000000
vt 0.341615 0.000000
vt 0.344099 1.000000
vt 0.342857 0.000000
vt 0.345342 1.000000
vt 0.344099 0.000000
vt 0.346584 1.000000
vt 0.345342 0.000000
vt 0.347826 1.000000
vt 0.346584 0.000000
vt 0.349068 1.000000
vt 0.347826 0.000000
vt 0.350311 1.000000
vt 0.349068 0.000000
vt 0.351553 1.000000
vt 0.350311 0.000000
vt 0.352795 1.000000
vt 0.351553 0.000000
vt 0.354037 1.000000
vt 0.352795 0.000000
vt 0.355280 1.000000
vt 0.354037 0.000000
vt 0.356522 1.000000
vt 0.355280 0.000000
vt 0.357764 1.000000
vt 0.356522 0.000000
vt 0.359006 1.000000
vt 0.357764 0.000000
vt 0.360248 1.000000
vt 0.359006 0.000000
vt 0.361491 1.000000
vt 0.360248 0.000000
vt 0.362733 1.000000
vt 0.361491 0.000000
vt 0.363975 1.000000
vt 0.362733 0.000000
vt 0.365217 1.000000
vt 0.363975 0.000000
vt 0.366460 1.000000
vt 0.365217 0.000000
vt 0.367702 1.000000
vt 0.366460 0.000000
vt 0.368944 1.000000
vt 0.367702 0.000000
vt 0.370186 1.000000
vt 0.368944 0.000000
vt 0.371429 1.000000
vt 0.370186 0.000000
vt 0.372671 1.000000
vt 0.371429 0.000000
vt 0.373913 1.000000
vt 0.372671 0.000000
vt 0.375155 1.000000
vt 0.373913 0.000000
vt 0.376398 1.000000
vt 0.375155 0.000000
vt 0.377640 1.000000
vt 0.376398 0.000000
vt 0.378882 1.000000
vt 0.377640 0.000000
vt 0.380124 1.000000
vt 0.378882 0.000000
vt 0.381366 1.000000
vt 0.380124 0.000000
vt 0.382609 1.000000
vt 0.381366 0.000000
vt 0.383851 1.000000
vt 0.382609 0.000000
vt 0.385093 1.000000
vt 0.383851 0.000000
vt 0.386335 1.000000
vt 0.385093 0.000000
vt 0.387578 1.000000
vt 0.386335 0.000000
vt 0.388820 1.000000
vt 0.387578 0.000000
vt 0.390062 1.000000
vt 0.388820 0.000000
vt 0.391304 1.000000
vt 0.390062 0.000000
vt 0.392547 1.000000
vt 0.391304 0.000000
vt 0.393789 1.000000
vt 0.392547 0.000000
vt 0.395031 1.000000
vt 0.393789 0.000000
vt 0.396273 1.000000
vt 0.395031 0.000000
vt 0.397516 1.000000
vt 0.396273 0.000000
vt 0.398758 1.000000
vt 0.397516 0.000000
vt 0.400000 1.000000
vt 0.398758 0.000000
vt 0.401242 1.000000
vt 0.400000 0.000000
vt 0.402484 1.000000
vt 0.401242 0.000000
vt 0.403727 1.000000
vt 0.402484 0.000000
vt 0.404969 1.000000
vt 0.403727 0.000000
vt 0.406211 1.000000
vt 0.404969 0.000000
vt 0.407453 1.000000
vt 0.406211 0.000000
vt 0.408696 1.000000
vt 0.407453 0.000000
vt 0.409938 1.000000
vt 0.408696 0.000000
vt 0.411180 1.000000
vt 0.409938 0.000000
vt 0.412422 1.000000
vt 0.411180 0.000000
vt 0.413665 1.000000
vt 0.412422 0.000000
vt 0.414907 1.000000
vt 0.413665 0.000000
vt 0.416149 1.000000
vt 0.414907 0.000000
vt 0.417391 1.000000
vt 0.416149 0.000000
vt 0.418634 1.000000
vt 0.417391 0.000000
vt 0.419876 1.000000
vt 0.418634 0.000000
vt 0.421118 1.000000
vt 0.419876 0.000000
vt 0.422360 1.000000
vt 0.421118 0.000000
vt 0.423602 1.000000
vt 0.422360 0.000000
vt 0.424845 1.000000
vt 0.423602 0.000000
vt 0.426087 1.000000
vt 0.424845 0.000000
vt 0.427329 1.000000
vt 0.426087 0.000000
vt 0.428571 1.000000
vt 0.427329 0.000000
vt 0.429814 1.000000
vt 0.428571 0.000000
vt 0.431056 1.000000
vt 0.429814 0.000000
vt 0.432298 1.000000
vt 0.431056 0.000000
vt 0.433540 1.000000
vt 0.432298 0.000000
vt 0.434783 1.000000
vt 0.433540 0.000000
vt 0.436025 1.000000
vt 0.434783 0.000000
vt 0.437267 1.000000
vt 0.436025 0.000000
vt 0.438509 1.000000
vt 0.437267 0.000000
vt 0.439752 1.000000
vt 0.438509 0.000000
vt 0.440994 1.000000
vt 0.439752 0.000000
vt 0.442236 1.000000
vt 0.440994 0.000000
vt 0.443478 1.000000
vt 0.442236 0.000000
vt 0.444721 1.000000
vt 0.443478 0.000000
vt 0.445963 1.000000
vt 0.444721 0.000000
vt 0.447205 1.000000
vt 0.445963 0.000000
vt 0.448447 1.000000
vt 0.447205 0.000000
vt 0.449689 1.000000
vt 0.448447 0.000000
vt 0.450932 1.000000
vt 0.449689 0.000000
vt 0.452174 1.000000
vt 0.450932 0.000000
vt 0.453416 1.000000
vt 0.452174 0.000000
vt 0.454658 1.000000
vt 0.453416 0.000000
vt 0.455901 1.000000
vt 0.454658 0.000000
vt 0.457143 1.000000
vt 0.455901 0.000000
vt 0.458385 1.000000
vt 0.457143 0.000000
vt 0.459627 1.000000
vt 0.458385 0.000000
vt 0.460870 1.000000
vt 0.459627 0.000000
vt 0.462112 1.000000
vt 0.460870 0.000000
vt 0.463354 1.000000
vt 0.462112 0.000000
vt 0.464596 1.000000
vt 0.463354 0.000000
vt 0.465839 1.000000
vt 0.464596 0.000000
vt 0.467081 1.000000
vt 0.465839 0.000000
vt 0.468323 1.000000
vt 0.467081 0.000000
vt 0.469565 1.000000
vt 0.468323 0.000000
vt 0.470807 1.000000
vt 0.469565 0.000000
vt 0.472050 1.000000
vt 0.470807 0.000000
vt 0.473292 1.000000
vt 0.472050 0.000000
vt 0.474534 1.000000
vt 0.473292 0.000000
vt 0.475776 1.000000
vt 0.474534 0.000000
vt 0.477019 1.000000
vt 0.475776 0.000000
vt 0.478261 1.000000
vt 0.477019 0.000000
vt 0.479503 1.000000
vt 0.478261 0.000000
vt 0.480745 1.000000
vt 0.479503 0.000000
vt 0.481988 1.000000
vt 0.480745 0.000000
vt 0.483230 1.000000
vt 0.481988 0.000000
vt 0.484472 1.000000
vt 0.483230 0.000000
vt 0.485714 1.000000
vt 0.484472 0.000000
vt 0.486957 1.000000
vt 0.485714 0.000000
vt 0.488199 1.000000
vt 0.486957 0.000000
vt 0.489441 1.000000
vt 0.488199 0.000000
vt 0.490683 1.000000
vt 0.489441 0.000000
vt 0.491925 1.000000
vt 0.490683 0.000000
vt 0.493168 1.000000
vt 0.491925 0.000000
vt 0.494410 1.000000
vt 0.493168 0.000000
vt 0.495652 1.000000
vt 0.494410 0.000000
vt 0.496894 1.000000
vt 0.495652 0.000000
vt 0.498137 1.000000
vt 0.496894 0.000000
vt 0.499379 1.000000
vt 0.498137 0.000000
vt 0.500621 1.000000
vt 0.499379 0.000000
vt 0.501863 1.000000
vt 0.500621 0.000000
vt 0.503106 1.000000
vt 0.501863 0.000000
vt 0.504348 1.000000
vt 0.503106 0.000000
vt 0.505590 1.000000
vt 0.504348 0.000000
vt 0.506832 1.000000
vt 0.505590 0.000000
vt 0.508075 1.000000
vt 0.506832 0.000000
vt 0.509317 1.000000
vt 0.508075 0.000000
vt 0.510559 1.000000
vt 0.509317 0.000000
vt 0.511801 1.000000
vt 0.510559 0.000000
vt 0.513043 1.000000
vt 0.511801 0.000000
vt 0.514286 1.000000
vt 0.513043 0.000000
vt 0.515528 1.000000
vt 0.514286 0.000000
vt 0.516770 1.000000
vt 0.515528 0.000000
vt 0.518012 1.000000
vt 0.516770 0.000000
vt 0.519255 1.000000
vt 0.518012 0.000000
vt 0.520497 1.000000
vt 0.519255 0.000000
vt 0.521739 1.000000
vt 0.520497 0.000000
vt 0.522981 1.000000
vt 0.521739 0.000000
vt 0.524224 1.000000
vt 0.522981 0.000000
vt 0.525466 1.000000
vt 0.524224 0.000000
vt 0.526708 1.000000
vt 0.525466 0.000000
vt 0.527950 1.000000
vt 0.526708 0.000000
vt 0.529193 1.000000
vt 0.527950 0.000000
vt 0.530435 1.000000
vt 0.529193 0.000000
vt 0.531677 1.000000
vt 0.530435 0.000000
vt 0.532919 1.000000
vt 0.531677 0.000000
vt 0.534162 1.000000
vt 0.532919 0.000000
vt 0.535404 1.000000
vt 0.534162 0.000000
vt 0.536646 1.000000
vt 0.535404 0.000000
vt 0.537888 1.000000
vt 0.536646 0.000000
vt 0.539130 1.000000
vt 0.537888 0.000000
vt 0.540373 1.000000
vt 0.539130 0.000000
vt 0.541615 1.000000
vt 0.540373 0.000000
vt 0.542857 1.000000
vt 0.541615 0.000000
vt 0.544099 1.000000
vt 0.542857 0.000000
vt 0.545342 1.000000
vt 0.544099 0.000000
vt 0.546584 1.000000
vt 0.545342 0.000000
vt 0.547826 1.000000
vt 0.546584 0.000000
vt 0.549068 1.000000
vt 0.547826 0.000000
vt 0.550311 1.000000
vt 0.549068 0.000000
vt 0.551553 1.000000
vt 0.550311 0.000000
vt 0.552795 1.000000
vt 0.551553 0.000000
vt 0.554037 1.000000
vt 0.552795 0.000000
vt 0.555279 1.000000
vt 0.554037 0.000000
vt 0.556522 1.000000
vt 0.555279 0.000000
vt 0.557764 1.000000
vt 0.556522 0.000000
vt 0.559006 1.000000
vt 0.557764 0.000000
vt 0.560248 1.000000
vt 0.559006 0.000000
vt 0.561491 1.000000
vt 0.560248 0.000000
vt 0.562733 1.000000
vt 0.561491 0.000000
vt 0.563975 1.000000
vt 0.562733 0.000000
vt 0.565217 1.000000
vt 0.563975 0.000000
vt 0.566460 1.000000
vt 0.565217 0.000000
vt 0.567702 1.000000
vt 0.566460 0.000000
vt 0.568944 1.000000
vt 0.567702 0.000000
vt 0.570186 1.000000
vt 0.568944 0.000000
vt 0.571429 1.000000
vt 0.570186 0.000000
vt 0.572671 1.000000
vt 0.571429 0.000000
vt 0.573913 1.000000
vt 0.572671 0.000000
vt 0.575155 1.000000
vt 0.573913 0.000000
vt 0.576398 1.000000
vt 0.575155 0.000000
vt 0.577640 1.000000
vt 0.576398 0.000000
vt 0.578882 1.000000
vt 0.577640 0.000000
vt 0.580124 1.000000
vt 0.578882 0.000000
vt 0.581366 1.000000
vt 0.580124 0.000000
vt 0.582609 1.000000
vt 0.581366 0.000000
vt 0.583851 1.000000
vt 0.582609 0.000000
vt 0.585093 1.000000
vt 0.583851 0.000000
vt 0.586335 1.000000
vt 0.585093 0.000000
vt 0.587578 1.000000
vt 0.586335 0.000000
vt 0.588820 1.000000
vt 0.587578 0.000000
vt 0.590062 1.000000
vt 0.588820 0.000000
vt 0.591304 1.000000
vt 0.590062 0.000000
vt 0.592547 1.000000
vt 0.591304 0.000000
vt 0.593789 1.000000
vt 0.592547 0.000000
vt 0.595031 1.000000
vt 0.593789 0.000000
vt 0.596273 1.000000
vt 0.595031 0.000000
vt 0.597516 1.000000
vt 0.596273 0.000000
vt 0.598758 1.000000
vt 0.597516 0.000000
vt 0.600000 1.000000
vt 0.598758 0.000000
vt 0.601242 1.000000
vt 0.600000 0.000000
vt 0.602484 1.000000
vt 0.601242 0.000000
vt 0.603727 1.000000
vt 0.602484 0.000000
vt 0.604969 1.000000
vt 0.603727 0.000000
vt 0.606211 1.000000
vt 0.604969 0.000000
vt 0.607453 1.000000
vt 0.606211 0.000000
vt 0.608696 1.000000
vt 0.607453 0.000000
vt 0.609938 1.000000
vt 0.608696 0.000000
vt 0.611180 1.000000
vt 0.609938 0.000000
vt 0.612422 1.000000
vt 0.611180 0.000000
vt 0.613665 1.000000
vt 0.612422 0.000000
vt 0.614907 1.000000
vt 0.613665 0.000000
vt 0.616149 1.000000
vt 0.614907 0.000000
vt 0.617391 1.000000
vt 0.616149 0.000000
vt 0.618634 1.000000
vt 0.617391 0.000000
vt 0.619876 1.000000
vt 0.618634 0.000000
vt 0.621118 1.000000
vt 0.619876 0.000000
vt 0.622360 1.000000
vt 0.621118 0.000000
vt 0.623603 1.000000
vt 0.622360 0.000000
vt 0.624845 1.000000
vt 0.623603 0.000000
vt 0.626087 1.000000
vt 0.624845 0.000000
vt 0.627329 1.000000
vt 0.626087 0.000000
vt 0.628571 1.000000
vt 0.627329 0.000000
vt 0.629814 1.000000
vt 0.628571 0.000000
vt 0.631056 1.000000
vt 0.629814 0.000000
vt 0.632298 1.000000
vt 0.631056 0.000000
vt 0.633540 1.000000
vt 0.632298 0.000000
vt 0.634783 1.000000
vt 0.633540 0.000000
vt 0.636025 1.000000
vt 0.634783 0.000000
vt 0.637267 1.000000
vt 0.636025 0.000000
vt 0.638509 1.000000
vt 0.637267 0.000000
vt 0.639752 1.000000
vt 0.638509 0.000000
vt 0.640994 1.000000
vt 0.639752 0.000000
vt 0.642236 1.000000
vt 0.640994 0.000000
vt 0.643478 1.000000
vt 0.642236 0.000000
vt 0.644720 1.000000
vt 0.643478 0.000000
vt 0.645963 1.000000
vt 0.644720 0.000000
vt 0.647205 1.000000
vt 0.645963 0.000000
vt 0.648447 1.000000
vt 0.647205 0.000000
vt 0.649689 1.000000
vt 0.648447 0.000000
vt 0.650932 1.000000
vt 0.649689 0.000000
vt 0.652174 1.000000
vt 0.650932 0.000000
vt 0.653416 1.000000
vt 0.652174 0.000000
vt 0.654658 1.000000
vt 0.653416 0.000000
vt 0.655901 1.000000
vt 0.654658 0.000000
vt 0.657143 1.000000
vt 0.655901 0.000000
vt 0.658385 1.000000
vt 0.657143 0.000000
vt 0.659627 1.000000
vt 0.658385 0.000000
vt 0.660870 1.000000
vt 0.659627 0.000000
vt 0.662112 1.000000
vt 0.660870 0.000000
vt 0.663354 1.000000
vt 0.662112 0.000000
vt 0.664596 1.000000
vt 0.663354 0.000000
vt 0.665838 1.000000
vt 0.664596 0.000000
vt 0.667081 1.000000
vt 0.665838 0.000000
vt 0.668323 1.000000
vt 0.667081 0.000000
vt 0.669565 1.000000
vt 0.668323 0.000000
vt 0.670807 1.000000
vt 0.669565 0.000000
vt 0.672050 1.000000
vt 0.670807 0.000000
vt 0.673292 1.000000
vt 0.672050 0.000000
vt 0.674534 1.000000
vt 0.673292 0.000000
vt 0.675776 1.000000
vt 0.674534 0.000000
vt 0.677019 1.000000
vt 0.675776 0.000000
vt 0.678261 1.000000
vt 0.677019 0.000000
vt 0.679503 1.000000
vt 0.678261 0.000000
vt 0.680745 1.000000
vt 0.679503 0.000000
vt 0.681988 1.000000
vt 0.680745 0.000000
vt 0.683230 1.000000
vt 0.681988 0.000000
vt 0.684472 1.000000
vt 0.683230 0.000000
vt 0.685714 1.000000
vt 0.684472 0.000000
vt 0.686957 1.000000
vt 0.685714 0.000000
vt 0.688199 1.000000
vt 0.686957 0.000000
vt 0.689441 1.000000
vt 0.688199 0.000000
vt 0.690683 1.000000
vt 0.689441 0.000000
vt 0.691925 1.000000
vt 0.690683 0.000000
vt 0.693168 1.000000
vt 0.691925 0.000000
vt 0.694410 1.000000
vt 0.693168 0.000000
vt 0.695652 1.000000
vt 0.694410 0.000000
vt 0.696894 1.000000
vt 0.695652 0.000000
vt 0.698137 1.000000
vt 0.696894 0.000000
vt 0.699379 1.000000
vt 0.698137 0.000000
vt 0.700621 1.000000
vt 0.699379 0.000000
vt 0.701863 1.000000
vt 0.700621 0.000000
vt 0.703106 1.000000
vt 0.701863 0.000000
vt 0.704348 1.000000
vt 0.703106 0.000000
vt 0.705590 1.000000
vt 0.704348 0.000000
vt 0.706832 1.000000
vt 0.705590 0.000000
vt 0.708075 1.000000
vt 0.706832 0.000000
vt 0.709317 1.000000
vt 0.708075 0.000000
vt 0.710559 1.000000
vt 0.709317 0.000000
vt 0.711801 1.000000
vt 0.710559 0.000000
vt 0.713043 1.000000
vt 0.711801 0.000000
vt 0.714286 1.000000
vt 0.713043 0.000000
vt 0.715528 1.000000
vt 0.714286 0.000000
vt 0.716770 1.000000
vt 0.715528 0.000000
vt 0.718012 1.000000
vt 0.716770 0.000000
vt 0.719255 1.000000
vt 0.718012 0.000000
vt 0.720497 1.000000
vt 0.719255 0.000000
vt 0.721739 1.000000
vt 0.720497 0.000000
vt 0.722981 1.000000
vt 0.721739 0.000000
vt 0.724224 1.000000
vt 0.722981 0.000000
vt 0.725466 1.000000
vt 0.724224 0.000000
vt 0.726708 1.000000
vt 0.725466 0.000000
vt 0.727950 1.000000
vt 0.726708 0.000000
vt 0.729193 1.000000
vt 0.727950 0.000000
vt 0.730435 1.000000
vt 0.729193 0.000000
vt 0.731677 1.000000
vt 0.730435 0.000000
vt 0.732919 1.000000
vt 0.731677 0.000000
vt 0.734161 1.000000
vt 0.732919 0.000000
vt 0.735404 1.000000
vt 0.734161 0.000000
vt 0.736646 1.000000
vt 0.735404 0.000000
vt 0.737888 1.000000
vt 0.736646 0.000000
vt 0.739130 1.000000
vt 0.737888 0.000000
vt 0.740373 1.000000
vt 0.739130 0.000000
vt 0.741615 1.000000
vt 0.740373 0.000000
vt 0.742857 1.000000
vt 0.741615 0.000000
vt 0.744099 1.000000
vt 0.742857 0.000000
vt 0.745342 1.000000
vt 0.744099 0.000000
vt 0.746584 1.000000
vt 0.745342 0.000000
vt 0.747826 1.000000
vt 0.746584 0.000000
vt 0.749068 1.000000
vt 0.747826 0.000000
vt 0.750311 1.000000
vt 0.749068 0.000000
vt 0.751553 1.000000
vt 0.750311 0.000000
vt 0.752795 1.000000
vt 0.751553 0.000000
vt 0.754037 1.000000
vt 0.752795 0.000000
vt 0.755279 1.000000
vt 0.754037 0.000000
vt 0.756522 1.000000
vt 0.755279 0.000000
vt 0.757764 1.000000
vt 0.756522 0.000000
vt 0.759006 1.000000
vt 0.757764 0.000000
vt 0.760248 1.000000
vt 0.759006 0.000000
vt 0.761491 1.000000
vt 0.760248 0.000000
vt 0.762733 1.000000
vt 0.761491 0.000000
vt 0.763975 1.000000
vt 0.762733 0.000000
vt 0.765217 1.000000
vt 0.763975 0.000000
vt 0.766460 1.000000
vt 0.765217 0.000000
vt 0.767702 1.000000
vt 0.766460 0.000000
vt 0.768944 1.000000
vt 0.767702 0.000000
vt 0.770186 1.000000
vt 0.768944 0.000000
vt 0.771429 1.000000
vt 0.770186 0.000000
vt 0.772671 1.000000
vt 0.771429 0.000000
vt 0.773913 1.000000
vt 0.772671 0.000000
vt 0.775155 1.000000
vt 0.773913 0.000000
vt 0.776398 1.000000
vt 0.775155 0.000000
vt 0.777640 1.000000
vt 0.776398 0.000000
vt 0.778882 1.000000
vt 0.777640 0.000000
vt 0.780124 1.000000
vt 0.778882 0.000000
vt 0.781366 1.000000
vt 0.780124 0.000000
vt 0.782609 1.000000
vt 0.781366 0.000000
vt 0.783851 1.000000
vt 0.782609 0.000000
vt 0.785093 1.000000
vt 0.783851 0.000000
vt 0.786335 1.000000
vt 0.785093 0.000000
vt 0.787578 1.000000
vt 0.786335 0.000000
vt 0.788820 1.000000
vt 0.787578 0.000000
vt 0.790062 1.000000
vt 0.788820 0.000000
vt 0.791304 1.000000
vt 0.790062 0.000000
vt 0.792547 1.000000
vt 0.791304 0.000000
vt 0.793789 1.000000
vt 0.792547 0.000000
vt 0.795031 1.000000
vt 0.793789 0.000000
vt 0.796273 1.000000
vt 0.795031 0.000000
vt 0.797516 1.000000
vt 0.796273 0.000000
vt 0.798758 1.000000
vt 0.797516 0.000000
vt 0.800000 1.000000
vt 0.798758 0.000000
vt 0.801242 1.000000
vt 0.800000 0.000000
vt 0.802484 1.000000
vt 0.801242 0.000000
vt 0.803727 1.000000
vt 0.802484 0.000000
vt 0.804969 1.000000
vt 0.803727 0.000000
vt 0.806211 1.000000
vt 0.804969 0.000000
vt 0.807453 1.000000
vt 0.806211 0.000000
vt 0.808696 1.000000
vt 0.807453 0.000000
vt 0.809938 1.000000
vt 0.808696 0.000000
vt 0.811180 1.000000
vt 0.809938 0.000000
vt 0.812422 1.000000
vt 0.811180 0.000000
vt 0.813665 1.000000
vt 0.812422 0.000000
vt 0.814907 1.000000
vt 0.813665 0.000000
vt 0.816149 1.000000
vt 0.814907 0.000000
vt 0.817391 1.000000
vt 0.816149 0.000000
vt 0.818634 1.000000
vt 0.817391 0.000000
vt 0.819876 1.000000
vt 0.818634 0.000000
vt 0.821118 1.000000
vt 0.819876 0.000000
vt 0.822360 1.000000
vt 0.821118 0.000000
vt 0.823602 1.000000
vt 0.822360 0.000000
vt 0.824845 1.000000
vt 0.823602 0.000000
vt 0.826087 1.000000
vt 0.824845 0.000000
vt 0.827329 1.000000
vt 0.826087 0.000000
vt 0.828571 1.000000
vt 0.827329 0.000000
vt 0.829814 1.000000
vt 0.828571 0.000000
vt 0.831056 1.000000
vt 0.829814 0.000000
vt 0.832298 1.000000
vt 0.831056 0.000000
vt 0.833540 1.000000
vt 0.832298 0.000000
vt 0.834783 1.000000
vt 0.833540 0.000000
vt 0.836025 1.000000
vt 0.834783 0.000000
vt 0.837267 1.000000
vt 0.836025 0.000000
vt 0.838509 1.000000
vt 0.837267 0.000000
vt 0.839752 1.000000
vt 0.838509 0.000000
vt 0.840994 1.000000
vt 0.839752 0.000000
vt 0.842236 1.000000
vt 0.840994 0.000000
vt 0.843478 1.000000
vt 0.842236 0.000000
vt 0.844720 1.000000
vt 0.843478 0.000000
vt 0.845963 1.000000
vt 0.844720 0.000000
vt 0.847205 1.000000
vt 0.845963 0.000000
vt 0.848447 1.000000
vt 0.847205 0.000000
vt 0.849689 1.000000
vt 0.848447 0.000000
vt 0.850932 1.000000
vt 0.849689 0.000000
vt 0.852174 1.000000
vt 0.850932 0.000000
vt 0.853416 1.000000
vt 0.852174 0.000000
vt 0.854658 1.000000
vt 0.853416 0.000000
vt 0.855901 1.000000
vt 0.854658 0.000000
vt 0.857143 1.000000
vt 0.855901 0.000000
vt 0.858385 1.000000
vt 0.857143 0.000000
vt 0.859627 1.000000
vt 0.858385 0.000000
vt 0.860870 1.000000
vt 0.859627 0.000000
vt 0.862112 1.000000
vt 0.860870 0.000000
vt 0.863354 1.000000
vt 0.862112 0.000000
vt 0.864596 1.000000
vt 0.863354 0.000000
vt 0.865839 1.000000
vt 0.864596 0.000000
vt 0.867081 1.000000
vt 0.865839 0.000000
vt 0.868323 1.000000
vt 0.867081 0.000000
vt 0.869565 1.000000
vt 0.868323 0.000000
vt 0.870807 1.000000
vt 0.869565 0.000000
vt 0.872050 1.000000
vt 0.870807 0.000000
vt 0.873292 1.000000
vt 0.872050 0.000000
vt 0.874534 1.000000
vt 0.873292 0.000000
vt 0.875776 1.000000
vt 0.874534 0.000000
vt 0.877019 1.000000
vt 0.875776 0.000000
vt 0.878261 1.000000
vt 0.877019 0.000000
vt 0.879503 1.000000
vt 0.878261 0.000000
vt 0.880745 1.000000
vt 0.879503 0.000000
vt 0.881988 1.000000
vt 0.880745 0.000000
vt 0.883230 1.000000
vt 0.881988 0.000000
vt 0.884472 1.000000
vt 0.883230 0.000000
vt 0.885714 1.000000
vt 0.884472 0.000000
vt 0.886957 1.000000
vt 0.885714 0.000000
vt 0.888199 1.000000
vt 0.886957 0.000000
vt 0.889441 1.000000
vt 0.888199 0.000000
vt 0.890683 1.000000
vt 0.889441 0.000000
vt 0.891925 1.000000
vt 0.890683 0.000000
vt 0.893168 1.000000
vt 0.891925 0.000000
vt 0.894410 1.000000
vt 0.893168 0.000000
vt 0.895652 1.000000
vt 0.894410 0.000000
vt 0.896894 1.000000
vt 0.895652 0.000000
vt 0.898137 1.000000
vt 0.896894 0.000000
vt 0.899379 1.000000
vt 0.898137 0.000000
vt 0.900621 1.000000
vt 0.899379 0.000000
vt 0.901863 1.000000
vt 0.900621 0.000000
vt 0.903106 1.000000
vt 0.901863 0.000000
vt 0.904348 1.000000
vt 0.903106 0.000000
vt 0.905590 1.000000
vt 0.904348 0.000000
vt 0.906832 1.000000
vt 0.905590 0.000000
vt 0.908075 1.000000
vt 0.906832 0.000000
vt 0.909317 1.000000
vt 0.908075 0.000000
vt 0.910559 1.000000
vt 0.909317 0.000000
vt 0.911801 1.000000
vt 0.910559 0.000000
vt 0.913043 1.000000
vt 0.911801 0.000000
vt 0.914286 1.000000
vt 0.913043 0.000000
vt 0.915528 1.000000
vt 0.914286 0.000000
vt 0.916770 1.000000
vt 0.915528 0.000000
vt 0.918012 1.000000
vt 0.916770 0.000000
vt 0.919255 1.000000
vt 0.918012 0.000000
vt 0.920497 1.000000
vt 0.919255 0.000000
vt 0.921739 1.000000
vt 0.920497 0.000000
vt 0.922981 1.000000
vt 0.921739 0.000000
vt 0.924224 1.000000
vt 0.922981 0.000000
vt 0.925466 1.000000
vt 0.924224 0.000000
vt 0.926708 1.000000
vt 0.925466 0.000000
vt 0.927950 1.000000
vt 0.926708 0.000000
vt 0.929193 1.000000
vt 0.927950 0.000000
vt 0.930435 1.000000
vt 0.929193 0.000000
vt 0.931677 1.000000
vt 0.930435 0.000000
vt 0.932919 1.000000
vt 0.931677 0.000000
vt 0.934161 1.000000
vt 0.932919 0.000000
vt 0.935404 1.000000
vt 0.934161 0.000000
vt 0.936646 1.000000
vt 0.935404 0.000000
vt 0.937888 1.000000
vt 0.936646 0.000000
vt 0.939130 1.000000
vt 0.937888 0.000000
vt 0.940373 1.000000
vt 0.939130 0.000000
vt 0.941615 1.000000
vt 0.940373 0.000000
vt 0.942857 1.000000
vt 0.941615 0.000000
vt 0.944099 1.000000
vt 0.942857 0.000000
vt 0.945342 1.000000
vt 0.944099 0.000000
vt 0.946584 1.000000
vt 0.945342 0.000000
vt 0.947826 1.000000
vt 0.946584 0.000000
vt 0.949068 1.000000
vt 0.947826 0.000000
vt 0.950311 1.000000
vt 0.949068 0.000000
vt 0.951553 1.000000
vt 0.950311 0.000000
vt 0.952795 1.000000
vt 0.951553 0.000000
vt 0.954037 1.000000
vt 0.952795 0.000000
vt 0.955280 1.000000
vt 0.954037 0.000000
vt 0.956522 1.000000
vt 0.955280 0.000000
vt 0.957764 1.000000
vt 0.956522 0.000000
vt 0.959006 1.000000
vt 0.957764 0.000000
vt 0.960248 1.000000
vt 0.959006 0.000000
vt 0.961491 1.000000
vt 0.960248 0.000000
vt 0.962733 1.000000
vt 0.961491 0.000000
vt 0.963975 1.000000
vt 0.962733 0.000000
vt 0.965217 1.000000
vt 0.963975 0.000000
vt 0.966460 1.000000
vt 0.965217 0.000000
vt 0.967702 1.000000
vt 0.966460 0.000000
vt 0.968944 1.000000
vt 0.967702 0.000000
vt 0.970186 1.000000
vt 0.968944 0.000000
vt 0.971429 1.000000
vt 0.970186 0.000000
vt 0.972671 1.000000
vt 0.971429 0.000000
vt 0.973913 1.000000
vt 0.972671 0.000000
vt 0.975155 1.000000
vt 0.973913 0.000000
vt 0.976398 1.000000
vt 0.975155 0.000000
vt 0.977640 1.000000
vt 0.976398 0.000000
vt 0.978882 1.000000
vt 0.977640 0.000000
vt 0.980124 1.000000
vt 0.978882 0.000000
vt 0.981366 1.000000
vt 0.980124 0.000000
vt 0.982609 1.000000
vt 0.981366 0.000000
vt 0.983851 1.000000
vt 0.982609 0.000000
vt 0.985093 1.000000
vt 0.983851 0.000000
vt 0.986335 1.000000
vt 0.985093 0.000000
vt 0.987578 1.000000
vt 0.986335 0.000000
vt 0.988820 1.000000
vt 0.987578 0.000000
vt 0.990062 1.000000
vt 0.988820 0.000000
vt 0.991304 1.000000
vt 0.990062 0.000000
vt 0.992547 1.000000
vt 0.991304 0.000000
vt 0.993789 1.000000
vt 0.992547 0.000000
vt 0.995031 1.000000
vt 0.993789 0.000000
vt 0.996273 1.000000
vt 0.995031 0.000000
vt 0.997515 1.000000
vt 0.996273 0.000000
vt 0.998758 1.000000
vt 0.997515 0.000000
vt 1.000000 1.000000
vt 0.998758 0.000000
vt 0.013699 1.000000
vt 0.027397 1.000000
vt 0.013699 0.000000
vt 0.041096 1.000000
vt 0.027397 0.000000
vt 0.054795 1.000000
vt 0.041096 0.000000
vt 0.068493 1.000000
vt 0.054795 0.000000
vt 0.082192 1.000000
vt 0.068493 0.000000
vt 0.095890 1.000000
vt 0.082192 0.000000
vt 0.109589 1.000000
vt 0.095890 0.000000
vt 0.123288 1.000000
vt 0.109589 0.000000
vt 0.136986 1.000000
vt 0.123288 0.000000
vt 0.150685 1.000000
vt 0.136986 0.000000
vt 0.164384 1.000000
vt 0.150685 0.000000
vt 0.178082 1.000000
vt 0.164384 0.000000
vt 0.191781 1.000000
vt 0.178082 0.000000
vt 0.205479 1.000000
vt 0.191781 0.000000
vt 0.219178 1.000000
vt 0.205479 0.000000
vt 0.232877 1.000000
vt 0.219178 0.000000
vt 0.246575 1.000000
vt 0.232877 0.000000
vt 0.260274 1.000000
vt 0.246575 0.000000
vt 0.273973 1.000000
vt 0.260274 0.000000
vt 0.287671 1.000000
vt 0.273973 0.000000
vt 0.301370 1.000000
vt 0.287671 0.000000
vt 0.315068 1.000000
vt 0.301370 0.000000
vt 0.328767 1.000000
vt 0.315068 0.000000
vt 0.342466 1.000000
vt 0.328767 0.000000
vt 0.356164 1.000000
vt 0.342466 0.000000
vt 0.369863 1.000000
vt 0.356164 0.000000
vt 0.383562 1.000000
vt 0.369863 0.000000
vt 0.397260 1.000000
vt 0.383562 0.000000
vt 0.410959 1.000000
vt 0.397260 0.000000
vt 0.424658 1.000000
vt 0.410959 0.000000
vt 0.438356 1.000000
vt 0.424658 0.000000
vt 0.452055 1.000000
vt 0.438356 0.000000
vt 0.465753 1.000000
vt 0.452055 0.000000
vt 0.479452 1.000000
vt 0.465753 0.000000
vt 0.493151 1.000000
vt 0.479452 0.000000
vt 0.506849 1.000000
vt 0.493151 0.000000
vt 0.520548 1.000000
vt 0.506849 0.000000
vt 0.534247 1.000000
vt 0.520548 0.000000
vt 0.547945 1.000000
vt 0.534247 0.000000
vt 0.561644 1.000000
vt 0.547945 0.000000
vt 0.575342 1.000000
vt 0.561644 0.000000
vt 0.589041 1.000000
vt 0.575342 0.000000
vt 0.602740 1.000000
vt 0.589041 0.000000
vt 0.616438 1.000000
vt 0.602740 0.000000
vt 0.630137 1.000000
vt 0.616438 0.000000
vt 0.643836 1.000000
vt 0.630137 0.000000
vt 0.657534 1.000000
vt 0.643836 0.000000
vt 0.671233 1.000000
vt 0.657534 0.000000
vt 0.684932 1.000000
vt 0.671233 0.000000
vt 0.698630 1.000000
vt 0.684932 0.000000
vt 0.712329 1.000000
vt 0.698630 0.000000
vt 0.726027 1.000000
vt 0.712329 0.000000
vt 0.739726 1.000000
vt 0.726027 0.000000
vt 0.753425 1.000000
vt 0.739726 0.000000
vt 0.767123 1.000000
vt 0.753425 0.000000
vt 0.780822 1.000000
vt 0.767123 0.000000
vt 0.794521 1.000000
vt 0.780822 0.000000
vt 0.808219 1.000000
vt 0.794521 0.000000
vt 0.821918 1.000000
vt 0.808219 0.000000
vt 0.835616 1.000000
vt 0.821918 0.000000
vt 0.849315 1.000000
vt 0.835616 0.000000
vt 0.863014 1.000000
vt 0.849315 0.000000
vt 0.876712 1.000000
vt 0.863014 0.000000
vt 0.890411 1.000000
vt 0.876712 0.000000
vt 0.904110 1.000000
vt 0.890411 0.000000
vt 0.917808 1.000000
vt 0.904110 0.000000
vt 0.931507 1.000000
vt 0.917808 0.000000
vt 0.945205 1.000000
vt 0.931507 0.000000
vt 0.958904 1.000000
vt 0.945205 0.000000
vt 0.972603 1.000000
vt 0.958904 0.000000
vt 0.986301 1.000000
vt 0.972603 0.000000
vt 0.986301 0.000000
vt 0.027778 1.000000
vt 0.055556 1.000000
vt 0.027778 0.000000
vt 0.083333 1.000000
vt 0.055556 0.000000
vt 0.111111 1.000000
vt 0.083333 0.000000
vt 0.138889 1.000000
vt 0.111111 0.000000
vt 0.166667 1.000000
vt 0.138889 0.000000
vt 0.194444 1.000000
vt 0.166667 0.000000
vt 0.222222 1.000000
vt 0.194444 0.000000
vt 0.250000 1.000000
vt 0.222222 0.000000
vt 0.277778 1.000000
vt 0.250000 0.000000
vt 0.305556 1.000000
vt 0.277778 0.000000
vt 0.333333 1.000000
vt 0.305556 0.000000
vt 0.361111 1.000000
vt 0.333333 0.000000
vt 0.388889 1.000000
vt 0.361111 0.000000
vt 0.416667 1.000000
vt 0.388889 0.000000
vt 0.444444 1.000000
vt 0.416667 0.000000
vt 0.472222 1.000000
vt 0.444444 0.000000
vt 0.500000 1.000000
vt 0.472222 0.000000
vt 0.527778 1.000000
vt 0.500000 0.000000
vt 0.555556 1.000000
vt 0.527778 0.000000
vt 0.583333 1.000000
vt 0.555556 0.000000
vt 0.611111 1.000000
vt 0.583333 0.000000
vt 0.638889 1.000000
vt 0.611111 0.000000
vt 0.666667 1.000000
vt 0.638889 0.000000
vt 0.694444 1.000000
vt 0.666667 0.000000
vt 0.722222 1.000000
vt 0.694444 0.000000
vt 0.750000 1.000000
vt 0.722222 0.000000
vt 0.777778 1.000000
vt 0.750000 0.000000
vt 0.805556 1.000000
vt 0.777778 0.000000
vt 0.833333 1.000000
vt 0.805556 0.000000
vt 0.861111 1.000000
vt 0.833333 0.000000
vt 0.888889 1.000000
vt 0.861111 0.000000
vt 0.916667 1.000000
vt 0.888889 0.000000
vt 0.944444 1.000000
vt 0.916667 0.000000
vt 0.972222 1.000000
vt 0.944444 0.000000
vt 0.972222 0.000000
vt 0.010000 1.000000
vt 0.020000 1.000000
vt 0.010000 0.000000
vt 0.030000 1.000000
vt 0.020000 0.000000
vt 0.040000 1.000000
vt 0.030000 0.000000
vt 0.050000 1.000000
vt 0.040000 0.000000
vt 0.060000 1.000000
vt 0.050000 0.000000
vt 0.070000 1.000000
vt 0.060000 0.000000
vt 0.080000 1.000000
vt 0.070000 0.000000
vt 0.090000 1.000000
vt 0.080000 0.000000
vt 0.100000 1.000000
vt 0.090000 0.000000
vt 0.110000 1.000000
vt 0.100000 0.000000
vt 0.120000 1.000000
vt 0.110000 0.000000
vt 0.130000 1.000000
vt 0.120000 0.000000
vt 0.140000 1.000000
vt 0.130000 0.000000
vt 0.150000 1.000000
vt 0.140000 0.000000
vt 0.160000 1.000000
vt 0.150000 0.000000
vt 0.170000 1.000000
vt 0.160000 0.000000
vt 0.180000 1.000000
vt 0.170000 0.000000
vt 0.190000 1.000000
vt 0.180000 0.000000
vt 0.190000 0.000000
vt 0.210000 1.000000
vt 0.220000 1.000000
vt 0.210000 0.000000
vt 0.230000 1.000000
vt 0.220000 0.000000
vt 0.240000 1.000000
vt 0.230000 0.000000
vt 0.240000 0.000000
vt 0.260000 1.000000
vt 0.270000 1.000000
vt 0.260000 0.000000
vt 0.280000 1.000000
vt 0.270000 0.000000
vt 0.290000 1.000000
vt 0.280000 0.000000
vt 0.300000 1.000000
vt 0.290000 0.000000
vt 0.310000 1.000000
vt 0.300000 0.000000
vt 0.320000 1.000000
vt 0.310000 0.000000
vt 0.330000 1.000000
vt 0.320000 0.000000
vt 0.340000 1.000000
vt 0.330000 0.000000
vt 0.350000 1.000000
vt 0.340000 0.000000
vt 0.360000 1.000000
vt 0.350000 0.000000
vt 0.370000 1.000000
vt 0.360000 0.000000
vt 0.380000 1.000000
vt 0.370000 0.000000
vt 0.390000 1.000000
vt 0.380000 0.000000
vt 0.390000 0.000000
vt 0.410000 1.000000
vt 0.420000 1.000000
vt 0.410000 0.000000
vt 0.430000 1.000000
vt 0.420000 0.000000
vt 0.440000 1.000000
vt 0.430000 0.000000
vt 0.450000 1.000000
vt 0.440000 0.000000
vt 0.460000 1.000000
vt 0.450000 0.000000
vt 0.470000 1.000000
vt 0.460000 0.000000
vt 0.480000 1.000000
vt 0.470000 0.000000
vt 0.490000 1.000000
vt 0.480000 0.000000
vt 0.490000 0.000000
vt 0.510000 1.000000
vt 0.520000 1.000000
vt 0.510000 0.000000
vt 0.530000 1.000000
vt 0.520000 0.000000
vt 0.540000 1.000000
vt 0.530000 0.000000
vt 0.550000 1.000000
vt 0.540000 0.000000
vt 0.560000 1.000000
vt 0.550000 0.000000
vt 0.570000 1.000000
vt 0.560000 0.000000
vt 0.580000 1.000000
vt 0.570000 0.000000
vt 0.590000 1.000000
vt 0.580000 0.000000
vt 0.590000 0.000000
vt 0.610000 1.000000
vt 0.620000 1.000000
vt 0.610000 0.000000
vt 0.630000 1.000000
vt 0.620000 0.000000
vt 0.640000 1.000000
vt 0.630000 0.000000
vt 0.650000 1.000000
vt 0.640000 0.000000
vt 0.660000 1.000000
vt 0.650000 0.000000
vt 0.670000 1.000000
vt 0.660000 0.000000
vt 0.680000 1.000000
vt 0.670000 0.000000
vt 0.690000 1.000000
vt 0.680000 0.000000
vt 0.700000 1.000000
vt 0.690000 0.000000
vt 0.710000 1.000000
vt 0.700000 0.000000
vt 0.720000 1.000000
vt 0.710000 0.000000
vt 0.730000 1.000000
vt 0.720000 0.000000
vt 0.740000 1.000000
vt 0.730000 0.000000
vt 0.740000 0.000000
vt 0.760000 1.000000
vt 0.770000 1.000000
vt 0.760000 0.000000
vt 0.780000 1.000000
vt 0.770000 0.000000
vt 0.790000 1.000000
vt 0.780000 0.000000
vt 0.790000 0.000000
vt 0.810000 1.000000
vt 0.820000 1.000000
vt 0.810000 0.000000
vt 0.830000 1.000000
vt 0.820000 0.000000
vt 0.840000 1.000000
vt 0.830000 0.000000
vt 0.850000 1.000000
vt 0.840000 0.000000
vt 0.860000 1.000000
vt 0.850000 0.000000
vt 0.870000 1.000000
vt 0.860000 0.000000
vt 0.880000 1.000000
vt 0.870000 0.000000
vt 0.890000 1.000000
vt 0.880000 0.000000
vt 0.900000 1.000000
vt 0.890000 0.000000
vt 0.910000 1.000000
vt 0.900000 0.000000
vt 0.920000 1.000000
vt 0.910000 0.000000
vt 0.930000 1.000000
vt 0.920000 0.000000
vt 0.940000 1.000000
vt 0.930000 0.000000
vt 0.950000 1.000000
vt 0.940000 0.000000
vt 0.960000 1.000000
vt 0.950000 0.000000
vt 0.970000 1.000000
vt 0.960000 0.000000
vt 0.980000 1.000000
vt 0.970000 0.000000
vt 0.990000 1.000000
vt 0.980000 0.000000
vt 0.990000 0.000000
s 0
f 645/1/1 647/2/1 646/3/1
f 644/4/1 647/2/1 645/1/1
f 643/5/1 647/2/1 644/4/1
f 643/5/1 648/6/1 647/2/1
f 642/7/1 648/6/1 643/5/1
f 642/7/1 649/8/1 648/6/1
f 641/9/1 649/8/1 642/7/1
f 641/9/1 650/10/1 649/8/1
f 640/11/1 650/10/1 641/9/1
f 640/11/1 651/12/1 650/10/1
f 640/11/1 652/13/1 651/12/1
f 639/14/1 652/13/1 640/11/1
f 639/14/1 653/15/1 652/13/1
f 639/14/1 654/16/1 653/15/1
f 638/17/1 654/16/1 639/14/1
f 638/17/1 655/18/1 654/16/1
f 638/17/1 656/19/1 655/18/1
f 638/17/1 657/20/1 656/19/1
f 638/17/1 658/21/1 657/20/1
f 637/22/1 658/21/1 638/17/1
f 637/22/1 659/23/1 658/21/1
f 637/22/1 660/24/1 659/23/1
f 637/22/1 661/25/1 660/24/1
f 636/26/1 661/25/1 637/22/1
f 636/26/1 662/27/1 661/25/1
f 636/26/1 663/28/1 662/27/1
f 636/26/1 664/29/1 663/28/1
f 635/30/1 664/29/1 636/26/1
f 635/30/1 665/31/1 664/29/1
f 635/30/1 666/32/1 665/31/1
f 635/30/1 667/33/1 666/32/1
f 635/30/1 668/34/1 667/33/1
f 635/30/1 669/35/1 668/34/1
f 635/30/1 670/36/1 669/35/1
f 635/30/1 671/37/1 670/36/1
f 634/38/1 671/37/1 635/30/1
f 634/38/1 672/39/1 671/37/1
f 634/38/1 673/40/1 672/39/1
f 634/38/1 674/41/1 673/40/1
f 634/38/1 675/42/1 674/41/1
f 634/38/1 676/43/1 675/42/1
f 633/44/1 676/43/1 634/38/1
f 633/44/1 677/45/1 676/43/1
f 632/46/1 677/45/1 633/44/1
f 632/46/1 678/47/1 677/45/1
f 631/48/1 678/47/1 632/46/1
f 630/49/1 678/47/1 631/48/1
f 630/49/1 679/50/1 678/47/1
f 629/51/1 679/50/1 630/49/1
f 628/52/1 679/50/1 629/51/1
f 628/52/1 680/53/1 679/50/1
f 627/54/1 680/53/1 628/52/1
f 626/55/1 680/53/1 627/54/1
f 626/55/1 681/56/1 680/53/1
f 625/57/1 681/56/1 626/55/1
f 624/58/1 681/56/1 625/57/1
f 623/59/1 681/56/1 624/58/1
f 623/59/1 682/60/1 681/56/1
f 622/61/1 682/60/1 623/59/1
f 621/62/1 682/60/1 622/61/1
f 621/62/1 683/63/1 682/60/1
f 621/62/1 684/64/1 683/63/1
f 621/62/1 685/65/1 684/64/1
f 620/66/1 685/65/1 621/62/1
f 619/67/1 685/65/1 620/66/1
f 619/67/1 686/68/1 685/65/1
f 618/69/1 686/68/1 619/67/1
f 617/70/1 686/68/1 618/69/1
f 616/71/1 686/68/1 617/70/1
f 616/71/1 687/72/1 686/68/1
f 615/73/1 687/72/1 616/71/1
f 614/74/1 687/72/1 615/73/1
f 613/75/1 687/72/1 614/74/1
f 613/75/1 688/76/1 687/72/1
f 612/77/1 688/76/1 613/75/1
f 611/78/1 688/76/1 612/77/1
f 610/79/1 688/76/1 611/78/1
f 610/79/1 689/80/1 688/76/1
f 609/81/1 689/80/1 610/79/1
f 607/82/1 609/81/1 608/83/1
f 607/82/1 689/80/1 609/81/1
f 607/82/1 690/84/1 689/80/1
f 607/82/1 691/85/1 690/84/1
f 606/86/1 691/85/1 607/82/1
f 606/86/1 692/87/1 691/85/1
f 695/88/1 697/89/1 696/90/1
f 606/86/1 693/91/1 692/87/1
f 606/86/1 694/92/1 693/91/1
f 605/93/1 694/92/1 606/86/1
f 605/93/1 695/88/1 694/92/1
f 605/93/1 697/89/1 695/88/1
f 605/93/1 698/94/1 697/89/1
f 604/95/1 698/94/1 605/93/1
f 603/96/1 698/94/1 604/95/1
f 602/97/1 698/94/1 603/96/1
f 602/97/1 699/98/1 698/94/1
f 601/99/1 699/98/1 602/97/1
f 600/100/1 699/98/1 601/99/1
f 599/101/1 699/98/1 600/100/1
f 599/101/1 700/102/1 699/98/1
f 598/103/1 700/102/1 599/101/1
f 597/104/1 700/102/1 598/103/1
f 596/105/1 700/102/1 597/104/1
f 596/105/1 701/106/1 700/102/1
f 595/107/1 701/106/1 596/105/1
f 594/108/1 701/106/1 595/107/1
f 594/108/1 702/109/1 701/106/1
f 593/110/1 702/109/1 594/108/1
f 593/110/1 703/111/1 702/109/1
f 592/112/1 703/111/1 593/110/1
f 591/113/1 703/111/1 592/112/1
f 591/113/1 704/114/1 703/111/1
f 590/115/1 704/114/1 591/113/1
f 590/115/1 705/116/1 704/114/1
f 589/117/1 705/116/1 590/115/1
f 589/117/1 706/118/1 705/116/1
f 588/119/1 706/118/1 589/117/1
f 587/120/1 706/118/1 588/119/1
f 587/120/1 707/121/1 706/118/1
f 586/122/1 707/121/1 587/120/1
f 586/122/1 708/123/1 707/121/1
f 585/124/1 708/123/1 586/122/1
f 585/124/1 709/125/1 708/123/1
f 584/126/1 709/125/1 585/124/1
f 584/126/1 710/127/1 709/125/1
f 584/126/1 711/128/1 710/127/1
f 584/126/1 712/129/1 711/128/1
f 583/130/1 712/129/1 584/126/1
f 583/130/1 713/131/1 712/129/1
f 583/130/1 714/132/1 713/131/1
f 583/130/1 715/133/1 714/132/1
f 582/134/1 715/133/1 583/130/1
f 582/134/1 716/135/1 715/133/1
f 582/134/1 717/136/1 716/135/1
f 582/134/1 718/137/1 717/136/1
f 581/138/1 718/137/1 582/134/1
f 581/138/1 719/139/1 718/137/1
f 580/140/1 719/139/1 581/138/1
f 580/140/1 720/141/1 719/139/1
f 580/140/1 721/142/1 720/141/1
f 579/143/1 721/142/1 580/140/1
f 579/143/1 722/144/1 721/142/1
f 579/143/1 723/145/1 722/144/1
f 578/146/1 723/145/1 579/143/1
f 578/146/1 724/147/1 723/145/1
f 578/146/1 725/148/1 724/147/1
f 577/149/1 725/148/1 578/146/1
f 577/149/1 726/150/1 725/148/1
f 577/149/1 727/151/1 726/150/1
f 576/152/1 727/151/1 577/149/1
f 576/152/1 728/153/1 727/151/1
f 781/154/1 783/155/1 782/156/1
f 780/157/1 783/155/1 781/154/1
f 780/157/1 784/158/1 783/155/1
f 779/159/1 784/158/1 780/157/1
f 576/152/1 729/160/1 728/153/1
f 778/161/1 784/158/1 779/159/1
f 778/161/1 785/162/1 784/158/1
f 777/163/1 785/162/1 778/161/1
f 777/163/1 786/164/1 785/162/1
f 776/165/1 786/164/1 777/163/1
f 775/166/1 786/164/1 776/165/1
f 775/166/1 787/167/1 786/164/1
f 774/168/1 787/167/1 775/166/1
f 575/169/1 729/160/1 576/152/1
f 774/168/1 788/170/1 787/167/1
f 575/169/1 730/171/1 729/160/1
f 773/172/1 788/170/1 774/168/1
f 772/173/1 788/170/1 773/172/1
f 772/173/1 789/174/1 788/170/1
f 771/175/1 789/174/1 772/173/1
f 575/169/1 731/176/1 730/171/1
f 771/175/1 790/177/1 789/174/1
f 770/178/1 790/177/1 771/175/1
f 769/179/1 790/177/1 770/178/1
f 768/180/1 790/177/1 769/179/1
f 767/181/1 790/177/1 768/180/1
f 766/182/1 790/177/1 767/181/1
f 766/182/1 791/183/1 790/177/1
f 765/184/1 791/183/1 766/182/1
f 764/185/1 791/183/1 765/184/1
f 763/186/1 791/183/1 764/185/1
f 762/187/1 791/183/1 763/186/1
f 761/188/1 791/183/1 762/187/1
f 575/169/1 732/189/1 731/176/1
f 760/190/1 791/183/1 761/188/1
f 759/191/1 791/183/1 760/190/1
f 758/192/1 756/193/1 759/191/1
f 756/193/1 755/194/1 759/191/1
f 755/194/1 753/195/1 759/191/1
f 753/195/1 750/196/1 759/191/1
f 750/196/1 749/197/1 759/191/1
f 749/197/1 748/198/1 759/191/1
f 748/198/1 747/199/1 759/191/1
f 747/199/1 746/200/1 759/191/1
f 746/200/1 791/183/1 759/191/1
f 757/201/2 756/193/2 758/192/2
f 754/202/1 753/195/1 755/194/1
f 752/203/1 750/196/1 753/195/1
f 751/204/1 750/196/1 752/203/1
f 745/205/1 791/183/1 746/200/1
f 744/206/1 791/183/1 745/205/1
f 574/207/1 732/189/1 575/169/1
f 744/206/1 792/208/1 791/183/1
f 743/209/1 792/208/1 744/206/1
f 742/210/1 792/208/1 743/209/1
f 574/207/1 733/211/1 732/189/1
f 741/212/1 792/208/1 742/210/1
f 740/213/1 792/208/1 741/212/1
f 740/213/1 793/214/1 792/208/1
f 739/215/1 793/214/1 740/213/1
f 738/216/1 793/214/1 739/215/1
f 737/217/1 793/214/1 738/216/1
f 736/218/1 793/214/1 737/217/1
f 735/219/1 793/214/1 736/218/1
f 734/220/1 793/214/1 735/219/1
f 574/207/1 734/220/1 733/211/1
f 574/207/1 793/214/1 734/220/1
f 574/207/1 794/221/1 793/214/1
f 573/222/1 536/223/1 574/207/1
f 536/223/1 794/221/1 574/207/1
f 536/223/1 795/224/1 794/221/1
f 573/222/1 537/225/1 536/223/1
f 535/226/1 795/224/1 536/223/1
f 535/226/1 796/227/1 795/224/1
f 534/228/1 796/227/1 535/226/1
f 533/229/1 796/227/1 534/228/1
f 532/230/1 796/227/1 533/229/1
f 531/231/1 796/227/1 532/230/1
f 530/232/1 796/227/1 531/231/1
f 572/233/1 537/225/1 573/222/1
f 530/232/1 797/234/1 796/227/1
f 529/235/1 797/234/1 530/232/1
f 528/236/1 797/234/1 529/235/1
f 527/237/1 797/234/1 528/236/1
f 572/233/1 538/238/1 537/225/1
f 526/239/1 797/234/1 527/237/1
f 525/240/1 797/234/1 526/239/1
f 524/241/1 797/234/1 525/240/1
f 524/241/1 798/242/1 797/234/1
f 523/243/1 798/242/1 524/241/1
f 571/244/1 538/238/1 572/233/1
f 570/245/1 538/238/1 571/244/1
f 569/246/1 538/238/1 570/245/1
f 569/246/1 539/247/1 538/238/1
f 522/248/1 798/242/1 523/243/1
f 568/249/1 539/247/1 569/246/1
f 522/248/1 799/250/1 798/242/1
f 567/251/1 539/247/1 568/249/1
f 566/252/1 539/247/1 567/251/1
f 566/252/1 540/253/1 539/247/1
f 521/254/1 799/250/1 522/248/1
f 521/254/1 800/255/1 799/250/1
f 565/256/1 540/253/1 566/252/1
f 564/257/1 540/253/1 565/256/1
f 564/257/1 541/258/1 540/253/1
f 520/259/1 800/255/1 521/254/1
f 520/259/1 801/260/1 800/255/1
f 563/261/1 541/258/1 564/257/1
f 563/261/1 542/262/1 541/258/1
f 519/263/1 801/260/1 520/259/1
f 562/264/1 542/262/1 563/261/1
f 561/265/1 542/262/1 562/264/1
f 519/263/1 802/266/1 801/260/1
f 518/267/1 802/266/1 519/263/1
f 561/265/1 543/268/1 542/262/1
f 560/269/1 543/268/1 561/265/1
f 517/270/1 802/266/1 518/267/1
f 560/269/1 544/271/1 543/268/1
f 517/270/1 803/272/1 802/266/1
f 559/273/1 544/271/1 560/269/1
f 516/274/1 803/272/1 517/270/1
f 558/275/1 544/271/1 559/273/1
f 558/275/1 545/276/1 544/271/1
f 515/277/1 803/272/1 516/274/1
f 557/278/1 545/276/1 558/275/1
f 514/279/1 803/272/1 515/277/1
f 556/280/1 545/276/1 557/278/1
f 514/279/1 804/281/1 803/272/1
f 556/280/1 546/282/1 545/276/1
f 555/283/1 546/282/1 556/280/1
f 513/284/1 804/281/1 514/279/1
f 554/285/1 546/282/1 555/283/1
f 512/286/1 804/281/1 513/284/1
f 553/287/1 546/282/1 554/285/1
f 553/287/1 547/288/1 546/282/1
f 511/289/1 487/290/1 512/286/1
f 487/290/1 804/281/1 512/286/1
f 511/289/1 488/291/1 487/290/1
f 486/292/1 804/281/1 487/290/1
f 486/292/1 805/293/1 804/281/1
f 485/294/1 805/293/1 486/292/1
f 552/295/1 547/288/1 553/287/1
f 484/296/1 805/293/1 485/294/1
f 511/289/1 489/297/1 488/291/1
f 510/298/1 489/297/1 511/289/1
f 483/299/1 805/293/1 484/296/1
f 551/300/1 547/288/1 552/295/1
f 482/301/1 449/302/1 483/299/1
f 449/302/1 805/293/1 483/299/1
f 482/301/1 450/303/1 449/302/1
f 448/304/1 805/293/1 449/302/1
f 510/298/1 490/305/1 489/297/1
f 447/306/1 805/293/1 448/304/1
f 481/307/1 450/303/1 482/301/1
f 509/308/1 490/305/1 510/298/1
f 446/309/1 805/293/1 447/306/1
f 481/307/1 451/310/1 450/303/1
f 551/300/1 548/311/1 547/288/1
f 550/312/1 548/311/1 551/300/1
f 445/313/1 805/293/1 446/309/1
f 480/314/1 451/310/1 481/307/1
f 444/315/1 805/293/1 445/313/1
f 509/308/1 491/316/1 490/305/1
f 480/314/1 452/317/1 451/310/1
f 443/318/1 805/293/1 444/315/1
f 479/319/1 452/317/1 480/314/1
f 508/320/1 491/316/1 509/308/1
f 442/321/1 805/293/1 443/318/1
f 479/319/1 453/322/1 452/317/1
f 549/323/1 548/311/1 550/312/1
f 478/324/1 453/322/1 479/319/1
f 441/325/1 805/293/1 442/321/1
f 508/320/1 492/326/1 491/316/1
f 440/327/1 805/293/1 441/325/1
f 477/328/1 453/322/1 478/324/1
f 477/328/1 454/329/1 453/322/1
f 507/330/1 492/326/1 508/320/1
f 439/331/1 805/293/1 440/327/1
f 476/332/1 454/329/1 477/328/1
f 438/333/1 805/293/1 439/331/1
f 507/330/1 493/334/1 492/326/1
f 476/332/1 455/335/1 454/329/1
f 437/336/1 805/293/1 438/333/1
f 475/337/1 455/335/1 476/332/1
f 506/338/1 493/334/1 507/330/1
f 437/336/1 1/339/1 805/293/1
f 436/340/1 1/339/1 437/336/1
f 475/337/1 456/341/1 455/335/1
f 506/338/1 494/342/1 493/334/1
f 474/343/1 456/341/1 475/337/1
f 435/344/1 1/339/1 436/340/1
f 505/345/1 494/342/1 506/338/1
f 434/346/1 1/339/1 435/344/1
f 474/343/1 457/347/1 456/341/1
f 473/348/1 457/347/1 474/343/1
f 472/349/1 457/347/1 473/348/1
f 505/345/1 495/350/1 494/342/1
f 433/351/1 1/339/1 434/346/1
f 471/352/1 457/347/1 472/349/1
f 470/353/1 457/347/1 471/352/1
f 432/354/1 1/339/1 433/351/1
f 504/355/1 495/350/1 505/345/1
f 470/353/1 458/356/1 457/347/1
f 469/357/1 458/356/1 470/353/1
f 431/358/1 1/339/1 432/354/1
f 468/359/1 458/356/1 469/357/1
f 504/355/1 496/360/1 495/350/1
f 430/361/1 1/339/1 431/358/1
f 467/362/1 458/356/1 468/359/1
f 503/363/1 496/360/1 504/355/1
f 429/364/1 1/339/1 430/361/1
f 467/362/1 459/365/1 458/356/1
f 466/366/1 459/365/1 467/362/1
f 428/367/1 1/339/1 429/364/1
f 465/368/1 459/365/1 466/366/1
f 427/369/1 1/339/1 428/367/1
f 503/363/1 497/370/1 496/360/1
f 426/371/1 1/339/1 427/369/1
f 502/372/1 497/370/1 503/363/1
f 464/373/1 459/365/1 465/368/1
f 425/374/1 1/339/1 426/371/1
f 464/373/1 460/375/1 459/365/1
f 424/376/1 1/339/1 425/374/1
f 463/377/1 460/375/1 464/373/1
f 501/378/1 497/370/1 502/372/1
f 501/378/1 498/379/1 497/370/1
f 462/380/1 460/375/1 463/377/1
f 423/381/1 1/339/1 424/376/1
f 462/380/1 461/382/1 460/375/1
f 500/383/1 498/379/1 501/378/1
f 500/383/1 499/384/1 498/379/1
f 422/385/1 1/339/1 423/381/1
f 422/385/1 842/386/1 1/339/1
f 842/386/1 2/387/1 1/339/1
f 421/388/1 842/386/1 422/385/1
f 420/389/1 842/386/1 421/388/1
f 419/390/1 842/386/1 420/389/1
f 419/390/1 843/391/1 842/386/1
f 841/392/1 2/387/1 842/386/1
f 418/393/1 843/391/1 419/390/1
f 840/394/1 2/387/1 841/392/1
f 418/393/1 844/395/1 843/391/1
f 417/396/1 844/395/1 418/393/1
f 839/397/1 2/387/1 840/394/1
f 416/398/1 844/395/1 417/396/1
f 838/399/1 2/387/1 839/397/1
f 416/398/1 845/400/1 844/395/1
f 838/399/1 3/401/1 2/387/1
f 415/402/1 845/400/1 416/398/1
f 837/403/1 3/401/1 838/399/1
f 415/402/1 846/404/1 845/400/1
f 414/405/1 389/406/1 415/402/1
f 389/406/1 846/404/1 415/402/1
f 836/407/1 3/401/1 837/403/1
f 389/406/1 847/408/1 846/404/1
f 414/405/1 390/409/1 389/406/1
f 388/410/1 365/411/1 389/406/1
f 365/411/1 847/408/1 389/406/1
f 413/412/1 390/409/1 414/405/1
f 835/413/1 3/401/1 836/407/1
f 388/410/1 366/414/1 365/411/1
f 364/415/1 847/408/1 365/411/1
f 363/416/1 847/408/1 364/415/1
f 413/412/1 391/417/1 390/409/1
f 412/418/1 391/417/1 413/412/1
f 387/419/1 366/414/1 388/410/1
f 363/416/1 848/420/1 847/408/1
f 362/421/1 848/420/1 363/416/1
f 834/422/1 3/401/1 835/413/1
f 361/423/1 848/420/1 362/421/1
f 387/419/1 367/424/1 366/414/1
f 360/425/1 848/420/1 361/423/1
f 834/422/1 4/426/1 3/401/1
f 412/418/1 392/427/1 391/417/1
f 359/428/1 848/420/1 360/425/1
f 411/429/1 392/427/1 412/418/1
f 386/430/1 367/424/1 387/419/1
f 359/428/1 849/431/1 848/420/1
f 386/430/1 368/432/1 367/424/1
f 358/433/1 849/431/1 359/428/1
f 833/434/1 4/426/1 834/422/1
f 357/435/1 849/431/1 358/433/1
f 411/429/1 393/436/1 392/427/1
f 410/437/1 393/436/1 411/429/1
f 385/438/1 368/432/1 386/430/1
f 385/438/1 369/439/1 368/432/1
f 356/440/1 849/431/1 357/435/1
f 356/440/1 850/441/1 849/431/1
f 832/442/1 4/426/1 833/434/1
f 410/437/1 394/443/1 393/436/1
f 385/438/1 370/444/1 369/439/1
f 409/445/1 394/443/1 410/437/1
f 384/446/1 370/444/1 385/438/1
f 355/447/1 850/441/1 356/440/1
f 384/446/1 371/448/1 370/444/1
f 354/449/1 850/441/1 355/447/1
f 409/445/1 395/450/1 394/443/1
f 408/451/1 395/450/1 409/445/1
f 354/449/1 851/452/1 850/441/1
f 383/453/1 371/448/1 384/446/1
f 831/454/1 4/426/1 832/442/1
f 383/453/1 372/455/1 371/448/1
f 353/456/1 851/452/1 354/449/1
f 831/454/1 5/457/1 4/426/1
f 407/458/1 395/450/1 408/451/1
f 407/458/1 396/459/1 395/450/1
f 382/460/1 372/455/1 383/453/1
f 382/460/1 373/461/1 372/455/1
f 353/456/1 852/462/1 851/452/1
f 352/463/1 852/462/1 353/456/1
f 406/464/1 396/459/1 407/458/1
f 351/465/1 852/462/1 352/463/1
f 830/466/1 5/457/1 831/454/1
f 406/464/1 397/467/1 396/459/1
f 381/468/1 373/461/1 382/460/1
f 350/469/1 852/462/1 351/465/1
f 381/468/1 374/470/1 373/461/1
f 349/471/1 852/462/1 350/469/1
f 405/472/1 397/467/1 406/464/1
f 380/473/1 374/470/1 381/468/1
f 348/474/1 852/462/1 349/471/1
f 405/472/1 398/475/1 397/467/1
f 348/474/1 853/476/1 852/462/1
f 380/473/1 375/477/1 374/470/1
f 347/478/1 853/476/1 348/474/1
f 404/479/1 398/475/1 405/472/1
f 379/480/1 375/477/1 380/473/1
f 346/481/1 853/476/1 347/478/1
f 829/482/1 5/457/1 830/466/1
f 404/479/1 399/483/1 398/475/1
f 379/480/1 376/484/1 375/477/1
f 345/485/1 853/476/1 346/481/1
f 378/486/1 376/484/1 379/480/1
f 403/487/1 399/483/1 404/479/1
f 344/488/1 291/489/1 345/485/1
f 291/489/1 853/476/1 345/485/1
f 291/489/1 854/490/1 853/476/1
f 403/487/1 400/491/1 399/483/1
f 344/488/1 292/492/1 291/489/1
f 290/493/1 854/490/1 291/489/1
f 378/486/1 377/494/1 376/484/1
f 829/482/1 6/495/1 5/457/1
f 289/496/1 854/490/1 290/493/1
f 343/497/1 292/492/1 344/488/1
f 288/498/1 854/490/1 289/496/1
f 402/499/1 400/491/1 403/487/1
f 828/500/1 6/495/1 829/482/1
f 287/501/1 854/490/1 288/498/1
f 286/502/1 854/490/1 287/501/1
f 342/503/1 317/504/1 343/497/1
f 317/504/1 292/492/1 343/497/1
f 285/505/1 854/490/1 286/502/1
f 402/499/1 401/506/1 400/491/1
f 284/507/1 854/490/1 285/505/1
f 342/503/1 318/508/1 317/504/1
f 316/509/1 292/492/1 317/504/1
f 283/510/1 854/490/1 284/507/1
f 341/511/1 318/508/1 342/503/1
f 316/509/1 293/512/1 292/492/1
f 341/511/1 319/513/1 318/508/1
f 282/514/1 854/490/1 283/510/1
f 316/509/1 294/515/1 293/512/1
f 281/516/1 854/490/1 282/514/1
f 281/516/1 855/517/1 854/490/1
f 341/511/1 320/518/1 319/513/1
f 316/509/1 295/519/1 294/515/1
f 280/520/1 855/517/1 281/516/1
f 279/521/1 855/517/1 280/520/1
f 340/522/1 320/518/1 341/511/1
f 316/509/1 296/523/1 295/519/1
f 340/522/1 321/524/1 320/518/1
f 278/525/1 855/517/1 279/521/1
f 827/526/1 6/495/1 828/500/1
f 315/527/1 296/523/1 316/509/1
f 315/527/1 297/528/1 296/523/1
f 340/522/1 322/529/1 321/524/1
f 339/530/1 322/529/1 340/522/1
f 315/527/1 298/531/1 297/528/1
f 339/530/1 323/532/1 322/529/1
f 338/533/1 323/532/1 339/530/1
f 315/527/1 299/534/1 298/531/1
f 314/535/1 299/534/1 315/527/1
f 277/536/1 903/537/1 278/525/1
f 903/537/1 855/517/1 278/525/1
f 338/533/1 324/538/1 323/532/1
f 314/535/1 300/539/1 299/534/1
f 337/540/1 324/538/1 338/533/1
f 826/541/1 6/495/1 827/526/1
f 337/540/1 325/542/1 324/538/1
f 313/543/1 300/539/1 314/535/1
f 313/543/1 301/544/1 300/539/1
f 336/545/1 325/542/1 337/540/1
f 826/541/1 7/546/1 6/495/1
f 336/545/1 326/547/1 325/542/1
f 335/548/1 326/547/1 336/545/1
f 276/549/1 903/537/1 277/536/1
f 313/543/1 302/550/1 301/544/1
f 312/551/1 302/550/1 313/543/1
f 334/552/1 326/547/1 335/548/1
f 334/552/1 327/553/1 326/547/1
f 276/549/1 904/554/1 903/537/1
f 902/555/1 855/517/1 903/537/1
f 825/556/1 7/546/1 826/541/1
f 312/551/1 303/557/1 302/550/1
f 901/558/1 855/517/1 902/555/1
f 333/559/1 327/553/1 334/552/1
f 900/560/1 855/517/1 901/558/1
f 899/561/1 855/517/1 900/560/1
f 311/562/1 303/557/1 312/551/1
f 333/559/1 328/563/1 327/553/1
f 898/564/1 855/517/1 899/561/1
f 332/565/1 328/563/1 333/559/1
f 897/566/1 855/517/1 898/564/1
f 311/562/1 304/567/1 303/557/1
f 275/568/1 904/554/1 276/549/1
f 275/568/1 905/569/1 904/554/1
f 896/570/1 855/517/1 897/566/1
f 331/571/1 328/563/1 332/565/1
f 310/572/1 304/567/1 311/562/1
f 895/573/1 855/517/1 896/570/1
f 331/571/1 330/574/1 328/563/1
f 330/574/1 329/575/1 328/563/1
f 894/576/1 855/517/1 895/573/1
f 310/572/1 305/577/1 304/567/1
f 824/578/1 7/546/1 825/556/1
f 893/579/1 855/517/1 894/576/1
f 309/580/1 305/577/1 310/572/1
f 892/581/1 855/517/1 893/579/1
f 275/568/1 906/582/1 905/569/1
f 892/581/1 856/583/1 855/517/1
f 308/584/1 305/577/1 309/580/1
f 891/585/1 856/583/1 892/581/1
f 890/586/1 856/583/1 891/585/1
f 824/578/1 8/587/1 7/546/1
f 274/588/1 906/582/1 275/568/1
f 307/589/1 305/577/1 308/584/1
f 306/590/1 305/577/1 307/589/1
f 274/588/1 907/591/1 906/582/1
f 823/592/1 8/587/1 824/578/1
f 890/586/1 857/593/1 856/583/1
f 274/588/1 908/594/1 907/591/1
f 889/595/1 857/593/1 890/586/1
f 273/596/1 908/594/1 274/588/1
f 889/595/1 858/597/1 857/593/1
f 822/598/1 8/587/1 823/592/1
f 273/596/1 909/599/1 908/594/1
f 889/595/1 859/600/1 858/597/1
f 822/598/1 9/601/1 8/587/1
f 888/602/1 859/600/1 889/595/1
f 821/603/1 9/601/1 822/598/1
f 272/604/1 909/599/1 273/596/1
f 888/602/1 860/605/1 859/600/1
f 272/604/1 910/606/1 909/599/1
f 820/607/1 9/601/1 821/603/1
f 887/608/1 860/605/1 888/602/1
f 887/608/1 861/609/1 860/605/1
f 272/604/1 911/610/1 910/606/1
f 271/611/1 911/610/1 272/604/1
f 820/607/1 10/612/1 9/601/1
f 819/613/1 10/612/1 820/607/1
f 887/608/1 862/614/1 861/609/1
f 886/615/1 862/614/1 887/608/1
f 886/615/1 863/616/1 862/614/1
f 271/611/1 912/617/1 911/610/1
f 818/618/1 10/612/1 819/613/1
f 885/619/1 863/616/1 886/615/1
f 885/619/1 864/620/1 863/616/1
f 270/621/1 912/617/1 271/611/1
f 818/618/1 11/622/1 10/612/1
f 885/619/1 865/623/1 864/620/1
f 817/624/1 11/622/1 818/618/1
f 270/621/1 913/625/1 912/617/1
f 884/626/1 865/623/1 885/619/1
f 884/626/1 866/627/1 865/623/1
f 816/628/1 11/622/1 817/624/1
f 884/626/1 867/629/1 866/627/1
f 815/630/1 11/622/1 816/628/1
f 883/631/1 867/629/1 884/626/1
f 815/630/1 12/632/1 11/622/1
f 883/631/1 868/633/1 867/629/1
f 270/621/1 914/634/1 913/625/1
f 269/635/1 914/634/1 270/621/1
f 814/636/1 12/632/1 815/630/1
f 883/631/1 869/637/1 868/633/1
f 813/638/1 12/632/1 814/636/1
f 882/639/1 869/637/1 883/631/1
f 882/639/1 870/640/1 869/637/1
f 882/639/1 871/641/1 870/640/1
f 812/642/1 12/632/1 813/638/1
f 812/642/1 13/643/1 12/632/1
f 882/639/1 872/644/1 871/641/1
f 811/645/1 13/643/1 812/642/1
f 881/646/1 872/644/1 882/639/1
f 881/646/1 873/647/1 872/644/1
f 269/635/1 879/648/1 914/634/1
f 810/649/1 13/643/1 811/645/1
f 881/646/1 874/650/1 873/647/1
f 810/649/1 14/651/1 13/643/1
f 809/652/1 14/651/1 810/649/1
f 881/646/1 875/653/1 874/650/1
f 881/646/1 876/654/1 875/653/1
f 808/655/1 14/651/1 809/652/1
f 880/656/1 876/654/1 881/646/1
f 880/656/1 877/657/1 876/654/1
f 807/658/1 14/651/1 808/655/1
f 880/656/1 878/659/1 877/657/1
f 806/660/1 14/651/1 807/658/1
f 880/656/1 806/660/1 878/659/1
f 880/656/1 14/651/1 806/660/1
f 268/661/1 879/648/1 269/635/1
f 879/648/1 14/651/1 880/656/1
f 268/661/1 14/651/1 879/648/1
f 268/661/1 15/662/1 14/651/1
f 267/663/1 15/662/1 268/661/1
f 267/663/1 16/664/1 15/662/1
f 266/665/1 16/664/1 267/663/1
f 266/665/1 17/666/1 16/664/1
f 266/665/1 18/667/1 17/666/1
f 265/668/1 18/667/1 266/665/1
f 265/668/1 19/669/1 18/667/1
f 265/668/1 20/670/1 19/669/1
f 264/671/1 20/670/1 265/668/1
f 264/671/1 21/672/1 20/670/1
f 264/671/1 22/673/1 21/672/1
f 264/671/1 23/674/1 22/673/1
f 263/675/1 207/676/1 264/671/1
f 207/676/1 206/677/1 264/671/1
f 206/677/1 23/674/1 264/671/1
f 263/675/1 208/678/1 207/676/1
f 205/679/1 49/680/1 206/677/1
f 49/680/1 23/674/1 206/677/1
f 263/675/1 209/681/1 208/678/1
f 49/680/1 24/682/1 23/674/1
f 263/675/1 210/683/1 209/681/1
f 205/679/1 50/684/1 49/680/1
f 48/685/1 24/682/1 49/680/1
f 47/686/1 24/682/1 48/685/1
f 46/687/1 24/682/1 47/686/1
f 45/688/1 24/682/1 46/687/1
f 205/679/1 51/689/1 50/684/1
f 44/690/1 24/682/1 45/688/1
f 44/690/1 25/691/1 24/682/1
f 43/692/1 25/691/1 44/690/1
f 263/675/1 211/693/1 210/683/1
f 42/694/1 25/691/1 43/692/1
f 42/694/1 26/695/1 25/691/1
f 42/694/1 27/696/1 26/695/1
f 42/694/1 28/697/1 27/696/1
f 42/694/1 29/698/1 28/697/1
f 205/679/1 52/699/1 51/689/1
f 42/694/1 30/700/1 29/698/1
f 41/701/1 30/700/1 42/694/1
f 41/701/1 31/702/1 30/700/1
f 41/701/1 32/703/1 31/702/1
f 40/704/1 32/703/1 41/701/1
f 40/704/1 33/705/1 32/703/1
f 39/706/1 33/705/1 40/704/1
f 39/706/1 34/707/1 33/705/1
f 263/675/1 212/708/1 211/693/1
f 39/706/1 35/709/1 34/707/1
f 38/710/1 35/709/1 39/706/1
f 205/679/1 53/711/1 52/699/1
f 38/710/1 36/712/1 35/709/1
f 37/713/1 36/712/1 38/710/1
f 263/675/1 213/714/1 212/708/1
f 205/679/1 54/715/1 53/711/1
f 263/675/1 214/716/1 213/714/1
f 205/679/1 55/717/1 54/715/1
f 262/718/1 214/716/1 263/675/1
f 262/718/1 215/719/1 214/716/1
f 205/679/1 56/720/1 55/717/1
f 204/721/1 56/720/1 205/679/1
f 262/718/1 216/722/1 215/719/1
f 204/721/1 57/723/1 56/720/1
f 262/718/1 217/724/1 216/722/1
f 261/725/1 217/724/1 262/718/1
f 204/721/1 58/726/1 57/723/1
f 261/725/1 218/727/1 217/724/1
f 203/728/1 58/726/1 204/721/1
f 261/725/1 219/729/1 218/727/1
f 203/728/1 59/730/1 58/726/1
f 260/731/1 219/729/1 261/725/1
f 260/731/1 220/732/1 219/729/1
f 203/728/1 60/733/1 59/730/1
f 259/734/1 220/732/1 260/731/1
f 259/734/1 221/735/1 220/732/1
f 202/736/1 60/733/1 203/728/1
f 202/736/1 61/737/1 60/733/1
f 258/738/1 221/735/1 259/734/1
f 258/738/1 222/739/1 221/735/1
f 202/736/1 62/740/1 61/737/1
f 257/741/1 222/739/1 258/738/1
f 201/742/1 62/740/1 202/736/1
f 257/741/1 223/743/1 222/739/1
f 201/742/1 63/744/1 62/740/1
f 256/745/1 223/743/1 257/741/1
f 201/742/1 64/746/1 63/744/1
f 256/745/1 224/747/1 223/743/1
f 255/748/1 224/747/1 256/745/1
f 200/749/1 64/746/1 201/742/1
f 200/749/1 65/750/1 64/746/1
f 255/748/1 225/751/1 224/747/1
f 254/752/1 225/751/1 255/748/1
f 253/753/1 225/751/1 254/752/1
f 200/749/1 66/754/1 65/750/1
f 252/755/1 225/751/1 253/753/1
f 252/755/1 226/756/1 225/751/1
f 251/757/1 226/756/1 252/755/1
f 199/758/1 66/754/1 200/749/1
f 250/759/1 226/756/1 251/757/1
f 199/758/1 67/760/1 66/754/1
f 249/761/1 226/756/1 250/759/1
f 249/761/1 227/762/1 226/756/1
f 248/763/1 227/762/1 249/761/1
f 247/764/1 227/762/1 248/763/1
f 199/758/1 68/765/1 67/760/1
f 246/766/1 227/762/1 247/764/1
f 246/766/1 228/767/1 227/762/1
f 198/768/1 68/765/1 199/758/1
f 245/769/1 228/767/1 246/766/1
f 244/770/1 228/767/1 245/769/1
f 198/768/1 69/771/1 68/765/1
f 244/770/1 229/772/1 228/767/1
f 243/773/1 229/772/1 244/770/1
f 242/774/1 229/772/1 243/773/1
f 197/775/1 69/771/1 198/768/1
f 241/776/1 229/772/1 242/774/1
f 241/776/1 230/777/1 229/772/1
f 240/778/1 230/777/1 241/776/1
f 197/775/1 70/779/1 69/771/1
f 239/780/1 230/777/1 240/778/1
f 238/781/1 230/777/1 239/780/1
f 238/781/1 231/782/1 230/777/1
f 237/783/1 231/782/1 238/781/1
f 236/784/1 231/782/1 237/783/1
f 235/785/1 231/782/1 236/784/1
f 196/786/1 70/779/1 197/775/1
f 196/786/1 71/787/1 70/779/1
f 234/788/1 231/782/1 235/785/1
f 233/789/1 231/782/1 234/788/1
f 232/790/1 231/782/1 233/789/1
f 196/786/1 72/791/1 71/787/1
f 195/792/1 72/791/1 196/786/1
f 195/792/1 73/793/1 72/791/1
f 194/794/1 73/793/1 195/792/1
f 194/794/1 74/795/1 73/793/1
f 193/796/1 74/795/1 194/794/1
f 193/796/1 75/797/1 74/795/1
f 193/796/1 76/798/1 75/797/1
f 192/799/1 76/798/1 193/796/1
f 192/799/1 77/800/1 76/798/1
f 192/799/1 78/801/1 77/800/1
f 191/802/1 78/801/1 192/799/1
f 191/802/1 79/803/1 78/801/1
f 191/802/1 80/804/1 79/803/1
f 191/802/1 81/805/1 80/804/1
f 190/806/1 81/805/1 191/802/1
f 190/806/1 82/807/1 81/805/1
f 190/806/1 83/808/1 82/807/1
f 189/809/1 83/808/1 190/806/1
f 189/809/1 84/810/1 83/808/1
f 189/809/1 85/811/1 84/810/1
f 188/812/1 85/811/1 189/809/1
f 188/812/1 86/813/1 85/811/1
f 188/812/1 87/814/1 86/813/1
f 188/812/1 88/815/1 87/814/1
f 188/812/1 89/816/1 88/815/1
f 188/812/1 90/817/1 89/816/1
f 188/812/1 91/818/1 90/817/1
f 187/819/1 91/818/1 188/812/1
f 187/819/1 92/820/1 91/818/1
f 187/819/1 93/821/1 92/820/1
f 187/819/1 94/822/1 93/821/1
f 187/819/1 95/823/1 94/822/1
f 187/819/1 96/824/1 95/823/1
f 187/819/1 97/825/1 96/824/1
f 186/826/1 97/825/1 187/819/1
f 186/826/1 98/827/1 97/825/1
f 186/826/1 99/828/1 98/827/1
f 186/826/1 100/829/1 99/828/1
f 186/826/1 101/830/1 100/829/1
f 186/826/1 102/831/1 101/830/1
f 186/826/1 103/832/1 102/831/1
f 185/833/1 103/832/1 186/826/1
f 185/833/1 104/834/1 103/832/1
f 185/833/1 105/835/1 104/834/1
f 185/833/1 106/836/1 105/835/1
f 185/833/1 107/837/1 106/836/1
f 185/833/1 108/838/1 107/837/1
f 185/833/1 109/839/1 108/838/1
f 185/833/1 110/840/1 109/839/1
f 184/841/1 110/840/1 185/833/1
f 184/841/1 111/842/1 110/840/1
f 183/843/1 111/842/1 184/841/1
f 183/843/1 112/844/1 111/842/1
f 182/845/1 112/844/1 183/843/1
f 182/845/1 113/846/1 112/844/1
f 181/847/1 113/846/1 182/845/1
f 180/848/1 113/846/1 181/847/1
f 179/849/1 113/846/1 180/848/1
f 178/850/1 113/846/1 179/849/1
f 178/850/1 114/851/1 113/846/1
f 177/852/1 114/851/1 178/850/1
f 176/853/1 114/851/1 177/852/1
f 175/854/1 114/851/1 176/853/1
f 174/855/1 114/851/1 175/854/1
f 173/856/1 114/851/1 174/855/1
f 172/857/1 114/851/1 173/856/1
f 172/857/1 115/858/1 114/851/1
f 171/859/1 115/858/1 172/857/1
f 170/860/1 115/858/1 171/859/1
f 169/861/1 115/858/1 170/860/1
f 168/862/1 115/858/1 169/861/1
f 167/863/1 115/858/1 168/862/1
f 166/864/1 115/858/1 167/863/1
f 166/864/1 116/865/1 115/858/1
f 165/866/1 116/865/1 166/864/1
f 164/867/1 116/865/1 165/866/1
f 163/868/1 116/865/1 164/867/1
f 162/869/1 116/865/1 163/868/1
f 161/870/1 116/865/1 162/869/1
f 160/871/1 116/865/1 161/870/1
f 159/872/1 116/865/1 160/871/1
f 159/872/1 117/873/1 116/865/1
f 158/874/1 117/873/1 159/872/1
f 157/875/1 117/873/1 158/874/1
f 156/876/1 117/873/1 157/875/1
f 155/877/1 117/873/1 156/876/1
f 154/878/1 117/873/1 155/877/1
f 154/878/1 118/879/1 117/873/1
f 153/880/1 118/879/1 154/878/1
f 152/881/1 118/879/1 153/880/1
f 151/882/1 954/883/1 152/881/1
f 954/883/1 118/879/1 152/881/1
f 150/884/1 954/883/1 151/882/1
f 150/884/1 955/885/1 954/883/1
f 953/886/1 118/879/1 954/883/1
f 149/887/1 955/885/1 150/884/1
f 149/887/1 956/888/1 955/885/1
f 953/886/1 119/889/1 118/879/1
f 148/890/1 956/888/1 149/887/1
f 147/891/1 956/888/1 148/890/1
f 952/892/1 119/889/1 953/886/1
f 146/893/1 956/888/1 147/891/1
f 951/894/1 119/889/1 952/892/1
f 145/895/1 956/888/1 146/893/1
f 950/896/1 119/889/1 951/894/1
f 949/897/1 939/898/1 950/896/1
f 939/898/1 119/889/1 950/896/1
f 145/895/1 957/899/1 956/888/1
f 948/900/1 939/898/1 949/897/1
f 948/900/1 940/901/1 939/898/1
f 938/902/1 119/889/1 939/898/1
f 947/903/1 940/901/1 948/900/1
f 946/904/1 940/901/1 947/903/1
f 945/905/1 940/901/1 946/904/1
f 944/906/1 940/901/1 945/905/1
f 943/907/1 940/901/1 944/906/1
f 942/908/1 940/901/1 943/907/1
f 941/909/1 940/901/1 942/908/1
f 937/910/1 119/889/1 938/902/1
f 936/911/1 119/889/1 937/910/1
f 144/912/1 957/899/1 145/895/1
f 144/912/1 958/913/1 957/899/1
f 935/914/1 119/889/1 936/911/1
f 935/914/1 120/915/1 119/889/1
f 934/916/1 120/915/1 935/914/1
f 933/917/1 120/915/1 934/916/1
f 932/918/1 120/915/1 933/917/1
f 144/912/1 959/919/1 958/913/1
f 931/920/1 120/915/1 932/918/1
f 143/921/1 959/919/1 144/912/1
f 930/922/1 120/915/1 931/920/1
f 929/923/1 120/915/1 930/922/1
f 928/924/1 120/915/1 929/923/1
f 928/924/1 121/925/1 120/915/1
f 927/926/1 121/925/1 928/924/1
f 143/921/1 960/927/1 959/919/1
f 926/928/1 121/925/1 927/926/1
f 142/929/1 960/927/1 143/921/1
f 925/930/1 121/925/1 926/928/1
f 142/929/1 961/931/1 960/927/1
f 925/930/1 122/932/1 121/925/1
f 924/933/1 122/932/1 925/930/1
f 142/929/1 962/934/1 961/931/1
f 141/935/1 962/934/1 142/929/1
f 923/936/1 122/932/1 924/933/1
f 923/936/1 123/937/1 122/932/1
f 141/935/1 963/938/1 962/934/1
f 922/939/1 123/937/1 923/936/1
f 921/940/1 123/937/1 922/939/1
f 140/941/1 963/938/1 141/935/1
f 921/940/1 124/942/1 123/937/1
f 140/941/1 964/943/1 963/938/1
f 920/944/1 124/942/1 921/940/1
f 140/941/1 965/945/1 964/943/1
f 920/944/1 125/946/1 124/942/1
f 919/947/1 125/946/1 920/944/1
f 139/948/1 965/945/1 140/941/1
f 918/949/1 125/946/1 919/947/1
f 139/948/1 966/950/1 965/945/1
f 918/949/1 126/951/1 125/946/1
f 917/952/1 126/951/1 918/949/1
f 138/953/1 966/950/1 139/948/1
f 138/953/1 967/954/1 966/950/1
f 916/955/1 126/951/1 917/952/1
f 916/955/1 127/956/1 126/951/1
f 915/957/1 127/956/1 916/955/1
f 138/953/1 968/958/1 967/954/1
f 138/953/1 969/959/1 968/958/1
f 138/953/1 970/960/1 969/959/1
f 138/953/1 971/961/1 970/960/1
f 1014/962/1 127/956/1 915/957/1
f 138/953/1 972/963/1 971/961/1
f 1013/964/1 127/956/1 1014/962/1
f 138/953/1 973/965/1 972/963/1
f 137/966/1 973/965/1 138/953/1
f 1013/964/1 128/967/1 127/956/1
f 1012/968/1 128/967/1 1013/964/1
f 137/966/1 974/969/1 973/965/1
f 1011/970/1 128/967/1 1012/968/1
f 137/966/1 975/971/1 974/969/1
f 137/966/1 976/972/1 975/971/1
f 1010/973/1 128/967/1 1011/970/1
f 137/966/1 977/974/1 976/972/1
f 137/966/1 978/975/1 977/974/1
f 137/966/1 979/976/1 978/975/1
f 1009/977/1 128/967/1 1010/973/1
f 1009/977/1 129/978/1 128/967/1
f 137/966/1 980/979/1 979/976/1
f 137/966/1 981/980/1 980/979/1
f 1008/981/1 129/978/1 1009/977/1
f 137/966/1 982/982/1 981/980/1
f 136/983/1 982/982/1 137/966/1
f 136/983/1 983/984/1 982/982/1
f 136/983/1 984/985/1 983/984/1
f 136/983/1 985/986/1 984/985/1
f 1007/987/1 129/978/1 1008/981/1
f 136/983/1 986/988/1 985/986/1
f 1007/987/1 130/989/1 129/978/1
f 136/983/1 987/990/1 986/988/1
f 136/983/1 988/991/1 987/990/1
f 136/983/1 989/992/1 988/991/1
f 136/983/1 990/993/1 989/992/1
f 1006/994/1 130/989/1 1007/987/1
f 136/983/1 991/995/1 990/993/1
f 136/983/1 992/996/1 991/995/1
f 136/983/1 993/997/1 992/996/1
f 135/998/1 993/997/1 136/983/1
f 135/998/1 994/999/1 993/997/1
f 1005/1000/1 130/989/1 1006/994/1
f 1005/1000/1 131/1001/1 130/989/1
f 135/998/1 995/1002/1 994/999/1
f 135/998/1 996/1003/1 995/1002/1
f 135/998/1 997/1004/1 996/1003/1
f 1004/1005/1 131/1001/1 1005/1000/1
f 135/998/1 998/1006/1 997/1004/1
f 135/998/1 999/1007/1 998/1006/1
f 1004/1005/1 132/1008/1 131/1001/1
f 135/998/1 1000/1009/1 999/1007/1
f 1003/1010/1 132/1008/1 1004/1005/1
f 135/998/1 1001/1011/1 1000/1009/1
f 134/1012/1 1001/1011/1 135/998/1
f 134/1012/1 1002/1013/1 1001/1011/1
f 134/1012/1 1003/1010/1 1002/1013/1
f 1003/1010/1 133/1014/1 132/1008/1
f 134/1012/1 133/1014/1 1003/1010/1
f 1659/1/2 1660/3/2 1661/2/2
f 1658/4/2 1659/1/2 1661/2/2
f 1657/5/2 1658/4/2 1661/2/2
f 1657/5/2 1661/2/2 1662/6/2
f 1656/7/2 1657/5/2 1662/6/2
f 1656/7/2 1662/6/2 1663/8/2
f 1655/9/2 1656/7/2 1663/8/2
f 1655/9/2 1663/8/2 1664/10/2
f 1654/11/2 1655/9/2 1664/10/2
f 1654/11/2 1664/10/2 1665/12/2
f 1654/11/2 1665/12/2 1666/13/2
f 1653/14/2 1654/11/2 1666/13/2
f 1653/14/2 1666/13/2 1667/15/2
f 1653/14/2 1667/15/2 1668/16/2
f 1652/17/2 1653/14/2 1668/16/2
f 1652/17/2 1668/16/2 1669/18/2
f 1652/17/2 1669/18/2 1670/19/2
f 1652/17/2 1670/19/2 1671/20/2
f 1652/17/2 1671/20/2 1672/21/2
f 1651/22/2 1652/17/2 1672/21/2
f 1651/22/2 1672/21/2 1673/23/2
f 1651/22/2 1673/23/2 1674/24/2
f 1651/22/2 1674/24/2 1675/25/2
f 1650/26/2 1651/22/2 1675/25/2
f 1650/26/2 1675/25/2 1676/27/2
f 1650/26/2 1676/27/2 1677/28/2
f 1650/26/2 1677/28/2 1678/29/2
f 1649/30/2 1650/26/2 1678/29/2
f 1649/30/2 1678/29/2 1679/31/2
f 1649/30/2 1679/31/2 1680/32/2
f 1649/30/2 1680/32/2 1681/33/2
f 1649/30/2 1681/33/2 1682/34/2
f 1649/30/2 1682/34/2 1683/35/2
f 1649/30/2 1683/35/2 1684/36/2
f 1649/30/2 1684/36/2 1685/37/2
f 1648/38/2 1649/30/2 1685/37/2
f 1648/38/2 1685/37/2 1686/39/2
f 1648/38/2 1686/39/2 1687/40/2
f 1648/38/2 1687/40/2 1688/41/2
f 1648/38/2 1688/41/2 1689/42/2
f 1648/38/2 1689/42/2 1690/43/2
f 1647/44/2 1648/38/2 1690/43/2
f 1647/44/2 1690/43/2 1691/45/2
f 1646/46/2 1647/44/2 1691/45/2
f 1646/46/2 1691/45/2 1692/47/2
f 1645/48/2 1646/46/2 1692/47/2
f 1644/49/2 1645/48/2 1692/47/2
f 1644/49/2 1692/47/2 1693/50/2
f 1643/51/2 1644/49/2 1693/50/2
f 1642/52/2 1643/51/2 1693/50/2
f 1642/52/2 1693/50/2 1694/53/2
f 1641/54/2 1642/52/2 1694/53/2
f 1640/55/2 1641/54/2 1694/53/2
f 1640/55/2 1694/53/2 1695/56/2
f 1639/57/2 1640/55/2 1695/56/2
f 1638/58/2 1639/57/2 1695/56/2
f 1637/59/2 1638/58/2 1695/56/2
f 1637/59/2 1695/56/2 1696/60/2
f 1636/61/2 1637/59/2 1696/60/2
f 1635/62/2 1636/61/2 1696/60/2
f 1635/62/2 1696/60/2 1697/63/2
f 1635/62/2 1697/63/2 1698/64/2
f 1635/62/2 1698/64/2 1699/65/2
f 1634/66/2 1635/62/2 1699/65/2
f 1633/67/2 1634/66/2 1699/65/2
f 1633/67/2 1699/65/2 1700/68/2
f 1632/69/2 1633/67/2 1700/68/2
f 1631/70/2 1632/69/2 1700/68/2
f 1630/71/2 1631/70/2 1700/68/2
f 1630/71/2 1700/68/2 1701/72/2
f 1629/73/2 1630/71/2 1701/72/2
f 1628/74/2 1629/73/2 1701/72/2
f 1627/75/2 1628/74/2 1701/72/2
f 1627/75/2 1701/72/2 1702/76/2
f 1626/77/2 1627/75/2 1702/76/2
f 1625/78/2 1626/77/2 1702/76/2
f 1624/79/2 1625/78/2 1702/76/2
f 1624/79/2 1702/76/2 1703/80/2
f 1623/81/2 1624/79/2 1703/80/2
f 1621/82/2 1622/83/2 1623/81/2
f 1621/82/2 1623/81/2 1703/80/2
f 1621/82/2 1703/80/2 1704/84/2
f 1621/82/2 1704/84/2 1705/85/2
f 1620/86/2 1621/82/2 1705/85/2
f 1620/86/2 1705/85/2 1706/87/2
f 1709/88/2 1710/90/2 1711/89/2
f 1620/86/2 1706/87/2 1707/91/2
f 1620/86/2 1707/91/2 1708/92/2
f 1619/93/2 1620/86/2 1708/92/2
f 1619/93/2 1708/92/2 1709/88/2
f 1619/93/2 1709/88/2 1711/89/2
f 1619/93/2 1711/89/2 1712/94/2
f 1618/95/2 1619/93/2 1712/94/2
f 1617/96/2 1618/95/2 1712/94/2
f 1616/97/2 1617/96/2 1712/94/2
f 1616/97/2 1712/94/2 1713/98/2
f 1615/99/2 1616/97/2 1713/98/2
f 1614/100/2 1615/99/2 1713/98/2
f 1613/101/2 1614/100/2 1713/98/2
f 1613/101/2 1713/98/2 1714/102/2
f 1612/103/2 1613/101/2 1714/102/2
f 1611/104/2 1612/103/2 1714/102/2
f 1610/105/2 1611/104/2 1714/102/2
f 1610/105/2 1714/102/2 1715/106/2
f 1609/107/2 1610/105/2 1715/106/2
f 1608/108/2 1609/107/2 1715/106/2
f 1608/108/2 1715/106/2 1716/109/2
f 1607/110/2 1608/108/2 1716/109/2
f 1607/110/2 1716/109/2 1717/111/2
f 1606/112/2 1607/110/2 1717/111/2
f 1605/113/2 1606/112/2 1717/111/2
f 1605/113/2 1717/111/2 1718/114/2
f 1604/115/2 1605/113/2 1718/114/2
f 1604/115/2 1718/114/2 1719/116/2
f 1603/117/2 1604/115/2 1719/116/2
f 1603/117/2 1719/116/2 1720/118/2
f 1602/119/2 1603/117/2 1720/118/2
f 1601/120/2 1602/119/2 1720/118/2
f 1601/120/2 1720/118/2 1721/121/2
f 1600/122/2 1601/120/2 1721/121/2
f 1600/122/2 1721/121/2 1722/123/2
f 1599/124/2 1600/122/2 1722/123/2
f 1599/124/2 1722/123/2 1723/125/2
f 1598/126/2 1599/124/2 1723/125/2
f 1598/126/2 1723/125/2 1724/127/2
f 1598/126/2 1724/127/2 1725/128/2
f 1598/126/2 1725/128/2 1726/129/2
f 1597/130/2 1598/126/2 1726/129/2
f 1597/130/2 1726/129/2 1727/131/2
f 1597/130/2 1727/131/2 1728/132/2
f 1597/130/2 1728/132/2 1729/133/2
f 1596/134/2 1597/130/2 1729/133/2
f 1596/134/2 1729/133/2 1730/135/2
f 1596/134/2 1730/135/2 1731/136/2
f 1596/134/2 1731/136/2 1732/137/2
f 1595/138/2 1596/134/2 1732/137/2
f 1595/138/2 1732/137/2 1733/139/2
f 1594/140/2 1595/138/2 1733/139/2
f 1594/140/2 1733/139/2 1734/141/2
f 1594/140/2 1734/141/2 1735/142/2
f 1593/143/2 1594/140/2 1735/142/2
f 1593/143/2 1735/142/2 1736/144/2
f 1593/143/2 1736/144/2 1737/145/2
f 1592/146/2 1593/143/2 1737/145/2
f 1592/146/2 1737/145/2 1738/147/2
f 1592/146/2 1738/147/2 1739/148/2
f 1591/149/2 1592/146/2 1739/148/2
f 1591/149/2 1739/148/2 1740/150/2
f 1591/149/2 1740/150/2 1741/151/2
f 1590/152/2 1591/149/2 1741/151/2
f 1590/152/2 1741/151/2 1742/153/2
f 1795/154/2 1796/156/2 1797/155/2
f 1794/157/2 1795/154/2 1797/155/2
f 1794/157/2 1797/155/2 1798/158/2
f 1793/159/2 1794/157/2 1798/158/2
f 1590/152/2 1742/153/2 1743/160/2
f 1792/161/2 1793/159/2 1798/158/2
f 1792/161/2 1798/158/2 1799/162/2
f 1791/163/2 1792/161/2 1799/162/2
f 1791/163/2 1799/162/2 1800/164/2
f 1790/165/2 1791/163/2 1800/164/2
f 1789/166/2 1790/165/2 1800/164/2
f 1789/166/2 1800/164/2 1801/167/2
f 1788/168/2 1789/166/2 1801/167/2
f 1589/169/2 1590/152/2 1743/160/2
f 1788/168/2 1801/167/2 1802/170/2
f 1589/169/2 1743/160/2 1744/171/2
f 1787/172/2 1788/168/2 1802/170/2
f 1786/173/2 1787/172/2 1802/170/2
f 1786/173/2 1802/170/2 1803/174/2
f 1785/175/2 1786/173/2 1803/174/2
f 1589/169/2 1744/171/2 1745/176/2
f 1785/175/2 1803/174/2 1804/177/2
f 1784/178/2 1785/175/2 1804/177/2
f 1783/179/2 1784/178/2 1804/177/2
f 1782/180/2 1783/179/2 1804/177/2
f 1781/181/2 1782/180/2 1804/177/2
f 1780/182/2 1781/181/2 1804/177/2
f 1780/182/2 1804/177/2 1805/183/2
f 1779/184/2 1780/182/2 1805/183/2
f 1778/185/2 1779/184/2 1805/183/2
f 1777/186/2 1778/185/2 1805/183/2
f 1776/187/2 1777/186/2 1805/183/2
f 1775/188/2 1776/187/2 1805/183/2
f 1589/169/2 1745/176/2 1746/189/2
f 1774/190/2 1775/188/2 1805/183/2
f 1773/191/2 1774/190/2 1805/183/2
f 1772/192/2 1773/191/2 1770/193/2
f 1770/193/2 1773/191/2 1769/194/2
f 1769/194/2 1773/191/2 1767/195/2
f 1767/195/2 1773/191/2 1764/196/2
f 1764/196/2 1773/191/2 1763/197/2
f 1763/197/2 1773/191/2 1762/198/2
f 1762/198/2 1773/191/2 1761/199/2
f 1761/199/2 1773/191/2 1760/200/2
f 1760/200/2 1773/191/2 1805/183/2
f 1771/201/1 1772/192/1 1770/193/1
f 1768/202/1 1769/194/1 1767/195/1
f 1766/203/1 1767/195/1 1764/196/1
f 1765/204/1 1766/203/1 1764/196/1
f 1759/205/2 1760/200/2 1805/183/2
f 1758/206/2 1759/205/2 1805/183/2
f 1588/207/2 1589/169/2 1746/189/2
f 1758/206/2 1805/183/2 1806/208/2
f 1757/209/2 1758/206/2 1806/208/2
f 1756/210/2 1757/209/2 1806/208/2
f 1588/207/2 1746/189/2 1747/211/2
f 1755/212/2 1756/210/2 1806/208/2
f 1754/213/2 1755/212/2 1806/208/2
f 1754/213/2 1806/208/2 1807/214/2
f 1753/215/2 1754/213/2 1807/214/2
f 1752/216/2 1753/215/2 1807/214/2
f 1751/217/2 1752/216/2 1807/214/2
f 1750/218/2 1751/217/2 1807/214/2
f 1749/219/2 1750/218/2 1807/214/2
f 1748/220/2 1749/219/2 1807/214/2
f 1588/207/2 1747/211/2 1748/220/2
f 1588/207/2 1748/220/2 1807/214/2
f 1588/207/2 1807/214/2 1808/221/2
f 1587/222/2 1588/207/2 1550/223/2
f 1550/223/2 1588/207/2 1808/221/2
f 1550/223/2 1808/221/2 1809/224/2
f 1587/222/2 1550/223/2 1551/225/2
f 1549/226/2 1550/223/2 1809/224/2
f 1549/226/2 1809/224/2 1810/227/2
f 1548/228/2 1549/226/2 1810/227/2
f 1547/229/2 1548/228/2 1810/227/2
f 1546/230/2 1547/229/2 1810/227/2
f 1545/231/2 1546/230/2 1810/227/2
f 1544/232/2 1545/231/2 1810/227/2
f 1586/233/2 1587/222/2 1551/225/2
f 1544/232/2 1810/227/2 1811/234/2
f 1543/235/2 1544/232/2 1811/234/2
f 1542/236/2 1543/235/2 1811/234/2
f 1541/237/2 1542/236/2 1811/234/2
f 1586/233/2 1551/225/2 1552/238/2
f 1540/239/2 1541/237/2 1811/234/2
f 1539/240/2 1540/239/2 1811/234/2
f 1538/241/2 1539/240/2 1811/234/2
f 1538/241/2 1811/234/2 1812/242/2
f 1537/243/2 1538/241/2 1812/242/2
f 1585/244/2 1586/233/2 1552/238/2
f 1584/245/2 1585/244/2 1552/238/2
f 1583/246/2 1584/245/2 1552/238/2
f 1583/246/2 1552/238/2 1553/247/2
f 1536/248/2 1537/243/2 1812/242/2
f 1582/249/2 1583/246/2 1553/247/2
f 1536/248/2 1812/242/2 1813/250/2
f 1581/251/2 1582/249/2 1553/247/2
f 1580/252/2 1581/251/2 1553/247/2
f 1580/252/2 1553/247/2 1554/253/2
f 1535/254/2 1536/248/2 1813/250/2
f 1535/254/2 1813/250/2 1814/255/2
f 1579/256/2 1580/252/2 1554/253/2
f 1578/257/2 1579/256/2 1554/253/2
f 1578/257/2 1554/253/2 1555/258/2
f 1534/259/2 1535/254/2 1814/255/2
f 1534/259/2 1814/255/2 1815/260/2
f 1577/261/2 1578/257/2 1555/258/2
f 1577/261/2 1555/258/2 1556/262/2
f 1533/263/2 1534/259/2 1815/260/2
f 1576/264/2 1577/261/2 1556/262/2
f 1575/265/2 1576/264/2 1556/262/2
f 1533/263/2 1815/260/2 1816/266/2
f 1532/267/2 1533/263/2 1816/266/2
f 1575/265/2 1556/262/2 1557/268/2
f 1574/269/2 1575/265/2 1557/268/2
f 1531/270/2 1532/267/2 1816/266/2
f 1574/269/2 1557/268/2 1558/271/2
f 1531/270/2 1816/266/2 1817/272/2
f 1573/273/2 1574/269/2 1558/271/2
f 1530/274/2 1531/270/2 1817/272/2
f 1572/275/2 1573/273/2 1558/271/2
f 1572/275/2 1558/271/2 1559/276/2
f 1529/277/2 1530/274/2 1817/272/2
f 1571/278/2 1572/275/2 1559/276/2
f 1528/279/2 1529/277/2 1817/272/2
f 1570/280/2 1571/278/2 1559/276/2
f 1528/279/2 1817/272/2 1818/281/2
f 1570/280/2 1559/276/2 1560/282/2
f 1569/283/2 1570/280/2 1560/282/2
f 1527/284/2 1528/279/2 1818/281/2
f 1568/285/2 1569/283/2 1560/282/2
f 1526/286/2 1527/284/2 1818/281/2
f 1567/287/2 1568/285/2 1560/282/2
f 1567/287/2 1560/282/2 1561/288/2
f 1525/289/2 1526/286/2 1501/290/2
f 1501/290/2 1526/286/2 1818/281/2
f 1525/289/2 1501/290/2 1502/291/2
f 1500/292/2 1501/290/2 1818/281/2
f 1500/292/2 1818/281/2 1819/293/2
f 1499/294/2 1500/292/2 1819/293/2
f 1566/295/2 1567/287/2 1561/288/2
f 1498/296/2 1499/294/2 1819/293/2
f 1525/289/2 1502/291/2 1503/297/2
f 1524/298/2 1525/289/2 1503/297/2
f 1497/299/2 1498/296/2 1819/293/2
f 1565/300/2 1566/295/2 1561/288/2
f 1496/301/2 1497/299/2 1463/302/2
f 1463/302/2 1497/299/2 1819/293/2
f 1496/301/2 1463/302/2 1464/303/2
f 1462/304/2 1463/302/2 1819/293/2
f 1524/298/2 1503/297/2 1504/305/2
f 1461/306/2 1462/304/2 1819/293/2
f 1495/307/2 1496/301/2 1464/303/2
f 1523/308/2 1524/298/2 1504/305/2
f 1460/309/2 1461/306/2 1819/293/2
f 1495/307/2 1464/303/2 1465/310/2
f 1565/300/2 1561/288/2 1562/311/2
f 1564/312/2 1565/300/2 1562/311/2
f 1459/313/2 1460/309/2 1819/293/2
f 1494/314/2 1495/307/2 1465/310/2
f 1458/315/2 1459/313/2 1819/293/2
f 1523/308/2 1504/305/2 1505/316/2
f 1494/314/2 1465/310/2 1466/317/2
f 1457/318/2 1458/315/2 1819/293/2
f 1493/319/2 1494/314/2 1466/317/2
f 1522/320/2 1523/308/2 1505/316/2
f 1456/321/2 1457/318/2 1819/293/2
f 1493/319/2 1466/317/2 1467/322/2
f 1563/323/2 1564/312/2 1562/311/2
f 1492/324/2 1493/319/2 1467/322/2
f 1455/325/2 1456/321/2 1819/293/2
f 1522/320/2 1505/316/2 1506/326/2
f 1454/327/2 1455/325/2 1819/293/2
f 1491/328/2 1492/324/2 1467/322/2
f 1491/328/2 1467/322/2 1468/329/2
f 1521/330/2 1522/320/2 1506/326/2
f 1453/331/2 1454/327/2 1819/293/2
f 1490/332/2 1491/328/2 1468/329/2
f 1452/333/2 1453/331/2 1819/293/2
f 1521/330/2 1506/326/2 1507/334/2
f 1490/332/2 1468/329/2 1469/335/2
f 1451/336/2 1452/333/2 1819/293/2
f 1489/337/2 1490/332/2 1469/335/2
f 1520/338/2 1521/330/2 1507/334/2
f 1451/336/2 1819/293/2 1015/339/2
f 1450/340/2 1451/336/2 1015/339/2
f 1489/337/2 1469/335/2 1470/341/2
f 1520/338/2 1507/334/2 1508/342/2
f 1488/343/2 1489/337/2 1470/341/2
f 1449/344/2 1450/340/2 1015/339/2
f 1519/345/2 1520/338/2 1508/342/2
f 1448/346/2 1449/344/2 1015/339/2
f 1488/343/2 1470/341/2 1471/347/2
f 1487/348/2 1488/343/2 1471/347/2
f 1486/349/2 1487/348/2 1471/347/2
f 1519/345/2 1508/342/2 1509/350/2
f 1447/351/2 1448/346/2 1015/339/2
f 1485/352/2 1486/349/2 1471/347/2
f 1484/353/2 1485/352/2 1471/347/2
f 1446/354/2 1447/351/2 1015/339/2
f 1518/355/2 1519/345/2 1509/350/2
f 1484/353/2 1471/347/2 1472/356/2
f 1483/357/2 1484/353/2 1472/356/2
f 1445/358/2 1446/354/2 1015/339/2
f 1482/359/2 1483/357/2 1472/356/2
f 1518/355/2 1509/350/2 1510/360/2
f 1444/361/2 1445/358/2 1015/339/2
f 1481/362/2 1482/359/2 1472/356/2
f 1517/363/2 1518/355/2 1510/360/2
f 1443/364/2 1444/361/2 1015/339/2
f 1481/362/2 1472/356/2 1473/365/2
f 1480/366/2 1481/362/2 1473/365/2
f 1442/367/2 1443/364/2 1015/339/2
f 1479/368/2 1480/366/2 1473/365/2
f 1441/369/2 1442/367/2 1015/339/2
f 1517/363/2 1510/360/2 1511/370/2
f 1440/371/2 1441/369/2 1015/339/2
f 1516/372/2 1517/363/2 1511/370/2
f 1478/373/2 1479/368/2 1473/365/2
f 1439/374/2 1440/371/2 1015/339/2
f 1478/373/2 1473/365/2 1474/375/2
f 1438/376/2 1439/374/2 1015/339/2
f 1477/377/2 1478/373/2 1474/375/2
f 1515/378/2 1516/372/2 1511/370/2
f 1515/378/2 1511/370/2 1512/379/2
f 1476/380/2 1477/377/2 1474/375/2
f 1437/381/2 1438/376/2 1015/339/2
f 1476/380/2 1474/375/2 1475/382/2
f 1514/383/2 1515/378/2 1512/379/2
f 1514/383/2 1512/379/2 1513/384/2
f 1436/385/2 1437/381/2 1015/339/2
f 1436/385/2 1015/339/2 1856/386/2
f 1856/386/2 1015/339/2 1016/387/2
f 1435/388/2 1436/385/2 1856/386/2
f 1434/389/2 1435/388/2 1856/386/2
f 1433/390/2 1434/389/2 1856/386/2
f 1433/390/2 1856/386/2 1857/391/2
f 1855/392/2 1856/386/2 1016/387/2
f 1432/393/2 1433/390/2 1857/391/2
f 1854/394/2 1855/392/2 1016/387/2
f 1432/393/2 1857/391/2 1858/395/2
f 1431/396/2 1432/393/2 1858/395/2
f 1853/397/2 1854/394/2 1016/387/2
f 1430/398/2 1431/396/2 1858/395/2
f 1852/399/2 1853/397/2 1016/387/2
f 1430/398/2 1858/395/2 1859/400/2
f 1852/399/2 1016/387/2 1017/401/2
f 1429/402/2 1430/398/2 1859/400/2
f 1851/403/2 1852/399/2 1017/401/2
f 1429/402/2 1859/400/2 1860/404/2
f 1428/405/2 1429/402/2 1403/406/2
f 1403/406/2 1429/402/2 1860/404/2
f 1850/407/2 1851/403/2 1017/401/2
f 1403/406/2 1860/404/2 1861/408/2
f 1428/405/2 1403/406/2 1404/409/2
f 1402/410/2 1403/406/2 1379/411/2
f 1379/411/2 1403/406/2 1861/408/2
f 1427/412/2 1428/405/2 1404/409/2
f 1849/413/2 1850/407/2 1017/401/2
f 1402/410/2 1379/411/2 1380/414/2
f 1378/415/2 1379/411/2 1861/408/2
f 1377/416/2 1378/415/2 1861/408/2
f 1427/412/2 1404/409/2 1405/417/2
f 1426/418/2 1427/412/2 1405/417/2
f 1401/419/2 1402/410/2 1380/414/2
f 1377/416/2 1861/408/2 1862/420/2
f 1376/421/2 1377/416/2 1862/420/2
f 1848/422/2 1849/413/2 1017/401/2
f 1375/423/2 1376/421/2 1862/420/2
f 1401/419/2 1380/414/2 1381/424/2
f 1374/425/2 1375/423/2 1862/420/2
f 1848/422/2 1017/401/2 1018/426/2
f 1426/418/2 1405/417/2 1406/427/2
f 1373/428/2 1374/425/2 1862/420/2
f 1425/429/2 1426/418/2 1406/427/2
f 1400/430/2 1401/419/2 1381/424/2
f 1373/428/2 1862/420/2 1863/431/2
f 1400/430/2 1381/424/2 1382/432/2
f 1372/433/2 1373/428/2 1863/431/2
f 1847/434/2 1848/422/2 1018/426/2
f 1371/435/2 1372/433/2 1863/431/2
f 1425/429/2 1406/427/2 1407/436/2
f 1424/437/2 1425/429/2 1407/436/2
f 1399/438/2 1400/430/2 1382/432/2
f 1399/438/2 1382/432/2 1383/439/2
f 1370/440/2 1371/435/2 1863/431/2
f 1370/440/2 1863/431/2 1864/441/2
f 1846/442/2 1847/434/2 1018/426/2
f 1424/437/2 1407/436/2 1408/443/2
f 1399/438/2 1383/439/2 1384/444/2
f 1423/445/2 1424/437/2 1408/443/2
f 1398/446/2 1399/438/2 1384/444/2
f 1369/447/2 1370/440/2 1864/441/2
f 1398/446/2 1384/444/2 1385/448/2
f 1368/449/2 1369/447/2 1864/441/2
f 1423/445/2 1408/443/2 1409/450/2
f 1422/451/2 1423/445/2 1409/450/2
f 1368/449/2 1864/441/2 1865/452/2
f 1397/453/2 1398/446/2 1385/448/2
f 1845/454/2 1846/442/2 1018/426/2
f 1397/453/2 1385/448/2 1386/455/2
f 1367/456/2 1368/449/2 1865/452/2
f 1845/454/2 1018/426/2 1019/457/2
f 1421/458/2 1422/451/2 1409/450/2
f 1421/458/2 1409/450/2 1410/459/2
f 1396/460/2 1397/453/2 1386/455/2
f 1396/460/2 1386/455/2 1387/461/2
f 1367/456/2 1865/452/2 1866/462/2
f 1366/463/2 1367/456/2 1866/462/2
f 1420/464/2 1421/458/2 1410/459/2
f 1365/465/2 1366/463/2 1866/462/2
f 1844/466/2 1845/454/2 1019/457/2
f 1420/464/2 1410/459/2 1411/467/2
f 1395/468/2 1396/460/2 1387/461/2
f 1364/469/2 1365/465/2 1866/462/2
f 1395/468/2 1387/461/2 1388/470/2
f 1363/471/2 1364/469/2 1866/462/2
f 1419/472/2 1420/464/2 1411/467/2
f 1394/473/2 1395/468/2 1388/470/2
f 1362/474/2 1363/471/2 1866/462/2
f 1419/472/2 1411/467/2 1412/475/2
f 1362/474/2 1866/462/2 1867/476/2
f 1394/473/2 1388/470/2 1389/477/2
f 1361/478/2 1362/474/2 1867/476/2
f 1418/479/2 1419/472/2 1412/475/2
f 1393/480/2 1394/473/2 1389/477/2
f 1360/481/2 1361/478/2 1867/476/2
f 1843/482/2 1844/466/2 1019/457/2
f 1418/479/2 1412/475/2 1413/483/2
f 1393/480/2 1389/477/2 1390/484/2
f 1359/485/2 1360/481/2 1867/476/2
f 1392/486/2 1393/480/2 1390/484/2
f 1417/487/2 1418/479/2 1413/483/2
f 1358/488/2 1359/485/2 1305/489/2
f 1305/489/2 1359/485/2 1867/476/2
f 1305/489/2 1867/476/2 1868/490/2
f 1417/487/2 1413/483/2 1414/491/2
f 1358/488/2 1305/489/2 1306/492/2
f 1304/493/2 1305/489/2 1868/490/2
f 1392/486/2 1390/484/2 1391/494/2
f 1843/482/2 1019/457/2 1020/495/2
f 1303/496/2 1304/493/2 1868/490/2
f 1357/497/2 1358/488/2 1306/492/2
f 1302/498/2 1303/496/2 1868/490/2
f 1416/499/2 1417/487/2 1414/491/2
f 1842/500/2 1843/482/2 1020/495/2
f 1301/501/2 1302/498/2 1868/490/2
f 1300/502/2 1301/501/2 1868/490/2
f 1356/503/2 1357/497/2 1331/504/2
f 1331/504/2 1357/497/2 1306/492/2
f 1299/505/2 1300/502/2 1868/490/2
f 1416/499/2 1414/491/2 1415/506/2
f 1298/507/2 1299/505/2 1868/490/2
f 1356/503/2 1331/504/2 1332/508/2
f 1330/509/2 1331/504/2 1306/492/2
f 1297/510/2 1298/507/2 1868/490/2
f 1355/511/2 1356/503/2 1332/508/2
f 1330/509/2 1306/492/2 1307/512/2
f 1355/511/2 1332/508/2 1333/513/2
f 1296/514/2 1297/510/2 1868/490/2
f 1330/509/2 1307/512/2 1308/515/2
f 1295/516/2 1296/514/2 1868/490/2
f 1295/516/2 1868/490/2 1869/517/2
f 1355/511/2 1333/513/2 1334/518/2
f 1330/509/2 1308/515/2 1309/519/2
f 1294/520/2 1295/516/2 1869/517/2
f 1293/521/2 1294/520/2 1869/517/2
f 1354/522/2 1355/511/2 1334/518/2
f 1330/509/2 1309/519/2 1310/523/2
f 1354/522/2 1334/518/2 1335/524/2
f 1292/525/2 1293/521/2 1869/517/2
f 1841/526/2 1842/500/2 1020/495/2
f 1329/527/2 1330/509/2 1310/523/2
f 1329/527/2 1310/523/2 1311/528/2
f 1354/522/2 1335/524/2 1336/529/2
f 1353/530/2 1354/522/2 1336/529/2
f 1329/527/2 1311/528/2 1312/531/2
f 1353/530/2 1336/529/2 1337/532/2
f 1352/533/2 1353/530/2 1337/532/2
f 1329/527/2 1312/531/2 1313/534/2
f 1328/535/2 1329/527/2 1313/534/2
f 1291/536/2 1292/525/2 1917/537/2
f 1917/537/2 1292/525/2 1869/517/2
f 1352/533/2 1337/532/2 1338/538/2
f 1328/535/2 1313/534/2 1314/539/2
f 1351/540/2 1352/533/2 1338/538/2
f 1840/541/2 1841/526/2 1020/495/2
f 1351/540/2 1338/538/2 1339/542/2
f 1327/543/2 1328/535/2 1314/539/2
f 1327/543/2 1314/539/2 1315/544/2
f 1350/545/2 1351/540/2 1339/542/2
f 1840/541/2 1020/495/2 1021/546/2
f 1350/545/2 1339/542/2 1340/547/2
f 1349/548/2 1350/545/2 1340/547/2
f 1290/549/2 1291/536/2 1917/537/2
f 1327/543/2 1315/544/2 1316/550/2
f 1326/551/2 1327/543/2 1316/550/2
f 1348/552/2 1349/548/2 1340/547/2
f 1348/552/2 1340/547/2 1341/553/2
f 1290/549/2 1917/537/2 1918/554/2
f 1916/555/2 1917/537/2 1869/517/2
f 1839/556/2 1840/541/2 1021/546/2
f 1326/551/2 1316/550/2 1317/557/2
f 1915/558/2 1916/555/2 1869/517/2
f 1347/559/2 1348/552/2 1341/553/2
f 1914/560/2 1915/558/2 1869/517/2
f 1913/561/2 1914/560/2 1869/517/2
f 1325/562/2 1326/551/2 1317/557/2
f 1347/559/2 1341/553/2 1342/563/2
f 1912/564/2 1913/561/2 1869/517/2
f 1346/565/2 1347/559/2 1342/563/2
f 1911/566/2 1912/564/2 1869/517/2
f 1325/562/2 1317/557/2 1318/567/2
f 1289/568/2 1290/549/2 1918/554/2
f 1289/568/2 1918/554/2 1919/569/2
f 1910/570/2 1911/566/2 1869/517/2
f 1345/571/2 1346/565/2 1342/563/2
f 1324/572/2 1325/562/2 1318/567/2
f 1909/573/2 1910/570/2 1869/517/2
f 1345/571/2 1342/563/2 1344/574/2
f 1344/574/2 1342/563/2 1343/575/2
f 1908/576/2 1909/573/2 1869/517/2
f 1324/572/2 1318/567/2 1319/577/2
f 1838/578/2 1839/556/2 1021/546/2
f 1907/579/2 1908/576/2 1869/517/2
f 1323/580/2 1324/572/2 1319/577/2
f 1906/581/2 1907/579/2 1869/517/2
f 1289/568/2 1919/569/2 1920/582/2
f 1906/581/2 1869/517/2 1870/583/2
f 1322/584/2 1323/580/2 1319/577/2
f 1905/585/2 1906/581/2 1870/583/2
f 1904/586/2 1905/585/2 1870/583/2
f 1838/578/2 1021/546/2 1022/587/2
f 1288/588/2 1289/568/2 1920/582/2
f 1321/589/2 1322/584/2 1319/577/2
f 1320/590/2 1321/589/2 1319/577/2
f 1288/588/2 1920/582/2 1921/591/2
f 1837/592/2 1838/578/2 1022/587/2
f 1904/586/2 1870/583/2 1871/593/2
f 1288/588/2 1921/591/2 1922/594/2
f 1903/595/2 1904/586/2 1871/593/2
f 1287/596/2 1288/588/2 1922/594/2
f 1903/595/2 1871/593/2 1872/597/2
f 1836/598/2 1837/592/2 1022/587/2
f 1287/596/2 1922/594/2 1923/599/2
f 1903/595/2 1872/597/2 1873/600/2
f 1836/598/2 1022/587/2 1023/601/2
f 1902/602/2 1903/595/2 1873/600/2
f 1835/603/2 1836/598/2 1023/601/2
f 1286/604/2 1287/596/2 1923/599/2
f 1902/602/2 1873/600/2 1874/605/2
f 1286/604/2 1923/599/2 1924/606/2
f 1834/607/2 1835/603/2 1023/601/2
f 1901/608/2 1902/602/2 1874/605/2
f 1901/608/2 1874/605/2 1875/609/2
f 1286/604/2 1924/606/2 1925/610/2
f 1285/611/2 1286/604/2 1925/610/2
f 1834/607/2 1023/601/2 1024/612/2
f 1833/613/2 1834/607/2 1024/612/2
f 1901/608/2 1875/609/2 1876/614/2
f 1900/615/2 1901/608/2 1876/614/2
f 1900/615/2 1876/614/2 1877/616/2
f 1285/611/2 1925/610/2 1926/617/2
f 1832/618/2 1833/613/2 1024/612/2
f 1899/619/2 1900/615/2 1877/616/2
f 1899/619/2 1877/616/2 1878/620/2
f 1284/621/2 1285/611/2 1926/617/2
f 1832/618/2 1024/612/2 1025/622/2
f 1899/619/2 1878/620/2 1879/623/2
f 1831/624/2 1832/618/2 1025/622/2
f 1284/621/2 1926/617/2 1927/625/2
f 1898/626/2 1899/619/2 1879/623/2
f 1898/626/2 1879/623/2 1880/627/2
f 1830/628/2 1831/624/2 1025/622/2
f 1898/626/2 1880/627/2 1881/629/2
f 1829/630/2 1830/628/2 1025/622/2
f 1897/631/2 1898/626/2 1881/629/2
f 1829/630/2 1025/622/2 1026/632/2
f 1897/631/2 1881/629/2 1882/633/2
f 1284/621/2 1927/625/2 1928/634/2
f 1283/635/2 1284/621/2 1928/634/2
f 1828/636/2 1829/630/2 1026/632/2
f 1897/631/2 1882/633/2 1883/637/2
f 1827/638/2 1828/636/2 1026/632/2
f 1896/639/2 1897/631/2 1883/637/2
f 1896/639/2 1883/637/2 1884/640/2
f 1896/639/2 1884/640/2 1885/641/2
f 1826/642/2 1827/638/2 1026/632/2
f 1826/642/2 1026/632/2 1027/643/2
f 1896/639/2 1885/641/2 1886/644/2
f 1825/645/2 1826/642/2 1027/643/2
f 1895/646/2 1896/639/2 1886/644/2
f 1895/646/2 1886/644/2 1887/647/2
f 1283/635/2 1928/634/2 1893/648/2
f 1824/649/2 1825/645/2 1027/643/2
f 1895/646/2 1887/647/2 1888/650/2
f 1824/649/2 1027/643/2 1028/651/2
f 1823/652/2 1824/649/2 1028/651/2
f 1895/646/2 1888/650/2 1889/653/2
f 1895/646/2 1889/653/2 1890/654/2
f 1822/655/2 1823/652/2 1028/651/2
f 1894/656/2 1895/646/2 1890/654/2
f 1894/656/2 1890/654/2 1891/657/2
f 1821/658/2 1822/655/2 1028/651/2
f 1894/656/2 1891/657/2 1892/659/2
f 1820/660/2 1821/658/2 1028/651/2
f 1894/656/2 1892/659/2 1820/660/2
f 1894/656/2 1820/660/2 1028/651/2
f 1282/661/2 1283/635/2 1893/648/2
f 1893/648/2 1894/656/2 1028/651/2
f 1282/661/2 1893/648/2 1028/651/2
f 1282/661/2 1028/651/2 1029/662/2
f 1281/663/2 1282/661/2 1029/662/2
f 1281/663/2 1029/662/2 1030/664/2
f 1280/665/2 1281/663/2 1030/664/2
f 1280/665/2 1030/664/2 1031/666/2
f 1280/665/2 1031/666/2 1032/667/2
f 1279/668/2 1280/665/2 1032/667/2
f 1279/668/2 1032/667/2 1033/669/2
f 1279/668/2 1033/669/2 1034/670/2
f 1278/671/2 1279/668/2 1034/670/2
f 1278/671/2 1034/670/2 1035/672/2
f 1278/671/2 1035/672/2 1036/673/2
f 1278/671/2 1036/673/2 1037/674/2
f 1277/675/2 1278/671/2 1221/676/2
f 1221/676/2 1278/671/2 1220/677/2
f 1220/677/2 1278/671/2 1037/674/2
f 1277/675/2 1221/676/2 1222/678/2
f 1219/679/2 1220/677/2 1063/680/2
f 1063/680/2 1220/677/2 1037/674/2
f 1277/675/2 1222/678/2 1223/681/2
f 1063/680/2 1037/674/2 1038/682/2
f 1277/675/2 1223/681/2 1224/683/2
f 1219/679/2 1063/680/2 1064/684/2
f 1062/685/2 1063/680/2 1038/682/2
f 1061/686/2 1062/685/2 1038/682/2
f 1060/687/2 1061/686/2 1038/682/2
f 1059/688/2 1060/687/2 1038/682/2
f 1219/679/2 1064/684/2 1065/689/2
f 1058/690/2 1059/688/2 1038/682/2
f 1058/690/2 1038/682/2 1039/691/2
f 1057/692/2 1058/690/2 1039/691/2
f 1277/675/2 1224/683/2 1225/693/2
f 1056/694/2 1057/692/2 1039/691/2
f 1056/694/2 1039/691/2 1040/695/2
f 1056/694/2 1040/695/2 1041/696/2
f 1056/694/2 1041/696/2 1042/697/2
f 1056/694/2 1042/697/2 1043/698/2
f 1219/679/2 1065/689/2 1066/699/2
f 1056/694/2 1043/698/2 1044/700/2
f 1055/701/2 1056/694/2 1044/700/2
f 1055/701/2 1044/700/2 1045/702/2
f 1055/701/2 1045/702/2 1046/703/2
f 1054/704/2 1055/701/2 1046/703/2
f 1054/704/2 1046/703/2 1047/705/2
f 1053/706/2 1054/704/2 1047/705/2
f 1053/706/2 1047/705/2 1048/707/2
f 1277/675/2 1225/693/2 1226/708/2
f 1053/706/2 1048/707/2 1049/709/2
f 1052/710/2 1053/706/2 1049/709/2
f 1219/679/2 1066/699/2 1067/711/2
f 1052/710/2 1049/709/2 1050/712/2
f 1051/713/2 1052/710/2 1050/712/2
f 1277/675/2 1226/708/2 1227/714/2
f 1219/679/2 1067/711/2 1068/715/2
f 1277/675/2 1227/714/2 1228/716/2
f 1219/679/2 1068/715/2 1069/717/2
f 1276/718/2 1277/675/2 1228/716/2
f 1276/718/2 1228/716/2 1229/719/2
f 1219/679/2 1069/717/2 1070/720/2
f 1218/721/2 1219/679/2 1070/720/2
f 1276/718/2 1229/719/2 1230/722/2
f 1218/721/2 1070/720/2 1071/723/2
f 1276/718/2 1230/722/2 1231/724/2
f 1275/725/2 1276/718/2 1231/724/2
f 1218/721/2 1071/723/2 1072/726/2
f 1275/725/2 1231/724/2 1232/727/2
f 1217/728/2 1218/721/2 1072/726/2
f 1275/725/2 1232/727/2 1233/729/2
f 1217/728/2 1072/726/2 1073/730/2
f 1274/731/2 1275/725/2 1233/729/2
f 1274/731/2 1233/729/2 1234/732/2
f 1217/728/2 1073/730/2 1074/733/2
f 1273/734/2 1274/731/2 1234/732/2
f 1273/734/2 1234/732/2 1235/735/2
f 1216/736/2 1217/728/2 1074/733/2
f 1216/736/2 1074/733/2 1075/737/2
f 1272/738/2 1273/734/2 1235/735/2
f 1272/738/2 1235/735/2 1236/739/2
f 1216/736/2 1075/737/2 1076/740/2
f 1271/741/2 1272/738/2 1236/739/2
f 1215/742/2 1216/736/2 1076/740/2
f 1271/741/2 1236/739/2 1237/743/2
f 1215/742/2 1076/740/2 1077/744/2
f 1270/745/2 1271/741/2 1237/743/2
f 1215/742/2 1077/744/2 1078/746/2
f 1270/745/2 1237/743/2 1238/747/2
f 1269/748/2 1270/745/2 1238/747/2
f 1214/749/2 1215/742/2 1078/746/2
f 1214/749/2 1078/746/2 1079/750/2
f 1269/748/2 1238/747/2 1239/751/2
f 1268/752/2 1269/748/2 1239/751/2
f 1267/753/2 1268/752/2 1239/751/2
f 1214/749/2 1079/750/2 1080/754/2
f 1266/755/2 1267/753/2 1239/751/2
f 1266/755/2 1239/751/2 1240/756/2
f 1265/757/2 1266/755/2 1240/756/2
f 1213/758/2 1214/749/2 1080/754/2
f 1264/759/2 1265/757/2 1240/756/2
f 1213/758/2 1080/754/2 1081/760/2
f 1263/761/2 1264/759/2 1240/756/2
f 1263/761/2 1240/756/2 1241/762/2
f 1262/763/2 1263/761/2 1241/762/2
f 1261/764/2 1262/763/2 1241/762/2
f 1213/758/2 1081/760/2 1082/765/2
f 1260/766/2 1261/764/2 1241/762/2
f 1260/766/2 1241/762/2 1242/767/2
f 1212/768/2 1213/758/2 1082/765/2
f 1259/769/2 1260/766/2 1242/767/2
f 1258/770/2 1259/769/2 1242/767/2
f 1212/768/2 1082/765/2 1083/771/2
f 1258/770/2 1242/767/2 1243/772/2
f 1257/773/2 1258/770/2 1243/772/2
f 1256/774/2 1257/773/2 1243/772/2
f 1211/775/2 1212/768/2 1083/771/2
f 1255/776/2 1256/774/2 1243/772/2
f 1255/776/2 1243/772/2 1244/777/2
f 1254/778/2 1255/776/2 1244/777/2
f 1211/775/2 1083/771/2 1084/779/2
f 1253/780/2 1254/778/2 1244/777/2
f 1252/781/2 1253/780/2 1244/777/2
f 1252/781/2 1244/777/2 1245/782/2
f 1251/783/2 1252/781/2 1245/782/2
f 1250/784/2 1251/783/2 1245/782/2
f 1249/785/2 1250/784/2 1245/782/2
f 1210/786/2 1211/775/2 1084/779/2
f 1210/786/2 1084/779/2 1085/787/2
f 1248/788/2 1249/785/2 1245/782/2
f 1247/789/2 1248/788/2 1245/782/2
f 1246/790/2 1247/789/2 1245/782/2
f 1210/786/2 1085/787/2 1086/791/2
f 1209/792/2 1210/786/2 1086/791/2
f 1209/792/2 1086/791/2 1087/793/2
f 1208/794/2 1209/792/2 1087/793/2
f 1208/794/2 1087/793/2 1088/795/2
f 1207/796/2 1208/794/2 1088/795/2
f 1207/796/2 1088/795/2 1089/797/2
f 1207/796/2 1089/797/2 1090/798/2
f 1206/799/2 1207/796/2 1090/798/2
f 1206/799/2 1090/798/2 1091/800/2
f 1206/799/2 1091/800/2 1092/801/2
f 1205/802/2 1206/799/2 1092/801/2
f 1205/802/2 1092/801/2 1093/803/2
f 1205/802/2 1093/803/2 1094/804/2
f 1205/802/2 1094/804/2 1095/805/2
f 1204/806/2 1205/802/2 1095/805/2
f 1204/806/2 1095/805/2 1096/807/2
f 1204/806/2 1096/807/2 1097/808/2
f 1203/809/2 1204/806/2 1097/808/2
f 1203/809/2 1097/808/2 1098/810/2
f 1203/809/2 1098/810/2 1099/811/2
f 1202/812/2 1203/809/2 1099/811/2
f 1202/812/2 1099/811/2 1100/813/2
f 1202/812/2 1100/813/2 1101/814/2
f 1202/812/2 1101/814/2 1102/815/2
f 1202/812/2 1102/815/2 1103/816/2
f 1202/812/2 1103/816/2 1104/817/2
f 1202/812/2 1104/817/2 1105/818/2
f 1201/819/2 1202/812/2 1105/818/2
f 1201/819/2 1105/818/2 1106/820/2
f 1201/819/2 1106/820/2 1107/821/2
f 1201/819/2 1107/821/2 1108/822/2
f 1201/819/2 1108/822/2 1109/823/2
f 1201/819/2 1109/823/2 1110/824/2
f 1201/819/2 1110/824/2 1111/825/2
f 1200/826/2 1201/819/2 1111/825/2
f 1200/826/2 1111/825/2 1112/827/2
f 1200/826/2 1112/827/2 1113/828/2
f 1200/826/2 1113/828/2 1114/829/2
f 1200/826/2 1114/829/2 1115/830/2
f 1200/826/2 1115/830/2 1116/831/2
f 1200/826/2 1116/831/2 1117/832/2
f 1199/833/2 1200/826/2 1117/832/2
f 1199/833/2 1117/832/2 1118/834/2
f 1199/833/2 1118/834/2 1119/835/2
f 1199/833/2 1119/835/2 1120/836/2
f 1199/833/2 1120/836/2 1121/837/2
f 1199/833/2 1121/837/2 1122/838/2
f 1199/833/2 1122/838/2 1123/839/2
f 1199/833/2 1123/839/2 1124/840/2
f 1198/841/2 1199/833/2 1124/840/2
f 1198/841/2 1124/840/2 1125/842/2
f 1197/843/2 1198/841/2 1125/842/2
f 1197/843/2 1125/842/2 1126/844/2
f 1196/845/2 1197/843/2 1126/844/2
f 1196/845/2 1126/844/2 1127/846/2
f 1195/847/2 1196/845/2 1127/846/2
f 1194/848/2 1195/847/2 1127/846/2
f 1193/849/2 1194/848/2 1127/846/2
f 1192/850/2 1193/849/2 1127/846/2
f 1192/850/2 1127/846/2 1128/851/2
f 1191/852/2 1192/850/2 1128/851/2
f 1190/853/2 1191/852/2 1128/851/2
f 1189/854/2 1190/853/2 1128/851/2
f 1188/855/2 1189/854/2 1128/851/2
f 1187/856/2 1188/855/2 1128/851/2
f 1186/857/2 1187/856/2 1128/851/2
f 1186/857/2 1128/851/2 1129/858/2
f 1185/859/2 1186/857/2 1129/858/2
f 1184/860/2 1185/859/2 1129/858/2
f 1183/861/2 1184/860/2 1129/858/2
f 1182/862/2 1183/861/2 1129/858/2
f 1181/863/2 1182/862/2 1129/858/2
f 1180/864/2 1181/863/2 1129/858/2
f 1180/864/2 1129/858/2 1130/865/2
f 1179/866/2 1180/864/2 1130/865/2
f 1178/867/2 1179/866/2 1130/865/2
f 1177/868/2 1178/867/2 1130/865/2
f 1176/869/2 1177/868/2 1130/865/2
f 1175/870/2 1176/869/2 1130/865/2
f 1174/871/2 1175/870/2 1130/865/2
f 1173/872/2 1174/871/2 1130/865/2
f 1173/872/2 1130/865/2 1131/873/2
f 1172/874/2 1173/872/2 1131/873/2
f 1171/875/2 1172/874/2 1131/873/2
f 1170/876/2 1171/875/2 1131/873/2
f 1169/877/2 1170/876/2 1131/873/2
f 1168/878/2 1169/877/2 1131/873/2
f 1168/878/2 1131/873/2 1132/879/2
f 1167/880/2 1168/878/2 1132/879/2
f 1166/881/2 1167/880/2 1132/879/2
f 1165/882/2 1166/881/2 1968/883/2
f 1968/883/2 1166/881/2 1132/879/2
f 1164/884/2 1165/882/2 1968/883/2
f 1164/884/2 1968/883/2 1969/885/2
f 1967/886/2 1968/883/2 1132/879/2
f 1163/887/2 1164/884/2 1969/885/2
f 1163/887/2 1969/885/2 1970/888/2
f 1967/886/2 1132/879/2 1133/889/2
f 1162/890/2 1163/887/2 1970/888/2
f 1161/891/2 1162/890/2 1970/888/2
f 1966/892/2 1967/886/2 1133/889/2
f 1160/893/2 1161/891/2 1970/888/2
f 1965/894/2 1966/892/2 1133/889/2
f 1159/895/2 1160/893/2 1970/888/2
f 1964/896/2 1965/894/2 1133/889/2
f 1963/897/2 1964/896/2 1953/898/2
f 1953/898/2 1964/896/2 1133/889/2
f 1159/895/2 1970/888/2 1971/899/2
f 1962/900/2 1963/897/2 1953/898/2
f 1962/900/2 1953/898/2 1954/901/2
f 1952/902/2 1953/898/2 1133/889/2
f 1961/903/2 1962/900/2 1954/901/2
f 1960/904/2 1961/903/2 1954/901/2
f 1959/905/2 1960/904/2 1954/901/2
f 1958/906/2 1959/905/2 1954/901/2
f 1957/907/2 1958/906/2 1954/901/2
f 1956/908/2 1957/907/2 1954/901/2
f 1955/909/2 1956/908/2 1954/901/2
f 1951/910/2 1952/902/2 1133/889/2
f 1950/911/2 1951/910/2 1133/889/2
f 1158/912/2 1159/895/2 1971/899/2
f 1158/912/2 1971/899/2 1972/913/2
f 1949/914/2 1950/911/2 1133/889/2
f 1949/914/2 1133/889/2 1134/915/2
f 1948/916/2 1949/914/2 1134/915/2
f 1947/917/2 1948/916/2 1134/915/2
f 1946/918/2 1947/917/2 1134/915/2
f 1158/912/2 1972/913/2 1973/919/2
f 1945/920/2 1946/918/2 1134/915/2
f 1157/921/2 1158/912/2 1973/919/2
f 1944/922/2 1945/920/2 1134/915/2
f 1943/923/2 1944/922/2 1134/915/2
f 1942/924/2 1943/923/2 1134/915/2
f 1942/924/2 1134/915/2 1135/925/2
f 1941/926/2 1942/924/2 1135/925/2
f 1157/921/2 1973/919/2 1974/927/2
f 1940/928/2 1941/926/2 1135/925/2
f 1156/929/2 1157/921/2 1974/927/2
f 1939/930/2 1940/928/2 1135/925/2
f 1156/929/2 1974/927/2 1975/931/2
f 1939/930/2 1135/925/2 1136/932/2
f 1938/933/2 1939/930/2 1136/932/2
f 1156/929/2 1975/931/2 1976/934/2
f 1155/935/2 1156/929/2 1976/934/2
f 1937/936/2 1938/933/2 1136/932/2
f 1937/936/2 1136/932/2 1137/937/2
f 1155/935/2 1976/934/2 1977/938/2
f 1936/939/2 1937/936/2 1137/937/2
f 1935/940/2 1936/939/2 1137/937/2
f 1154/941/2 1155/935/2 1977/938/2
f 1935/940/2 1137/937/2 1138/942/2
f 1154/941/2 1977/938/2 1978/943/2
f 1934/944/2 1935/940/2 1138/942/2
f 1154/941/2 1978/943/2 1979/945/2
f 1934/944/2 1138/942/2 1139/946/2
f 1933/947/2 1934/944/2 1139/946/2
f 1153/948/2 1154/941/2 1979/945/2
f 1932/949/2 1933/947/2 1139/946/2
f 1153/948/2 1979/945/2 1980/950/2
f 1932/949/2 1139/946/2 1140/951/2
f 1931/952/2 1932/949/2 1140/951/2
f 1152/953/2 1153/948/2 1980/950/2
f 1152/953/2 1980/950/2 1981/954/2
f 1930/955/2 1931/952/2 1140/951/2
f 1930/955/2 1140/951/2 1141/956/2
f 1929/957/2 1930/955/2 1141/956/2
f 1152/953/2 1981/954/2 1982/958/2
f 1152/953/2 1982/958/2 1983/959/2
f 1152/953/2 1983/959/2 1984/960/2
f 1152/953/2 1984/960/2 1985/961/2
f 2028/962/2 1929/957/2 1141/956/2
f 1152/953/2 1985/961/2 1986/963/2
f 2027/964/2 2028/962/2 1141/956/2
f 1152/953/2 1986/963/2 1987/965/2
f 1151/966/2 1152/953/2 1987/965/2
f 2027/964/2 1141/956/2 1142/967/2
f 2026/968/2 2027/964/2 1142/967/2
f 1151/966/2 1987/965/2 1988/969/2
f 2025/970/2 2026/968/2 1142/967/2
f 1151/966/2 1988/969/2 1989/971/2
f 1151/966/2 1989/971/2 1990/972/2
f 2024/973/2 2025/970/2 1142/967/2
f 1151/966/2 1990/972/2 1991/974/2
f 1151/966/2 1991/974/2 1992/975/2
f 1151/966/2 1992/975/2 1993/976/2
f 2023/977/2 2024/973/2 1142/967/2
f 2023/977/2 1142/967/2 1143/978/2
f 1151/966/2 1993/976/2 1994/979/2
f 1151/966/2 1994/979/2 1995/980/2
f 2022/981/2 2023/977/2 1143/978/2
f 1151/966/2 1995/980/2 1996/982/2
f 1150/983/2 1151/966/2 1996/982/2
f 1150/983/2 1996/982/2 1997/984/2
f 1150/983/2 1997/984/2 1998/985/2
f 1150/983/2 1998/985/2 1999/986/2
f 2021/987/2 2022/981/2 1143/978/2
f 1150/983/2 1999/986/2 2000/988/2
f 2021/987/2 1143/978/2 1144/989/2
f 1150/983/2 2000/988/2 2001/990/2
f 1150/983/2 2001/990/2 2002/991/2
f 1150/983/2 2002/991/2 2003/992/2
f 1150/983/2 2003/992/2 2004/993/2
f 2020/994/2 2021/987/2 1144/989/2
f 1150/983/2 2004/993/2 2005/995/2
f 1150/983/2 2005/995/2 2006/996/2
f 1150/983/2 2006/996/2 2007/997/2
f 1149/998/2 1150/983/2 2007/997/2
f 1149/998/2 2007/997/2 2008/999/2
f 2019/1000/2 2020/994/2 1144/989/2
f 2019/1000/2 1144/989/2 1145/1001/2
f 1149/998/2 2008/999/2 2009/1002/2
f 1149/998/2 2009/1002/2 2010/1003/2
f 1149/998/2 2010/1003/2 2011/1004/2
f 2018/1005/2 2019/1000/2 1145/1001/2
f 1149/998/2 2011/1004/2 2012/1006/2
f 1149/998/2 2012/1006/2 2013/1007/2
f 2018/1005/2 1145/1001/2 1146/1008/2
f 1149/998/2 2013/1007/2 2014/1009/2
f 2017/1010/2 2018/1005/2 1146/1008/2
f 1149/998/2 2014/1009/2 2015/1011/2
f 1148/1012/2 1149/998/2 2015/1011/2
f 1148/1012/2 2015/1011/2 2016/1013/2
f 1148/1012/2 2016/1013/2 2017/1010/2
f 2017/1010/2 1146/1008/2 1147/1014/2
f 1148/1012/2 2017/1010/2 1147/1014/2
s 1
f 2032/1015/3 2029/339/4 2030/1016/4
f 2034/1017/5 2031/1018/3 2032/1015/3
f 2036/1019/6 2033/1020/5 2034/1017/5
f 2038/1021/7 2035/1022/8 2036/1019/6
f 2040/1023/9 2037/1024/7 2038/1021/7
f 2042/1025/10 2039/1026/11 2040/1023/9
f 2044/1027/12 2041/1028/10 2042/1025/10
f 2046/1029/13 2043/1030/12 2044/1027/12
f 2048/1031/14 2045/1032/13 2046/1029/13
f 2050/1033/15 2047/1034/14 2048/1031/14
f 2052/1035/16 2049/1036/17 2050/1033/15
f 2054/1037/18 2051/1038/16 2052/1035/16
f 2056/1039/19 2053/1040/18 2054/1037/18
f 2058/1041/20 2055/1042/19 2056/1039/19
f 2060/1043/21 2057/1044/20 2058/1041/20
f 2062/1045/22 2059/1046/21 2060/1043/21
f 2064/1047/23 2061/1048/22 2062/1045/22
f 2066/1049/24 2063/1050/23 2064/1047/23
f 2068/1051/25 2065/1052/24 2066/1049/24
f 2070/1053/26 2067/1054/25 2068/1051/25
f 2072/1055/27 2069/1056/26 2070/1053/26
f 2074/1057/28 2071/1058/27 2072/1055/27
f 2076/1059/29 2073/1060/28 2074/1057/28
f 2078/1061/30 2075/1062/29 2076/1059/29
f 2080/1063/31 2077/1064/30 2078/1061/30
f 2082/1065/32 2079/1066/31 2080/1063/31
f 2084/1067/33 2081/1068/32 2082/1065/32
f 2086/1069/34 2083/1070/33 2084/1067/33
f 2088/1071/35 2085/1072/34 2086/1069/34
f 2090/1073/36 2087/1074/35 2088/1071/35
f 2092/1075/37 2089/1076/36 2090/1073/36
f 2094/1077/38 2091/1078/37 2092/1075/37
f 2096/1079/39 2093/1080/38 2094/1077/38
f 2098/1081/40 2095/1082/39 2096/1079/39
f 2100/1083/41 2097/1084/40 2098/1081/40
f 2102/1085/42 2099/1086/41 2100/1083/41
f 2104/1087/43 2101/1088/42 2102/1085/42
f 2106/1089/44 2103/1090/43 2104/1087/43
f 2108/1091/45 2105/1092/44 2106/1089/44
f 2110/1093/46 2107/1094/45 2108/1091/45
f 2112/1095/47 2109/1096/46 2110/1093/46
f 2114/1097/48 2111/1098/47 2112/1095/47
f 2116/1099/49 2113/1100/48 2114/1097/48
f 2118/1101/50 2115/1102/49 2116/1099/49
f 2120/1103/51 2117/1104/50 2118/1101/50
f 2122/1105/52 2119/1106/51 2120/1103/51
f 2124/1107/53 2121/1108/52 2122/1105/52
f 2126/1109/54 2123/1110/53 2124/1107/53
f 2128/1111/55 2125/1112/54 2126/1109/54
f 2130/1113/56 2127/1114/55 2128/1111/55
f 2132/1115/57 2129/1116/58 2130/1113/56
f 2134/1117/59 2131/1118/60 2132/1115/57
f 2136/1119/61 2133/1120/59 2134/1117/59
f 2138/1121/62 2135/1122/61 2136/1119/61
f 2140/1123/63 2137/1124/62 2138/1121/62
f 2142/1125/64 2139/1126/63 2140/1123/63
f 2144/1127/65 2141/1128/64 2142/1125/64
f 2146/1129/66 2143/1130/65 2144/1127/65
f 2148/1131/67 2145/1132/66 2146/1129/66
f 2150/1133/68 2147/1134/67 2148/1131/67
f 2152/1135/69 2149/1136/68 2150/1133/68
f 2154/1137/70 2151/1138/69 2152/1135/69
f 2156/1139/71 2153/1140/70 2154/1137/70
f 2158/1141/72 2155/1142/71 2156/1139/71
f 2160/1143/73 2157/1144/72 2158/1141/72
f 2162/1145/74 2159/1146/73 2160/1143/73
f 2164/1147/75 2161/1148/74 2162/1145/74
f 2166/1149/76 2163/1150/77 2164/1147/75
f 2168/1151/78 2165/1152/76 2166/1149/76
f 2170/1153/79 2167/1154/78 2168/1151/78
f 2172/1155/80 2169/1156/79 2170/1153/79
f 2174/1157/81 2171/1158/80 2172/1155/80
f 2176/1159/82 2173/1160/81 2174/1157/81
f 2178/1161/73 2175/1162/82 2176/1159/82
f 2180/1163/83 2177/1164/73 2178/1161/73
f 2182/1165/84 2179/1166/83 2180/1163/83
f 2184/1167/85 2181/1168/84 2182/1165/84
f 2186/1169/86 2183/1170/85 2184/1167/85
f 2188/1171/87 2185/1172/86 2186/1169/86
f 2190/1173/88 2187/1174/87 2188/1171/87
f 2192/1175/89 2189/1176/88 2190/1173/88
f 2194/1177/90 2191/1178/89 2192/1175/89
f 2196/1179/91 2193/1180/90 2194/1177/90
f 2198/1181/92 2195/1182/91 2196/1179/91
f 2200/1183/93 2197/1184/92 2198/1181/92
f 2202/1185/94 2199/1186/93 2200/1183/93
f 2204/1187/95 2201/1188/94 2202/1185/94
f 2206/1189/96 2203/1190/95 2204/1187/95
f 2208/1191/97 2205/1192/96 2206/1189/96
f 2210/1193/98 2207/1194/97 2208/1191/97
f 2212/1195/99 2209/1196/98 2210/1193/98
f 2214/1197/100 2211/1198/99 2212/1195/99
f 2216/1199/101 2213/1200/100 2214/1197/100
f 2218/1201/102 2215/1202/103 2216/1199/101
f 2220/1203/104 2217/1204/102 2218/1201/102
f 2222/1205/105 2219/1206/106 2220/1203/104
f 2224/1207/104 2221/1208/105 2222/1205/105
f 2226/1209/107 2223/1210/104 2224/1207/104
f 2228/1211/103 2225/1212/102 2226/1209/107
f 2230/1213/100 2227/1214/101 2228/1211/103
f 2232/1215/99 2229/1216/100 2230/1213/100
f 2234/1217/98 2231/1218/99 2232/1215/99
f 2236/1219/97 2233/1220/98 2234/1217/98
f 2238/1221/96 2235/1222/97 2236/1219/97
f 2240/1223/95 2237/1224/96 2238/1221/96
f 2242/1225/94 2239/1226/95 2240/1223/95
f 2244/1227/93 2241/1228/94 2242/1225/94
f 2246/1229/108 2243/1230/93 2244/1227/93
f 2248/1231/109 2245/1232/110 2246/1229/108
f 2250/1233/111 2247/1234/109 2248/1231/109
f 2252/1235/112 2249/1236/111 2250/1233/111
f 2254/1237/113 2251/1238/112 2252/1235/112
f 2256/1239/114 2253/1240/113 2254/1237/113
f 2258/1241/115 2255/1242/114 2256/1239/114
f 2260/1243/116 2257/1244/115 2258/1241/115
f 2262/1245/117 2259/1246/116 2260/1243/116
f 2264/1247/118 2261/1248/117 2262/1245/117
f 2266/1249/119 2263/1250/118 2264/1247/118
f 2268/1251/120 2265/1252/119 2266/1249/119
f 2270/1253/121 2267/1254/120 2268/1251/120
f 2272/1255/122 2269/1256/121 2270/1253/121
f 2274/1257/123 2271/1258/122 2272/1255/122
f 2276/1259/124 2273/1260/123 2274/1257/123
f 2278/1261/125 2275/1262/124 2276/1259/124
f 2280/1263/126 2277/1264/125 2278/1261/125
f 2282/1265/127 2279/1266/128 2280/1263/126
f 2284/1267/129 2281/1268/127 2282/1265/127
f 2286/1269/130 2283/1270/129 2284/1267/129
f 2288/1271/131 2285/1272/130 2286/1269/130
f 2290/1273/132 2287/1274/131 2288/1271/131
f 2292/1275/133 2289/1276/132 2290/1273/132
f 2294/1277/134 2291/1278/133 2292/1275/133
f 2296/1279/135 2293/1280/134 2294/1277/134
f 2298/1281/136 2295/1282/137 2296/1279/135
f 2300/1283/138 2297/1284/136 2298/1281/136
f 2302/1285/139 2299/1286/138 2300/1283/138
f 2304/1287/140 2301/1288/139 2302/1285/139
f 2306/1289/141 2303/1290/140 2304/1287/140
f 2308/1291/142 2305/1292/141 2306/1289/141
f 2310/1293/143 2307/1294/142 2308/1291/142
f 2312/1295/144 2309/1296/143 2310/1293/143
f 2314/1297/145 2311/1298/144 2312/1295/144
f 2316/1299/146 2313/1300/145 2314/1297/145
f 2318/1301/147 2315/1302/146 2316/1299/146
f 2320/1303/148 2317/1304/147 2318/1301/147
f 2322/1305/149 2319/1306/148 2320/1303/148
f 2324/1307/150 2321/1308/149 2322/1305/149
f 2326/1309/151 2323/1310/150 2324/1307/150
f 2328/1311/152 2325/1312/151 2326/1309/151
f 2330/1313/153 2327/1314/152 2328/1311/152
f 2332/1315/154 2329/1316/153 2330/1313/153
f 2334/1317/155 2331/1318/154 2332/1315/154
f 2336/1319/156 2333/1320/155 2334/1317/155
f 2338/1321/157 2335/1322/156 2336/1319/156
f 2340/1323/158 2337/1324/157 2338/1321/157
f 2342/1325/159 2339/1326/158 2340/1323/158
f 2344/1327/160 2341/1328/159 2342/1325/159
f 2346/1329/161 2343/1330/160 2344/1327/160
f 2348/1331/161 2345/1332/161 2346/1329/161
f 2350/1333/161 2347/1334/161 2348/1331/161
f 2352/1335/161 2349/1336/161 2350/1333/161
f 2354/1337/161 2351/1338/161 2352/1335/161
f 2356/1339/161 2353/1340/161 2354/1337/161
f 2358/1341/161 2355/1342/161 2356/1339/161
f 2360/1343/161 2357/1344/161 2358/1341/161
f 2362/1345/161 2359/1346/161 2360/1343/161
f 2364/1347/161 2361/1348/161 2362/1345/161
f 2366/1349/161 2363/1350/161 2364/1347/161
f 2368/1351/162 2365/1352/161 2366/1349/161
f 2370/1353/163 2367/1354/162 2368/1351/162
f 2372/1355/164 2369/1356/163 2370/1353/163
f 2374/1357/165 2371/1358/164 2372/1355/164
f 2376/1359/166 2373/1360/165 2374/1357/165
f 2378/1361/167 2375/1362/166 2376/1359/166
f 2380/1363/168 2377/1364/167 2378/1361/167
f 2382/1365/169 2379/1366/168 2380/1363/168
f 2384/1367/170 2381/1368/169 2382/1365/169
f 2386/1369/171 2383/1370/170 2384/1367/170
f 2388/1371/172 2385/1372/171 2386/1369/171
f 2390/1373/173 2387/1374/172 2388/1371/172
f 2392/1375/174 2389/1376/173 2390/1373/173
f 2394/1377/175 2391/1378/174 2392/1375/174
f 2396/1379/176 2393/1380/175 2394/1377/175
f 2398/1381/177 2395/1382/176 2396/1379/176
f 2400/1383/178 2397/1384/177 2398/1381/177
f 2402/1385/179 2399/1386/178 2400/1383/178
f 2404/1387/180 2401/1388/179 2402/1385/179
f 2406/1389/181 2403/1390/180 2404/1387/180
f 2408/1391/182 2405/1392/181 2406/1389/181
f 2410/1393/183 2407/1394/182 2408/1391/182
f 2412/1395/184 2409/1396/183 2410/1393/183
f 2414/1397/185 2411/1398/184 2412/1395/184
f 2416/1399/186 2413/1400/185 2414/1397/185
f 2418/1401/187 2415/1402/186 2416/1399/186
f 2420/1403/188 2417/1404/187 2418/1401/187
f 2422/1405/189 2419/1406/188 2420/1403/188
f 2424/1407/190 2421/1408/189 2422/1405/189
f 2426/1409/191 2423/1410/190 2424/1407/190
f 2428/1411/192 2425/1412/191 2426/1409/191
f 2430/1413/193 2427/1414/192 2428/1411/192
f 2432/1415/194 2429/1416/193 2430/1413/193
f 2434/1417/195 2431/1418/194 2432/1415/194
f 2436/1419/196 2433/1420/195 2434/1417/195
f 2438/1421/197 2435/1422/196 2436/1419/196
f 2440/1423/198 2437/1424/197 2438/1421/197
f 2442/1425/199 2439/1426/198 2440/1423/198
f 2444/1427/200 2441/1428/199 2442/1425/199
f 2446/1429/201 2443/1430/200 2444/1427/200
f 2448/1431/202 2445/1432/201 2446/1429/201
f 2450/1433/203 2447/1434/202 2448/1431/202
f 2452/1435/204 2449/1436/203 2450/1433/203
f 2454/1437/205 2451/1438/204 2452/1435/204
f 2456/1439/206 2453/1440/205 2454/1437/205
f 2458/1441/207 2455/1442/206 2456/1439/206
f 2460/1443/208 2457/1444/207 2458/1441/207
f 2462/1445/209 2459/1446/208 2460/1443/208
f 2464/1447/210 2461/1448/209 2462/1445/209
f 2466/1449/211 2463/1450/210 2464/1447/210
f 2468/1451/212 2465/1452/213 2466/1449/211
f 2470/1453/214 2467/1454/212 2468/1451/212
f 2472/1455/215 2469/1456/214 2470/1453/214
f 2474/1457/216 2471/1458/215 2472/1455/215
f 2476/1459/217 2473/1460/216 2474/1457/216
f 2478/1461/218 2475/1462/219 2476/1459/217
f 2480/1463/220 2477/1464/218 2478/1461/218
f 2482/1465/221 2479/1466/220 2480/1463/220
f 2484/1467/222 2481/1468/221 2482/1465/221
f 2486/1469/223 2483/1470/222 2484/1467/222
f 2488/1471/224 2485/1472/223 2486/1469/223
f 2490/1473/225 2487/1474/224 2488/1471/224
f 2492/1475/226 2489/1476/225 2490/1473/225
f 2494/1477/227 2491/1478/226 2492/1475/226
f 2496/1479/228 2493/1480/227 2494/1477/227
f 2498/1481/229 2495/1482/228 2496/1479/228
f 2500/1483/230 2497/1484/229 2498/1481/229
f 2502/1485/231 2499/1486/230 2500/1483/230
f 2504/1487/232 2501/1488/231 2502/1485/231
f 2506/1489/233 2503/1490/232 2504/1487/232
f 2508/1491/234 2505/1492/233 2506/1489/233
f 2510/1493/235 2507/1494/234 2508/1491/234
f 2512/1495/236 2509/1496/235 2510/1493/235
f 2514/1497/237 2511/1498/236 2512/1495/236
f 2516/1499/238 2513/1500/237 2514/1497/237
f 2518/1501/239 2515/1502/238 2516/1499/238
f 2520/1503/240 2517/1504/239 2518/1501/239
f 2522/1505/241 2519/1506/240 2520/1503/240
f 2524/1507/242 2521/1508/241 2522/1505/241
f 2526/1509/243 2523/1510/242 2524/1507/242
f 2528/1511/244 2525/1512/243 2526/1509/243
f 2530/1513/245 2527/1514/246 2528/1511/244
f 2532/1515/247 2529/1516/245 2530/1513/245
f 2534/1517/248 2531/1518/247 2532/1515/247
f 2536/1519/249 2533/1520/248 2534/1517/248
f 2538/1521/250 2535/1522/249 2536/1519/249
f 2540/1523/251 2537/1524/250 2538/1521/250
f 2542/1525/252 2539/1526/251 2540/1523/251
f 2544/1527/253 2541/1528/252 2542/1525/252
f 2546/1529/254 2543/1530/253 2544/1527/253
f 2548/1531/255 2545/1532/254 2546/1529/254
f 2550/1533/256 2547/1534/255 2548/1531/255
f 2552/1535/257 2549/1536/256 2550/1533/256
f 2554/1537/258 2551/1538/257 2552/1535/257
f 2556/1539/259 2553/1540/258 2554/1537/258
f 2558/1541/260 2555/1542/259 2556/1539/259
f 2560/1543/261 2557/1544/260 2558/1541/260
f 2562/1545/262 2559/1546/261 2560/1543/261
f 2564/1547/263 2561/1548/262 2562/1545/262
f 2566/1549/264 2563/1550/263 2564/1547/263
f 2568/1551/265 2565/1552/264 2566/1549/264
f 2570/1553/266 2567/1554/265 2568/1551/265
f 2572/1555/267 2569/1556/266 2570/1553/266
f 2574/1557/268 2571/1558/267 2572/1555/267
f 2576/1559/269 2573/1560/268 2574/1557/268
f 2578/1561/270 2575/1562/269 2576/1559/269
f 2580/1563/271 2577/1564/270 2578/1561/270
f 2582/1565/272 2579/1566/271 2580/1563/271
f 2584/1567/273 2581/1568/272 2582/1565/272
f 2586/1569/274 2583/1570/273 2584/1567/273
f 2588/1571/275 2585/1572/276 2586/1569/274
f 2590/1573/277 2587/1574/275 2588/1571/275
f 2592/1575/278 2589/1576/277 2590/1573/277
f 2594/1577/279 2591/1578/278 2592/1575/278
f 2596/1579/280 2593/1580/279 2594/1577/279
f 2598/1581/281 2595/1582/280 2596/1579/280
f 2600/1583/282 2597/1584/281 2598/1581/281
f 2602/1585/283 2599/1586/282 2600/1583/282
f 2604/1587/284 2601/1588/283 2602/1585/283
f 2606/1589/285 2603/1590/284 2604/1587/284
f 2608/1591/286 2605/1592/285 2606/1589/285
f 2610/1593/287 2607/1594/286 2608/1591/286
f 2612/1595/288 2609/1596/289 2610/1593/287
f 2614/1597/290 2611/1598/288 2612/1595/288
f 2616/1599/291 2613/1600/292 2614/1597/290
f 2618/1601/293 2615/1602/291 2616/1599/291
f 2620/1603/294 2617/1604/295 2618/1601/293
f 2622/1605/296 2619/1606/294 2620/1603/294
f 2624/1607/297 2621/1608/296 2622/1605/296
f 2626/1609/298 2623/1610/297 2624/1607/297
f 2628/1611/299 2625/1612/298 2626/1609/298
f 2630/1613/300 2627/1614/299 2628/1611/299
f 2632/1615/301 2629/1616/300 2630/1613/300
f 2634/1617/302 2631/1618/301 2632/1615/301
f 2636/1619/303 2633/1620/302 2634/1617/302
f 2638/1621/304 2635/1622/303 2636/1619/303
f 2640/1623/305 2637/1624/306 2638/1621/304
f 2642/1625/307 2639/1626/305 2640/1623/305
f 2644/1627/308 2641/1628/307 2642/1625/307
f 2646/1629/309 2643/1630/308 2644/1627/308
f 2648/1631/310 2645/1632/309 2646/1629/309
f 2650/1633/311 2647/1634/310 2648/1631/310
f 2652/1635/312 2649/1636/311 2650/1633/311
f 2654/1637/313 2651/1638/312 2652/1635/312
f 2656/1639/314 2653/1640/313 2654/1637/313
f 2658/1641/315 2655/1642/314 2656/1639/314
f 2660/1643/316 2657/1644/315 2658/1641/315
f 2662/1645/317 2659/1646/316 2660/1643/316
f 2664/1647/318 2661/1648/319 2662/1645/317
f 2666/1649/320 2663/1650/318 2664/1647/318
f 2668/1651/321 2665/1652/320 2666/1649/320
f 2670/1653/322 2667/1654/321 2668/1651/321
f 2672/1655/323 2669/1656/322 2670/1653/322
f 2674/1657/324 2671/1658/323 2672/1655/323
f 2676/1659/325 2673/1660/324 2674/1657/324
f 2678/1661/326 2675/1662/325 2676/1659/325
f 2680/1663/327 2677/1664/326 2678/1661/326
f 2682/1665/328 2679/1666/327 2680/1663/327
f 2684/1667/329 2681/1668/328 2682/1665/328
f 2686/1669/330 2683/1670/329 2684/1667/329
f 2688/1671/331 2685/1672/330 2686/1669/330
f 2690/1673/332 2687/1674/331 2688/1671/331
f 2692/1675/333 2689/1676/332 2690/1673/332
f 2694/1677/165 2691/1678/333 2692/1675/333
f 2696/1679/334 2693/1680/165 2694/1677/165
f 2698/1681/335 2695/1682/336 2696/1679/334
f 2700/1683/337 2697/1684/338 2698/1681/335
f 2702/1685/339 2699/1686/337 2700/1683/337
f 2704/1687/340 2701/1688/339 2702/1685/339
f 2706/1689/341 2703/1690/340 2704/1687/340
f 2708/1691/342 2705/1692/341 2706/1689/341
f 2710/1693/343 2707/1694/342 2708/1691/342
f 2712/1695/342 2709/1696/343 2710/1693/343
f 2714/1697/341 2711/1698/342 2712/1695/342
f 2716/1699/340 2713/1700/341 2714/1697/341
f 2718/1701/339 2715/1702/340 2716/1699/340
f 2720/1703/337 2717/1704/339 2718/1701/339
f 2722/1705/335 2719/1706/337 2720/1703/337
f 2724/1707/336 2721/1708/335 2722/1705/335
f 2726/1709/165 2723/1710/336 2724/1707/336
f 2728/1711/333 2725/1712/165 2726/1709/165
f 2730/1713/332 2727/1714/333 2728/1711/333
f 2732/1715/331 2729/1716/332 2730/1713/332
f 2734/1717/344 2731/1718/331 2732/1715/331
f 2736/1719/345 2733/1720/344 2734/1717/344
f 2738/1721/346 2735/1722/345 2736/1719/345
f 2740/1723/347 2737/1724/346 2738/1721/346
f 2742/1725/348 2739/1726/347 2740/1723/347
f 2744/1727/349 2741/1728/348 2742/1725/348
f 2746/1729/350 2743/1730/349 2744/1727/349
f 2748/1731/351 2745/1732/350 2746/1729/350
f 2750/1733/352 2747/1734/351 2748/1731/351
f 2752/1735/353 2749/1736/352 2750/1733/352
f 2754/1737/354 2751/1738/353 2752/1735/353
f 2756/1739/355 2753/1740/354 2754/1737/354
f 2758/1741/356 2755/1742/355 2756/1739/355
f 2760/1743/357 2757/1744/356 2758/1741/356
f 2762/1745/358 2759/1746/357 2760/1743/357
f 2764/1747/359 2761/1748/358 2762/1745/358
f 2766/1749/360 2763/1750/359 2764/1747/359
f 2768/1751/361 2765/1752/360 2766/1749/360
f 2770/1753/362 2767/1754/361 2768/1751/361
f 2772/1755/363 2769/1756/362 2770/1753/362
f 2774/1757/364 2771/1758/363 2772/1755/363
f 2776/1759/365 2773/1760/364 2774/1757/364
f 2778/1761/366 2775/1762/365 2776/1759/365
f 2780/1763/367 2777/1764/366 2778/1761/366
f 2782/1765/368 2779/1766/367 2780/1763/367
f 2784/1767/369 2781/1768/370 2782/1765/368
f 2786/1769/371 2783/1770/369 2784/1767/369
f 2788/1771/372 2785/1772/371 2786/1769/371
f 2790/1773/373 2787/1774/372 2788/1771/372
f 2792/1775/374 2789/1776/373 2790/1773/373
f 2794/1777/375 2791/1778/374 2792/1775/374
f 2796/1779/376 2793/1780/375 2794/1777/375
f 2798/1781/377 2795/1782/376 2796/1779/376
f 2800/1783/378 2797/1784/379 2798/1781/377
f 2802/1785/380 2799/1786/378 2800/1783/378
f 2804/1787/381 2801/1788/380 2802/1785/380
f 2806/1789/382 2803/1790/381 2804/1787/381
f 2808/1791/383 2805/1792/384 2806/1789/382
f 2810/1793/385 2807/1794/383 2808/1791/383
f 2812/1795/386 2809/1796/385 2810/1793/385
f 2814/1797/387 2811/1798/386 2812/1795/386
f 2816/1799/388 2813/1800/387 2814/1797/387
f 2818/1801/389 2815/1802/388 2816/1799/388
f 2820/1803/390 2817/1804/389 2818/1801/389
f 2822/1805/391 2819/1806/390 2820/1803/390
f 2824/1807/392 2821/1808/391 2822/1805/391
f 2826/1809/393 2823/1810/392 2824/1807/392
f 2828/1811/77 2825/1812/393 2826/1809/393
f 2830/1813/394 2827/1814/77 2828/1811/77
f 2832/1815/395 2829/1816/396 2830/1813/394
f 2834/1817/397 2831/1818/395 2832/1815/395
f 2836/1819/398 2833/1820/397 2834/1817/397
f 2838/1821/399 2835/1822/398 2836/1819/398
f 2840/1823/400 2837/1824/399 2838/1821/399
f 2842/1825/401 2839/1826/400 2840/1823/400
f 2844/1827/402 2841/1828/401 2842/1825/401
f 2846/1829/403 2843/1830/402 2844/1827/402
f 2848/1831/263 2845/1832/403 2846/1829/403
f 2850/1833/404 2847/1834/263 2848/1831/263
f 2852/1835/405 2849/1836/404 2850/1833/404
f 2854/1837/406 2851/1838/405 2852/1835/405
f 2856/1839/407 2853/1840/406 2854/1837/406
f 2858/1841/408 2855/1842/407 2856/1839/407
f 2860/1843/409 2857/1844/408 2858/1841/408
f 2862/1845/410 2859/1846/409 2860/1843/409
f 2864/1847/411 2861/1848/410 2862/1845/410
f 2866/1849/412 2863/1850/411 2864/1847/411
f 2868/1851/413 2865/1852/412 2866/1849/412
f 2870/1853/414 2867/1854/413 2868/1851/413
f 2872/1855/415 2869/1856/414 2870/1853/414
f 2874/1857/416 2871/1858/415 2872/1855/415
f 2876/1859/417 2873/1860/416 2874/1857/416
f 2878/1861/174 2875/1862/417 2876/1859/417
f 2880/1863/418 2877/1864/174 2878/1861/174
f 2882/1865/419 2879/1866/418 2880/1863/418
f 2884/1867/420 2881/1868/419 2882/1865/419
f 2886/1869/421 2883/1870/420 2884/1867/420
f 2888/1871/422 2885/1872/421 2886/1869/421
f 2890/1873/423 2887/1874/422 2888/1871/422
f 2892/1875/424 2889/1876/423 2890/1873/423
f 2894/1877/345 2891/1878/424 2892/1875/424
f 2896/1879/425 2893/1880/345 2894/1877/345
f 2898/1881/426 2895/1882/425 2896/1879/425
f 2900/1883/427 2897/1884/428 2898/1881/426
f 2902/1885/429 2899/1886/427 2900/1883/427
f 2904/1887/161 2901/1888/429 2902/1885/429
f 2906/1889/161 2903/1890/161 2904/1887/161
f 2908/1891/161 2905/1892/161 2906/1889/161
f 2910/1893/161 2907/1894/161 2908/1891/161
f 2912/1895/161 2909/1896/161 2910/1893/161
f 2914/1897/161 2911/1898/161 2912/1895/161
f 2916/1899/161 2913/1900/161 2914/1897/161
f 2918/1901/161 2915/1902/161 2916/1899/161
f 2920/1903/161 2917/1904/161 2918/1901/161
f 2922/1905/161 2919/1906/161 2920/1903/161
f 2924/1907/161 2921/1908/161 2922/1905/161
f 2926/1909/430 2923/1910/161 2924/1907/161
f 2928/1911/431 2925/1912/432 2926/1909/430
f 2930/1913/433 2927/1914/431 2928/1911/431
f 2932/1915/434 2929/1916/433 2930/1913/433
f 2934/1917/435 2931/1918/434 2932/1915/434
f 2936/1919/436 2933/1920/435 2934/1917/435
f 2938/1921/437 2935/1922/436 2936/1919/436
f 2940/1923/438 2937/1924/437 2938/1921/437
f 2942/1925/439 2939/1926/438 2940/1923/438
f 2944/1927/440 2941/1928/439 2942/1925/439
f 2946/1929/441 2943/1930/440 2944/1927/440
f 2948/1931/442 2945/1932/441 2946/1929/441
f 2950/1933/443 2947/1934/442 2948/1931/442
f 2952/1935/444 2949/1936/443 2950/1933/443
f 2954/1937/445 2951/1938/444 2952/1935/444
f 2956/1939/446 2953/1940/445 2954/1937/445
f 2958/1941/447 2955/1942/446 2956/1939/446
f 2960/1943/448 2957/1944/447 2958/1941/447
f 2962/1945/449 2959/1946/448 2960/1943/448
f 2964/1947/450 2961/1948/449 2962/1945/449
f 2966/1949/451 2963/1950/450 2964/1947/450
f 2968/1951/452 2965/1952/451 2966/1949/451
f 2970/1953/453 2967/1954/452 2968/1951/452
f 2972/1955/454 2969/1956/453 2970/1953/453
f 2974/1957/455 2971/1958/454 2972/1955/454
f 2976/1959/456 2973/1960/455 2974/1957/455
f 2978/1961/457 2975/1962/456 2976/1959/456
f 2980/1963/458 2977/1964/457 2978/1961/457
f 2982/1965/381 2979/1966/458 2980/1963/458
f 2984/1967/459 2981/1968/381 2982/1965/381
f 2986/1969/460 2983/1970/459 2984/1967/459
f 2988/1971/461 2985/1972/460 2986/1969/460
f 2990/1973/462 2987/1974/461 2988/1971/461
f 2992/1975/463 2989/1976/462 2990/1973/462
f 2994/1977/464 2991/1978/463 2992/1975/463
f 2996/1979/465 2993/1980/464 2994/1977/464
f 2998/1981/466 2995/1982/465 2996/1979/465
f 3000/1983/467 2997/1984/466 2998/1981/466
f 3002/1985/468 2999/1986/469 3000/1983/467
f 3004/1987/470 3001/1988/468 3002/1985/468
f 3006/1989/471 3003/1990/470 3004/1987/470
f 3008/1991/472 3005/1992/471 3006/1989/471
f 3010/1993/473 3007/1994/472 3008/1991/472
f 3012/1995/474 3009/1996/473 3010/1993/473
f 3014/1997/475 3011/1998/474 3012/1995/474
f 3016/1999/476 3013/2000/475 3014/1997/475
f 3018/2001/74 3015/2002/476 3016/1999/476
f 3020/2003/477 3017/2004/74 3018/2001/74
f 3022/2005/478 3019/2006/477 3020/2003/477
f 3024/2007/479 3021/2008/478 3022/2005/478
f 3026/2009/480 3023/2010/479 3024/2007/479
f 3028/2011/481 3025/2012/482 3026/2009/480
f 3030/2013/483 3027/2014/481 3028/2011/481
f 3032/2015/484 3029/2016/483 3030/2013/483
f 3034/2017/485 3031/2018/484 3032/2015/484
f 3036/2019/486 3033/2020/485 3034/2017/485
f 3038/2021/487 3035/2022/486 3036/2019/486
f 3040/2023/488 3037/2024/487 3038/2021/487
f 3042/2025/489 3039/2026/488 3040/2023/488
f 3044/2027/490 3041/2028/489 3042/2025/489
f 3046/2029/491 3043/2030/490 3044/2027/490
f 3048/2031/492 3045/2032/491 3046/2029/491
f 3050/2033/493 3047/2034/492 3048/2031/492
f 3052/2035/494 3049/2036/493 3050/2033/493
f 3054/2037/495 3051/2038/494 3052/2035/494
f 3056/2039/496 3053/2040/495 3054/2037/495
f 3058/2041/497 3055/2042/496 3056/2039/496
f 3060/2043/498 3057/2044/497 3058/2041/497
f 3062/2045/499 3059/2046/498 3060/2043/498
f 3064/2047/500 3061/2048/499 3062/2045/499
f 3066/2049/501 3063/2050/500 3064/2047/500
f 3068/2051/502 3065/2052/501 3066/2049/501
f 3070/2053/503 3067/2054/502 3068/2051/502
f 3072/2055/504 3069/2056/503 3070/2053/503
f 3074/2057/505 3071/2058/504 3072/2055/504
f 3076/2059/506 3073/2060/505 3074/2057/505
f 3078/2061/507 3075/2062/506 3076/2059/506
f 3080/2063/508 3077/2064/507 3078/2061/507
f 3082/2065/509 3079/2066/508 3080/2063/508
f 3084/2067/510 3081/2068/509 3082/2065/509
f 3086/2069/511 3083/2070/510 3084/2067/510
f 3088/2071/512 3085/2072/511 3086/2069/511
f 3090/2073/513 3087/2074/512 3088/2071/512
f 3092/2075/514 3089/2076/513 3090/2073/513
f 3094/2077/515 3091/2078/514 3092/2075/514
f 3096/2079/516 3093/2080/515 3094/2077/515
f 3098/2081/517 3095/2082/516 3096/2079/516
f 3100/2083/518 3097/2084/517 3098/2081/517
f 3102/2085/519 3099/2086/520 3100/2083/518
f 3104/2087/521 3101/2088/519 3102/2085/519
f 3106/2089/522 3103/2090/521 3104/2087/521
f 3108/2091/523 3105/2092/522 3106/2089/522
f 3110/2093/524 3107/2094/523 3108/2091/523
f 3112/2095/391 3109/2096/524 3110/2093/524
f 3114/2097/525 3111/2098/391 3112/2095/391
f 3116/2099/526 3113/2100/525 3114/2097/525
f 3118/2101/527 3115/2102/526 3116/2099/526
f 3120/2103/528 3117/2104/527 3118/2101/527
f 3122/2105/529 3119/2106/528 3120/2103/528
f 3124/2107/530 3121/2108/529 3122/2105/529
f 3126/2109/531 3123/2110/532 3124/2107/530
f 3128/2111/533 3125/2112/531 3126/2109/531
f 3130/2113/534 3127/2114/533 3128/2111/533
f 3132/2115/535 3129/2116/534 3130/2113/534
f 3134/2117/536 3131/2118/535 3132/2115/535
f 3136/2119/537 3133/2120/536 3134/2117/536
f 3138/2121/538 3135/2122/537 3136/2119/537
f 3140/2123/539 3137/2124/538 3138/2121/538
f 3142/2125/540 3139/2126/539 3140/2123/539
f 3144/2127/541 3141/2128/540 3142/2125/540
f 3146/2129/542 3143/2130/541 3144/2127/541
f 3148/2131/543 3145/2132/542 3146/2129/542
f 3150/2133/544 3147/2134/543 3148/2131/543
f 3152/2135/544 3149/2136/544 3150/2133/544
f 3154/2137/545 3151/2138/544 3152/2135/544
f 3156/2139/546 3153/2140/545 3154/2137/545
f 3158/2141/547 3155/2142/546 3156/2139/546
f 3160/2143/548 3157/2144/547 3158/2141/547
f 3162/2145/549 3159/2146/548 3160/2143/548
f 3164/2147/550 3161/2148/549 3162/2145/549
f 3166/2149/551 3163/2150/550 3164/2147/550
f 3168/2151/552 3165/2152/551 3166/2149/551
f 3170/2153/553 3167/2154/552 3168/2151/552
f 3172/2155/554 3169/2156/553 3170/2153/553
f 3174/2157/555 3171/2158/554 3172/2155/554
f 3176/2159/556 3173/2160/555 3174/2157/555
f 3178/2161/557 3175/2162/556 3176/2159/556
f 3180/2163/558 3177/2164/557 3178/2161/557
f 3182/2165/559 3179/2166/558 3180/2163/558
f 3184/2167/560 3181/2168/559 3182/2165/559
f 3186/2169/561 3183/2170/560 3184/2167/560
f 3188/2171/562 3185/2172/563 3186/2169/561
f 3190/2173/564 3187/2174/562 3188/2171/562
f 3192/2175/565 3189/2176/564 3190/2173/564
f 3194/2177/566 3191/2178/565 3192/2175/565
f 3196/2179/567 3193/2180/566 3194/2177/566
f 3198/2181/568 3195/2182/567 3196/2179/567
f 3200/2183/569 3197/2184/568 3198/2181/568
f 3202/2185/570 3199/2186/569 3200/2183/569
f 3204/2187/571 3201/2188/570 3202/2185/570
f 3206/2189/572 3203/2190/571 3204/2187/571
f 3208/2191/573 3205/2192/572 3206/2189/572
f 3210/2193/574 3207/2194/573 3208/2191/573
f 3212/2195/575 3209/2196/574 3210/2193/574
f 3214/2197/576 3211/2198/575 3212/2195/575
f 3216/2199/577 3213/2200/576 3214/2197/576
f 3218/2201/578 3215/2202/577 3216/2199/577
f 3220/2203/579 3217/2204/578 3218/2201/578
f 3222/2205/580 3219/2206/579 3220/2203/579
f 3224/2207/581 3221/2208/580 3222/2205/580
f 3226/2209/582 3223/2210/581 3224/2207/581
f 3228/2211/583 3225/2212/582 3226/2209/582
f 3230/2213/584 3227/2214/583 3228/2211/583
f 3232/2215/585 3229/2216/584 3230/2213/584
f 3234/2217/586 3231/2218/585 3232/2215/585
f 3236/2219/587 3233/2220/586 3234/2217/586
f 3238/2221/588 3235/2222/587 3236/2219/587
f 3240/2223/589 3237/2224/588 3238/2221/588
f 3242/2225/590 3239/2226/589 3240/2223/589
f 3244/2227/591 3241/2228/590 3242/2225/590
f 3246/2229/592 3243/2230/591 3244/2227/591
f 3248/2231/593 3245/2232/592 3246/2229/592
f 3250/2233/594 3247/2234/593 3248/2231/593
f 3252/2235/595 3249/2236/594 3250/2233/594
f 3254/2237/596 3251/2238/595 3252/2235/595
f 3256/2239/597 3253/2240/598 3254/2237/596
f 3258/2241/599 3255/2242/597 3256/2239/597
f 3260/2243/600 3257/2244/599 3258/2241/599
f 3262/2245/601 3259/2246/600 3260/2243/600
f 3264/2247/602 3261/2248/601 3262/2245/601
f 3266/2249/603 3263/2250/602 3264/2247/602
f 3268/2251/604 3265/2252/603 3266/2249/603
f 3270/2253/605 3267/2254/606 3268/2251/604
f 3272/2255/607 3269/2256/605 3270/2253/605
f 3274/2257/608 3271/2258/607 3272/2255/607
f 3276/2259/609 3273/2260/608 3274/2257/608
f 3278/2261/610 3275/2262/609 3276/2259/609
f 3280/2263/611 3277/2264/610 3278/2261/610
f 3282/2265/612 3279/2266/611 3280/2263/611
f 3284/2267/613 3281/2268/612 3282/2265/612
f 3286/2269/614 3283/2270/613 3284/2267/613
f 3288/2271/615 3285/2272/614 3286/2269/614
f 3290/2273/616 3287/2274/617 3288/2271/615
f 3292/2275/618 3289/2276/616 3290/2273/616
f 3294/2277/619 3291/2278/618 3292/2275/618
f 3296/2279/620 3293/2280/619 3294/2277/619
f 3298/2281/621 3295/2282/620 3296/2279/620
f 3300/2283/622 3297/2284/621 3298/2281/621
f 3302/2285/623 3299/2286/622 3300/2283/622
f 3304/2287/624 3301/2288/623 3302/2285/623
f 3306/2289/625 3303/2290/624 3304/2287/624
f 3308/2291/626 3305/2292/625 3306/2289/625
f 3310/2293/627 3307/2294/626 3308/2291/626
f 3312/2295/628 3309/2296/627 3310/2293/627
f 3314/2297/629 3311/2298/628 3312/2295/628
f 3316/2299/630 3313/2300/629 3314/2297/629
f 3318/2301/631 3315/2302/630 3316/2299/630
f 3320/2303/632 3317/2304/631 3318/2301/631
f 3322/2305/633 3319/2306/632 3320/2303/632
f 3324/2307/634 3321/2308/633 3322/2305/633
f 3326/2309/635 3323/2310/634 3324/2307/634
f 3328/2311/636 3325/2312/635 3326/2309/635
f 3330/2313/637 3327/2314/636 3328/2311/636
f 3332/2315/638 3329/2316/637 3330/2313/637
f 3334/2317/639 3331/2318/638 3332/2315/638
f 3336/2319/640 3333/2320/639 3334/2317/639
f 3338/2321/641 3335/2322/640 3336/2319/640
f 3340/2323/642 3337/2324/641 3338/2321/641
f 3342/2325/643 3339/2326/642 3340/2323/642
f 3344/2327/644 3341/2328/643 3342/2325/643
f 3346/2329/645 3343/2330/644 3344/2327/644
f 3348/2331/646 3345/2332/647 3346/2329/645
f 3350/2333/648 3347/2334/649 3348/2331/646
f 3352/2335/650 3349/2336/648 3350/2333/648
f 3354/2337/651 3351/2338/650 3352/2335/650
f 3356/2339/652 3353/2340/651 3354/2337/651
f 3358/2341/653 3355/2342/652 3356/2339/652
f 3360/2343/654 3357/2344/653 3358/2341/653
f 3362/2345/655 3359/2346/654 3360/2343/654
f 3364/2347/656 3361/2348/655 3362/2345/655
f 3366/2349/657 3363/2350/656 3364/2347/656
f 3368/2351/658 3365/2352/657 3366/2349/657
f 3370/2353/659 3367/2354/658 3368/2351/658
f 3372/2355/660 3369/2356/659 3370/2353/659
f 3374/2357/661 3371/2358/660 3372/2355/660
f 3376/2359/662 3373/2360/661 3374/2357/661
f 3378/2361/663 3375/2362/662 3376/2359/662
f 3380/2363/664 3377/2364/663 3378/2361/663
f 3382/2365/665 3379/2366/664 3380/2363/664
f 3384/2367/666 3381/2368/665 3382/2365/665
f 3386/2369/667 3383/2370/666 3384/2367/666
f 3388/2371/668 3385/2372/667 3386/2369/667
f 3390/2373/669 3387/2374/668 3388/2371/668
f 3392/2375/670 3389/2376/669 3390/2373/669
f 3394/2377/671 3391/2378/670 3392/2375/670
f 3396/2379/672 3393/2380/671 3394/2377/671
f 3398/2381/673 3395/2382/672 3396/2379/672
f 3400/2383/674 3397/2384/673 3398/2381/673
f 3402/2385/675 3399/2386/674 3400/2383/674
f 3404/2387/676 3401/2388/675 3402/2385/675
f 3406/2389/677 3403/2390/676 3404/2387/676
f 3408/2391/678 3405/2392/677 3406/2389/677
f 3410/2393/679 3407/2394/678 3408/2391/678
f 3412/2395/680 3409/2396/679 3410/2393/679
f 3414/2397/681 3411/2398/680 3412/2395/680
f 3416/2399/682 3413/2400/681 3414/2397/681
f 3418/2401/683 3415/2402/684 3416/2399/682
f 3420/2403/685 3417/2404/683 3418/2401/683
f 3422/2405/686 3419/2406/685 3420/2403/685
f 3424/2407/687 3421/2408/686 3422/2405/686
f 3426/2409/688 3423/2410/687 3424/2407/687
f 3428/2411/689 3425/2412/688 3426/2409/688
f 3430/2413/690 3427/2414/689 3428/2411/689
f 3432/2415/691 3429/2416/690 3430/2413/690
f 3434/2417/692 3431/2418/691 3432/2415/691
f 3436/2419/693 3433/2420/692 3434/2417/692
f 3438/2421/694 3435/2422/693 3436/2419/693
f 3440/2423/695 3437/2424/694 3438/2421/694
f 3442/2425/696 3439/2426/695 3440/2423/695
f 3444/2427/697 3441/2428/696 3442/2425/696
f 3446/2429/698 3443/2430/697 3444/2427/697
f 3448/2431/699 3445/2432/700 3446/2429/698
f 3450/2433/701 3447/2434/702 3448/2431/699
f 3452/2435/703 3449/2436/704 3450/2433/701
f 3454/2437/705 3451/2438/703 3452/2435/703
f 3456/2439/706 3453/2440/705 3454/2437/705
f 3458/2441/707 3455/2442/706 3456/2439/706
f 3460/2443/708 3457/2444/707 3458/2441/707
f 3462/2445/709 3459/2446/708 3460/2443/708
f 3464/2447/710 3461/2448/709 3462/2445/709
f 3466/2449/711 3463/2450/710 3464/2447/710
f 3468/2451/712 3465/2452/711 3466/2449/711
f 3470/2453/713 3467/2454/712 3468/2451/712
f 3472/2455/714 3469/2456/713 3470/2453/713
f 3474/2457/715 3471/2458/714 3472/2455/714
f 3476/2459/716 3473/2460/715 3474/2457/715
f 3478/2461/717 3475/2462/716 3476/2459/716
f 3480/2463/718 3477/2464/717 3478/2461/717
f 3482/2465/719 3479/2466/718 3480/2463/718
f 3484/2467/720 3481/2468/719 3482/2465/719
f 3486/2469/721 3483/2470/720 3484/2467/720
f 3488/2471/722 3485/2472/721 3486/2469/721
f 3490/2473/723 3487/2474/724 3488/2471/722
f 3492/2475/725 3489/2476/723 3490/2473/723
f 3494/2477/726 3491/2478/725 3492/2475/725
f 3496/2479/727 3493/2480/726 3494/2477/726
f 3498/2481/728 3495/2482/729 3496/2479/727
f 3500/2483/730 3497/2484/728 3498/2481/728
f 3502/2485/731 3499/2486/732 3500/2483/730
f 3504/2487/733 3501/2488/731 3502/2485/731
f 3506/2489/734 3503/2490/733 3504/2487/733
f 3508/2491/735 3505/2492/734 3506/2489/734
f 3510/2493/736 3507/2494/735 3508/2491/735
f 3512/2495/737 3509/2496/736 3510/2493/736
f 3514/2497/738 3511/2498/737 3512/2495/737
f 3516/2499/739 3513/2500/738 3514/2497/738
f 3518/2501/740 3515/2502/739 3516/2499/739
f 3520/2503/741 3517/2504/740 3518/2501/740
f 3522/2505/742 3519/2506/743 3520/2503/741
f 3524/2507/742 3521/2508/742 3522/2505/742
f 3526/2509/742 3523/2510/742 3524/2507/742
f 3528/2511/742 3525/2512/742 3526/2509/742
f 3530/2513/742 3527/2514/742 3528/2511/742
f 3532/2515/742 3529/2516/742 3530/2513/742
f 3534/2517/742 3531/2518/742 3532/2515/742
f 3536/2519/742 3533/2520/742 3534/2517/742
f 3538/2521/742 3535/2522/742 3536/2519/742
f 3540/2523/742 3537/2524/742 3538/2521/742
f 3542/2525/742 3539/2526/742 3540/2523/742
f 3544/2527/744 3541/2528/742 3542/2525/742
f 3546/2529/745 3543/2530/746 3544/2527/744
f 3548/2531/747 3545/2532/748 3546/2529/745
f 3550/2533/749 3547/2534/750 3548/2531/747
f 3552/2535/751 3549/2536/749 3550/2533/749
f 3554/2537/752 3551/2538/753 3552/2535/751
f 3556/2539/754 3553/2540/755 3554/2537/752
f 3558/2541/756 3555/2542/757 3556/2539/754
f 3560/2543/758 3557/2544/759 3558/2541/756
f 3562/2545/760 3559/2546/761 3560/2543/758
f 3564/2547/762 3561/2548/763 3562/2545/760
f 3566/2549/764 3563/2550/765 3564/2547/762
f 3568/2551/766 3565/2552/767 3566/2549/764
f 3570/2553/768 3567/2554/769 3568/2551/766
f 3572/2555/770 3569/2556/768 3570/2553/768
f 3574/2557/771 3571/2558/770 3572/2555/770
f 3576/2559/772 3573/2560/771 3574/2557/771
f 3578/2561/773 3575/2562/772 3576/2559/772
f 3580/2563/774 3577/2564/773 3578/2561/773
f 3582/2565/775 3579/2566/774 3580/2563/774
f 3584/2567/776 3581/2568/775 3582/2565/775
f 3586/2569/777 3583/2570/776 3584/2567/776
f 3588/2571/778 3585/2572/777 3586/2569/777
f 3590/2573/779 3587/2574/778 3588/2571/778
f 3592/2575/780 3589/2576/779 3590/2573/779
f 3594/2577/781 3591/2578/780 3592/2575/780
f 3596/2579/782 3593/2580/781 3594/2577/781
f 3598/2581/783 3595/2582/782 3596/2579/782
f 3600/2583/784 3597/2584/783 3598/2581/783
f 3602/2585/785 3599/2586/784 3600/2583/784
f 3604/2587/786 3601/2588/785 3602/2585/785
f 3606/2589/787 3603/2590/786 3604/2587/786
f 3608/2591/788 3605/2592/787 3606/2589/787
f 3610/2593/789 3607/2594/788 3608/2591/788
f 3612/2595/790 3609/2596/789 3610/2593/789
f 3614/2597/791 3611/2598/790 3612/2595/790
f 3616/2599/792 3613/2600/791 3614/2597/791
f 3618/2601/793 3615/2602/792 3616/2599/792
f 3620/2603/794 3617/2604/793 3618/2601/793
f 3622/2605/795 3619/2606/794 3620/2603/794
f 3624/2607/796 3621/2608/795 3622/2605/795
f 3626/2609/797 3623/2610/796 3624/2607/796
f 3628/2611/798 3625/2612/797 3626/2609/797
f 3630/2613/799 3627/2614/798 3628/2611/798
f 3632/2615/800 3629/2616/799 3630/2613/799
f 3634/2617/801 3631/2618/800 3632/2615/800
f 3636/2619/802 3633/2620/801 3634/2617/801
f 3638/2621/803 3635/2622/802 3636/2619/802
f 2030/2623/4 3637/2624/803 3638/2621/803
f 3642/2625/804 3639/339/805 3640/1016/805
f 3644/2626/806 3641/2627/804 3642/2625/804
f 3646/2628/807 3643/2629/806 3644/2626/806
f 3648/2630/808 3645/2631/807 3646/2628/807
f 3650/2632/809 3647/2633/808 3648/2630/808
f 3652/2634/810 3649/2635/809 3650/2632/809
f 3654/2636/811 3651/2637/810 3652/2634/810
f 3656/2638/812 3653/2639/813 3654/2636/811
f 3658/2640/814 3655/2641/812 3656/2638/812
f 3660/2642/815 3657/2643/814 3658/2640/814
f 3662/2644/816 3659/2645/815 3660/2642/815
f 3664/2646/817 3661/2647/816 3662/2644/816
f 3666/2648/818 3663/2649/817 3664/2646/817
f 3668/2650/819 3665/2651/820 3666/2648/818
f 3670/2652/821 3667/2653/822 3668/2650/819
f 3672/2654/823 3669/2655/821 3670/2652/821
f 3674/2656/824 3671/2657/823 3672/2654/823
f 3676/2658/825 3673/2659/824 3674/2656/824
f 3678/2660/826 3675/2661/825 3676/2658/825
f 3680/2662/827 3677/2663/826 3678/2660/826
f 3682/2664/828 3679/2665/827 3680/2662/827
f 3684/2666/829 3681/2667/828 3682/2664/828
f 3686/2668/830 3683/2669/829 3684/2666/829
f 3688/2670/831 3685/2671/830 3686/2668/830
f 3690/2672/832 3687/2673/831 3688/2670/831
f 3692/2674/833 3689/2675/832 3690/2672/832
f 3694/2676/834 3691/2677/833 3692/2674/833
f 3696/2678/835 3693/2679/834 3694/2676/834
f 3698/2680/836 3695/2681/835 3696/2678/835
f 3700/2682/837 3697/2683/836 3698/2680/836
f 3702/2684/838 3699/2685/837 3700/2682/837
f 3704/2686/839 3701/2687/838 3702/2684/838
f 3706/2688/840 3703/2689/839 3704/2686/839
f 3708/2690/841 3705/2691/840 3706/2688/840
f 3710/2692/842 3707/2693/841 3708/2690/841
f 3712/2694/843 3709/2695/842 3710/2692/842
f 3714/2696/844 3711/2697/843 3712/2694/843
f 3716/2698/845 3713/2699/844 3714/2696/844
f 3718/2700/846 3715/2701/847 3716/2698/845
f 3720/2702/848 3717/2703/846 3718/2700/846
f 3722/2704/849 3719/2705/848 3720/2702/848
f 3724/2706/850 3721/2707/849 3722/2704/849
f 3726/2708/851 3723/2709/850 3724/2706/850
f 3728/2710/852 3725/2711/851 3726/2708/851
f 3730/2712/853 3727/2713/852 3728/2710/852
f 3732/2714/854 3729/2715/853 3730/2712/853
f 3734/2716/855 3731/2717/854 3732/2714/854
f 3736/2718/856 3733/2719/857 3734/2716/855
f 3738/2720/858 3735/2721/856 3736/2718/856
f 3740/2722/859 3737/2723/858 3738/2720/858
f 3742/2724/860 3739/2725/861 3740/2722/859
f 3744/2726/862 3741/2727/860 3742/2724/860
f 3746/2728/863 3743/2729/862 3744/2726/862
f 3748/2730/864 3745/2731/863 3746/2728/863
f 3750/2732/865 3747/2733/864 3748/2730/864
f 3752/2734/866 3749/2735/865 3750/2732/865
f 3754/2736/867 3751/2737/866 3752/2734/866
f 3756/2738/868 3753/2739/867 3754/2736/867
f 3758/2740/869 3755/2741/868 3756/2738/868
f 3760/2742/870 3757/2743/869 3758/2740/869
f 3762/2744/871 3759/2745/872 3760/2742/870
f 3764/2746/873 3761/2747/871 3762/2744/871
f 3766/2748/874 3763/2749/873 3764/2746/873
f 3768/2750/875 3765/2751/874 3766/2748/874
f 3770/2752/876 3767/2753/875 3768/2750/875
f 3772/2754/877 3769/2755/876 3770/2752/876
f 3774/2756/878 3771/2757/877 3772/2754/877
f 3776/2758/879 3773/2759/878 3774/2756/878
f 3778/2760/880 3775/2761/879 3776/2758/879
f 3780/2762/881 3777/2763/880 3778/2760/880
f 3782/2764/882 3779/2765/881 3780/2762/881
f 3784/2766/883 3781/2767/882 3782/2764/882
f 3640/2623/805 3783/2768/883 3784/2766/883
f 3788/2769/884 3785/339/885 3786/1016/885
f 3790/2770/886 3787/2771/884 3788/2769/884
f 3792/2772/887 3789/2773/886 3790/2770/886
f 3794/2774/888 3791/2775/887 3792/2772/887
f 3796/2776/889 3793/2777/888 3794/2774/888
f 3798/2778/890 3795/2779/889 3796/2776/889
f 3800/2780/891 3797/2781/890 3798/2778/890
f 3802/2782/892 3799/2783/891 3800/2780/891
f 3804/2784/893 3801/2785/892 3802/2782/892
f 3806/2786/894 3803/2787/893 3804/2784/893
f 3808/2788/895 3805/2789/894 3806/2786/894
f 3810/2790/896 3807/2791/895 3808/2788/895
f 3812/2792/897 3809/2793/896 3810/2790/896
f 3814/2794/898 3811/2795/897 3812/2792/897
f 3816/2796/899 3813/2797/900 3814/2794/898
f 3818/2798/901 3815/2799/899 3816/2796/899
f 3820/2800/902 3817/2801/901 3818/2798/901
f 3822/2802/903 3819/2803/904 3820/2800/902
f 3824/2804/905 3821/2805/906 3822/2802/903
f 3826/2806/907 3823/2807/905 3824/2804/905
f 3828/2808/908 3825/2809/907 3826/2806/907
f 3830/2810/909 3827/2811/908 3828/2808/908
f 3832/2812/910 3829/2813/909 3830/2810/909
f 3834/2814/911 3831/2815/910 3832/2812/910
f 3836/2816/912 3833/2817/911 3834/2814/911
f 3838/2818/913 3835/2819/912 3836/2816/912
f 3840/2820/914 3837/2821/913 3838/2818/913
f 3842/2822/915 3839/2823/914 3840/2820/914
f 3844/2824/916 3841/2825/915 3842/2822/915
f 3846/2826/917 3843/2827/916 3844/2824/916
f 3848/2828/918 3845/2829/917 3846/2826/917
f 3850/2830/919 3847/2831/918 3848/2828/918
f 3852/2832/920 3849/2833/919 3850/2830/919
f 3854/2834/921 3851/2835/920 3852/2832/920
f 3856/2836/922 3853/2837/921 3854/2834/921
f 3786/2623/885 3855/2838/922 3856/2836/922
f 3860/2839/923 3857/339/924 3858/1016/924
f 3862/2840/925 3859/2841/923 3860/2839/923
f 3864/2842/926 3861/2843/925 3862/2840/925
f 3866/2844/927 3863/2845/926 3864/2842/926
f 3868/2846/928 3865/2847/927 3866/2844/927
f 3870/2848/929 3867/2849/928 3868/2846/928
f 3872/2850/930 3869/2851/929 3870/2848/929
f 3874/2852/931 3871/2853/930 3872/2850/930
f 3876/2854/932 3873/2855/931 3874/2852/931
f 3878/2856/933 3875/2857/932 3876/2854/932
f 3880/2858/934 3877/2859/933 3878/2856/933
f 3882/2860/935 3879/2861/934 3880/2858/934
f 3884/2862/936 3881/2863/935 3882/2860/935
f 3886/2864/937 3883/2865/936 3884/2862/936
f 3888/2866/938 3885/2867/937 3886/2864/937
f 3890/2868/939 3887/2869/938 3888/2866/938
f 3892/2870/940 3889/2871/939 3890/2868/939
f 3894/2872/941 3891/2873/940 3892/2870/940
f 3896/2874/942 3893/2875/941 3894/2872/941
f 3898/1335/943 3895/2876/942 3896/2874/942
f 3900/2877/944 3897/1338/943 3898/1335/943
f 3902/2878/945 3899/2879/946 3900/2877/944
f 3904/2880/947 3901/2881/945 3902/2878/945
f 3906/2882/948 3903/2883/947 3904/2880/947
f 3908/2784/949 3905/2884/948 3906/2882/948
f 3910/2885/950 3907/2787/949 3908/2784/949
f 3912/2886/951 3909/2887/950 3910/2885/950
f 3914/2888/952 3911/2889/951 3912/2886/951
f 3916/2890/953 3913/2891/952 3914/2888/952
f 3918/2892/954 3915/2893/953 3916/2890/953
f 3920/2894/955 3917/2895/956 3918/2892/954
f 3922/2896/957 3919/2897/955 3920/2894/955
f 3924/2898/958 3921/2899/957 3922/2896/957
f 3926/2900/959 3923/2901/960 3924/2898/958
f 3928/2902/961 3925/2903/959 3926/2900/959
f 3930/2904/962 3927/2905/963 3928/2902/961
f 3932/2906/964 3929/2907/965 3930/2904/962
f 3934/2908/966 3931/2909/964 3932/2906/964
f 3936/2910/967 3933/2911/968 3934/2908/966
f 3938/1657/969 3935/2912/967 3936/2910/967
f 3940/2913/970 3937/1660/969 3938/1657/969
f 3942/2914/971 3939/2915/970 3940/2913/970
f 3944/2916/972 3941/2917/971 3942/2914/971
f 3946/2918/17 3943/2919/972 3944/2916/972
f 3948/2920/973 3945/2921/17 3946/2918/17
f 3950/2922/974 3947/2923/973 3948/2920/973
f 3952/2924/975 3949/2925/974 3950/2922/974
f 3954/2926/976 3951/2927/975 3952/2924/975
f 3956/2928/977 3953/2929/976 3954/2926/976
f 3958/2802/978 3955/2930/977 3956/2928/977
f 3960/2931/979 3957/2805/978 3958/2802/978
f 3962/2932/980 3959/2933/979 3960/2931/979
f 3964/2934/981 3961/2935/980 3962/2932/980
f 3966/2936/982 3963/2937/981 3964/2934/981
f 3968/2938/983 3965/2939/982 3966/2936/982
f 3970/2940/984 3967/2941/983 3968/2938/983
f 3972/2942/985 3969/2943/984 3970/2940/984
f 3974/2944/986 3971/2945/985 3972/2942/985
f 3976/2946/987 3973/2947/986 3974/2944/986
f 3978/1979/988 3975/2948/987 3976/2946/987
f 3980/2949/989 3977/1982/988 3978/1979/988
f 3982/2950/990 3979/2951/989 3980/2949/989
f 3984/2952/991 3981/2953/992 3982/2950/990
f 3986/2954/993 3983/2955/991 3984/2952/991
f 3988/2956/991 3985/2957/994 3986/2954/993
f 3990/2958/990 3987/2959/991 3988/2956/991
f 3992/2960/989 3989/2961/992 3990/2958/990
f 3994/2962/988 3991/2963/989 3992/2960/989
f 3996/2964/987 3993/2965/988 3994/2962/988
f 3998/2966/986 3995/2967/987 3996/2964/987
f 4000/2968/985 3997/2969/986 3998/2966/986
f 4002/2970/984 3999/2971/985 4000/2968/985
f 4004/2972/983 4001/2973/984 4002/2970/984
f 4006/2974/982 4003/2975/983 4004/2972/983
f 4008/2820/981 4005/2976/982 4006/2974/982
f 4010/2977/995 4007/2823/981 4008/2820/981
f 4012/2978/996 4009/2979/997 4010/2977/995
f 4014/2980/998 4011/2981/996 4012/2978/996
f 4016/2982/999 4013/2983/998 4014/2980/998
f 4018/2301/1000 4015/2984/999 4016/2982/999
f 4020/2985/1001 4017/2304/1000 4018/2301/1000
f 4022/2986/1002 4019/2987/1001 4020/2985/1001
f 4024/2988/1003 4021/2989/1002 4022/2986/1002
f 4026/2990/1004 4023/2991/1003 4024/2988/1003
f 4028/2992/1005 4025/2993/1004 4026/2990/1004
f 4030/2994/1006 4027/2995/1005 4028/2992/1005
f 4032/2996/303 4029/2997/1007 4030/2994/1006
f 4034/2998/1008 4031/2999/303 4032/2996/303
f 4036/3000/1009 4033/3001/1010 4034/2998/1008
f 4038/3002/1011 4035/3003/1009 4036/3000/1009
f 4040/3004/1012 4037/3005/1011 4038/3002/1011
f 4042/3006/1013 4039/3007/1012 4040/3004/1012
f 4044/3008/1014 4041/3009/1013 4042/3006/1013
f 4046/3010/1015 4043/3011/1014 4044/3008/1014
f 4048/3012/1016 4045/3013/1015 4046/3010/1015
f 4050/3014/1017 4047/3015/1016 4048/3012/1016
f 4052/3016/1018 4049/3017/1017 4050/3014/1017
f 4054/3018/1019 4051/3019/1018 4052/3016/1018
f 4056/3020/1020 4053/3021/1019 4054/3018/1019
f 3858/2623/924 4055/3022/1021 4056/3020/1020
f 2032/1015/3 2031/1018/3 2029/339/4
f 2034/1017/5 2033/1020/5 2031/1018/3
f 2036/1019/6 2035/1022/8 2033/1020/5
f 2038/1021/7 2037/1024/7 2035/1022/8
f 2040/1023/9 2039/1026/11 2037/1024/7
f 2042/1025/10 2041/1028/10 2039/1026/11
f 2044/1027/12 2043/1030/12 2041/1028/10
f 2046/1029/13 2045/1032/13 2043/1030/12
f 2048/1031/14 2047/1034/14 2045/1032/13
f 2050/1033/15 2049/1036/17 2047/1034/14
f 2052/1035/16 2051/1038/16 2049/1036/17
f 2054/1037/18 2053/1040/18 2051/1038/16
f 2056/1039/19 2055/1042/19 2053/1040/18
f 2058/1041/20 2057/1044/20 2055/1042/19
f 2060/1043/21 2059/1046/21 2057/1044/20
f 2062/1045/22 2061/1048/22 2059/1046/21
f 2064/1047/23 2063/1050/23 2061/1048/22
f 2066/1049/24 2065/1052/24 2063/1050/23
f 2068/1051/25 2067/1054/25 2065/1052/24
f 2070/1053/26 2069/1056/26 2067/1054/25
f 2072/1055/27 2071/1058/27 2069/1056/26
f 2074/1057/28 2073/1060/28 2071/1058/27
f 2076/1059/29 2075/1062/29 2073/1060/28
f 2078/1061/30 2077/1064/30 2075/1062/29
f 2080/1063/31 2079/1066/31 2077/1064/30
f 2082/1065/32 2081/1068/32 2079/1066/31
f 2084/1067/33 2083/1070/33 2081/1068/32
f 2086/1069/34 2085/1072/34 2083/1070/33
f 2088/1071/35 2087/1074/35 2085/1072/34
f 2090/1073/36 2089/1076/36 2087/1074/35
f 2092/1075/37 2091/1078/37 2089/1076/36
f 2094/1077/38 2093/1080/38 2091/1078/37
f 2096/1079/39 2095/1082/39 2093/1080/38
f 2098/1081/40 2097/1084/40 2095/1082/39
f 2100/1083/41 2099/1086/41 2097/1084/40
f 2102/1085/42 2101/1088/42 2099/1086/41
f 2104/1087/43 2103/1090/43 2101/1088/42
f 2106/1089/44 2105/1092/44 2103/1090/43
f 2108/1091/45 2107/1094/45 2105/1092/44
f 2110/1093/46 2109/1096/46 2107/1094/45
f 2112/1095/47 2111/1098/47 2109/1096/46
f 2114/1097/48 2113/1100/48 2111/1098/47
f 2116/1099/49 2115/1102/49 2113/1100/48
f 2118/1101/50 2117/1104/50 2115/1102/49
f 2120/1103/51 2119/1106/51 2117/1104/50
f 2122/1105/52 2121/1108/52 2119/1106/51
f 2124/1107/53 2123/1110/53 2121/1108/52
f 2126/1109/54 2125/1112/54 2123/1110/53
f 2128/1111/55 2127/1114/55 2125/1112/54
f 2130/1113/56 2129/1116/58 2127/1114/55
f 2132/1115/57 2131/1118/60 2129/1116/58
f 2134/1117/59 2133/1120/59 2131/1118/60
f 2136/1119/61 2135/1122/61 2133/1120/59
f 2138/1121/62 2137/1124/62 2135/1122/61
f 2140/1123/63 2139/1126/63 2137/1124/62
f 2142/1125/64 2141/1128/64 2139/1126/63
f 2144/1127/65 2143/1130/65 2141/1128/64
f 2146/1129/66 2145/1132/66 2143/1130/65
f 2148/1131/67 2147/1134/67 2145/1132/66
f 2150/1133/68 2149/1136/68 2147/1134/67
f 2152/1135/69 2151/1138/69 2149/1136/68
f 2154/1137/70 2153/1140/70 2151/1138/69
f 2156/1139/71 2155/1142/71 2153/1140/70
f 2158/1141/72 2157/1144/72 2155/1142/71
f 2160/1143/73 2159/1146/73 2157/1144/72
f 2162/1145/74 2161/1148/74 2159/1146/73
f 2164/1147/75 2163/1150/77 2161/1148/74
f 2166/1149/76 2165/1152/76 2163/1150/77
f 2168/1151/78 2167/1154/78 2165/1152/76
f 2170/1153/79 2169/1156/79 2167/1154/78
f 2172/1155/80 2171/1158/80 2169/1156/79
f 2174/1157/81 2173/1160/81 2171/1158/80
f 2176/1159/82 2175/1162/82 2173/1160/81
f 2178/1161/73 2177/1164/73 2175/1162/82
f 2180/1163/83 2179/1166/83 2177/1164/73
f 2182/1165/84 2181/1168/84 2179/1166/83
f 2184/1167/85 2183/1170/85 2181/1168/84
f 2186/1169/86 2185/1172/86 2183/1170/85
f 2188/1171/87 2187/1174/87 2185/1172/86
f 2190/1173/88 2189/1176/88 2187/1174/87
f 2192/1175/89 2191/1178/89 2189/1176/88
f 2194/1177/90 2193/1180/90 2191/1178/89
f 2196/1179/91 2195/1182/91 2193/1180/90
f 2198/1181/92 2197/1184/92 2195/1182/91
f 2200/1183/93 2199/1186/93 2197/1184/92
f 2202/1185/94 2201/1188/94 2199/1186/93
f 2204/1187/95 2203/1190/95 2201/1188/94
f 2206/1189/96 2205/1192/96 2203/1190/95
f 2208/1191/97 2207/1194/97 2205/1192/96
f 2210/1193/98 2209/1196/98 2207/1194/97
f 2212/1195/99 2211/1198/99 2209/1196/98
f 2214/1197/100 2213/1200/100 2211/1198/99
f 2216/1199/101 2215/1202/103 2213/1200/100
f 2218/1201/102 2217/1204/102 2215/1202/103
f 2220/1203/104 2219/1206/106 2217/1204/102
f 2222/1205/105 2221/1208/105 2219/1206/106
f 2224/1207/104 2223/1210/104 2221/1208/105
f 2226/1209/107 2225/1212/102 2223/1210/104
f 2228/1211/103 2227/1214/101 2225/1212/102
f 2230/1213/100 2229/1216/100 2227/1214/101
f 2232/1215/99 2231/1218/99 2229/1216/100
f 2234/1217/98 2233/1220/98 2231/1218/99
f 2236/1219/97 2235/1222/97 2233/1220/98
f 2238/1221/96 2237/1224/96 2235/1222/97
f 2240/1223/95 2239/1226/95 2237/1224/96
f 2242/1225/94 2241/1228/94 2239/1226/95
f 2244/1227/93 2243/1230/93 2241/1228/94
f 2246/1229/108 2245/1232/110 2243/1230/93
f 2248/1231/109 2247/1234/109 2245/1232/110
f 2250/1233/111 2249/1236/111 2247/1234/109
f 2252/1235/112 2251/1238/112 2249/1236/111
f 2254/1237/113 2253/1240/113 2251/1238/112
f 2256/1239/114 2255/1242/114 2253/1240/113
f 2258/1241/115 2257/1244/115 2255/1242/114
f 2260/1243/116 2259/1246/116 2257/1244/115
f 2262/1245/117 2261/1248/117 2259/1246/116
f 2264/1247/118 2263/1250/118 2261/1248/117
f 2266/1249/119 2265/1252/119 2263/1250/118
f 2268/1251/120 2267/1254/120 2265/1252/119
f 2270/1253/121 2269/1256/121 2267/1254/120
f 2272/1255/122 2271/1258/122 2269/1256/121
f 2274/1257/123 2273/1260/123 2271/1258/122
f 2276/1259/124 2275/1262/124 2273/1260/123
f 2278/1261/125 2277/1264/125 2275/1262/124
f 2280/1263/126 2279/1266/128 2277/1264/125
f 2282/1265/127 2281/1268/127 2279/1266/128
f 2284/1267/129 2283/1270/129 2281/1268/127
f 2286/1269/130 2285/1272/130 2283/1270/129
f 2288/1271/131 2287/1274/131 2285/1272/130
f 2290/1273/132 2289/1276/132 2287/1274/131
f 2292/1275/133 2291/1278/133 2289/1276/132
f 2294/1277/134 2293/1280/134 2291/1278/133
f 2296/1279/135 2295/1282/137 2293/1280/134
f 2298/1281/136 2297/1284/136 2295/1282/137
f 2300/1283/138 2299/1286/138 2297/1284/136
f 2302/1285/139 2301/1288/139 2299/1286/138
f 2304/1287/140 2303/1290/140 2301/1288/139
f 2306/1289/141 2305/1292/141 2303/1290/140
f 2308/1291/142 2307/1294/142 2305/1292/141
f 2310/1293/143 2309/1296/143 2307/1294/142
f 2312/1295/144 2311/1298/144 2309/1296/143
f 2314/1297/145 2313/1300/145 2311/1298/144
f 2316/1299/146 2315/1302/146 2313/1300/145
f 2318/1301/147 2317/1304/147 2315/1302/146
f 2320/1303/148 2319/1306/148 2317/1304/147
f 2322/1305/149 2321/1308/149 2319/1306/148
f 2324/1307/150 2323/1310/150 2321/1308/149
f 2326/1309/151 2325/1312/151 2323/1310/150
f 2328/1311/152 2327/1314/152 2325/1312/151
f 2330/1313/153 2329/1316/153 2327/1314/152
f 2332/1315/154 2331/1318/154 2329/1316/153
f 2334/1317/155 2333/1320/155 2331/1318/154
f 2336/1319/156 2335/1322/156 2333/1320/155
f 2338/1321/157 2337/1324/157 2335/1322/156
f 2340/1323/158 2339/1326/158 2337/1324/157
f 2342/1325/159 2341/1328/159 2339/1326/158
f 2344/1327/160 2343/1330/160 2341/1328/159
f 2346/1329/161 2345/1332/161 2343/1330/160
f 2348/1331/161 2347/1334/161 2345/1332/161
f 2350/1333/161 2349/1336/161 2347/1334/161
f 2352/1335/161 2351/1338/161 2349/1336/161
f 2354/1337/161 2353/1340/161 2351/1338/161
f 2356/1339/161 2355/1342/161 2353/1340/161
f 2358/1341/161 2357/1344/161 2355/1342/161
f 2360/1343/161 2359/1346/161 2357/1344/161
f 2362/1345/161 2361/1348/161 2359/1346/161
f 2364/1347/161 2363/1350/161 2361/1348/161
f 2366/1349/161 2365/1352/161 2363/1350/161
f 2368/1351/162 2367/1354/162 2365/1352/161
f 2370/1353/163 2369/1356/163 2367/1354/162
f 2372/1355/164 2371/1358/164 2369/1356/163
f 2374/1357/165 2373/1360/165 2371/1358/164
f 2376/1359/166 2375/1362/166 2373/1360/165
f 2378/1361/167 2377/1364/167 2375/1362/166
f 2380/1363/168 2379/1366/168 2377/1364/167
f 2382/1365/169 2381/1368/169 2379/1366/168
f 2384/1367/170 2383/1370/170 2381/1368/169
f 2386/1369/171 2385/1372/171 2383/1370/170
f 2388/1371/172 2387/1374/172 2385/1372/171
f 2390/1373/173 2389/1376/173 2387/1374/172
f 2392/1375/174 2391/1378/174 2389/1376/173
f 2394/1377/175 2393/1380/175 2391/1378/174
f 2396/1379/176 2395/1382/176 2393/1380/175
f 2398/1381/177 2397/1384/177 2395/1382/176
f 2400/1383/178 2399/1386/178 2397/1384/177
f 2402/1385/179 2401/1388/179 2399/1386/178
f 2404/1387/180 2403/1390/180 2401/1388/179
f 2406/1389/181 2405/1392/181 2403/1390/180
f 2408/1391/182 2407/1394/182 2405/1392/181
f 2410/1393/183 2409/1396/183 2407/1394/182
f 2412/1395/184 2411/1398/184 2409/1396/183
f 2414/1397/185 2413/1400/185 2411/1398/184
f 2416/1399/186 2415/1402/186 2413/1400/185
f 2418/1401/187 2417/1404/187 2415/1402/186
f 2420/1403/188 2419/1406/188 2417/1404/187
f 2422/1405/189 2421/1408/189 2419/1406/188
f 2424/1407/190 2423/1410/190 2421/1408/189
f 2426/1409/191 2425/1412/191 2423/1410/190
f 2428/1411/192 2427/1414/192 2425/1412/191
f 2430/1413/193 2429/1416/193 2427/1414/192
f 2432/1415/194 2431/1418/194 2429/1416/193
f 2434/1417/195 2433/1420/195 2431/1418/194
f 2436/1419/196 2435/1422/196 2433/1420/195
f 2438/1421/197 2437/1424/197 2435/1422/196
f 2440/1423/198 2439/1426/198 2437/1424/197
f 2442/1425/199 2441/1428/199 2439/1426/198
f 2444/1427/200 2443/1430/200 2441/1428/199
f 2446/1429/201 2445/1432/201 2443/1430/200
f 2448/1431/202 2447/1434/202 2445/1432/201
f 2450/1433/203 2449/1436/203 2447/1434/202
f 2452/1435/204 2451/1438/204 2449/1436/203
f 2454/1437/205 2453/1440/205 2451/1438/204
f 2456/1439/206 2455/1442/206 2453/1440/205
f 2458/1441/207 2457/1444/207 2455/1442/206
f 2460/1443/208 2459/1446/208 2457/1444/207
f 2462/1445/209 2461/1448/209 2459/1446/208
f 2464/1447/210 2463/1450/210 2461/1448/209
f 2466/1449/211 2465/1452/213 2463/1450/210
f 2468/1451/212 2467/1454/212 2465/1452/213
f 2470/1453/214 2469/1456/214 2467/1454/212
f 2472/1455/215 2471/1458/215 2469/1456/214
f 2474/1457/216 2473/1460/216 2471/1458/215
f 2476/1459/217 2475/1462/219 2473/1460/216
f 2478/1461/218 2477/1464/218 2475/1462/219
f 2480/1463/220 2479/1466/220 2477/1464/218
f 2482/1465/221 2481/1468/221 2479/1466/220
f 2484/1467/222 2483/1470/222 2481/1468/221
f 2486/1469/223 2485/1472/223 2483/1470/222
f 2488/1471/224 2487/1474/224 2485/1472/223
f 2490/1473/225 2489/1476/225 2487/1474/224
f 2492/1475/226 2491/1478/226 2489/1476/225
f 2494/1477/227 2493/1480/227 2491/1478/226
f 2496/1479/228 2495/1482/228 2493/1480/227
f 2498/1481/229 2497/1484/229 2495/1482/228
f 2500/1483/230 2499/1486/230 2497/1484/229
f 2502/1485/231 2501/1488/231 2499/1486/230
f 2504/1487/232 2503/1490/232 2501/1488/231
f 2506/1489/233 2505/1492/233 2503/1490/232
f 2508/1491/234 2507/1494/234 2505/1492/233
f 2510/1493/235 2509/1496/235 2507/1494/234
f 2512/1495/236 2511/1498/236 2509/1496/235
f 2514/1497/237 2513/1500/237 2511/1498/236
f 2516/1499/238 2515/1502/238 2513/1500/237
f 2518/1501/239 2517/1504/239 2515/1502/238
f 2520/1503/240 2519/1506/240 2517/1504/239
f 2522/1505/241 2521/1508/241 2519/1506/240
f 2524/1507/242 2523/1510/242 2521/1508/241
f 2526/1509/243 2525/1512/243 2523/1510/242
f 2528/1511/244 2527/1514/246 2525/1512/243
f 2530/1513/245 2529/1516/245 2527/1514/246
f 2532/1515/247 2531/1518/247 2529/1516/245
f 2534/1517/248 2533/1520/248 2531/1518/247
f 2536/1519/249 2535/1522/249 2533/1520/248
f 2538/1521/250 2537/1524/250 2535/1522/249
f 2540/1523/251 2539/1526/251 2537/1524/250
f 2542/1525/252 2541/1528/252 2539/1526/251
f 2544/1527/253 2543/1530/253 2541/1528/252
f 2546/1529/254 2545/1532/254 2543/1530/253
f 2548/1531/255 2547/1534/255 2545/1532/254
f 2550/1533/256 2549/1536/256 2547/1534/255
f 2552/1535/257 2551/1538/257 2549/1536/256
f 2554/1537/258 2553/1540/258 2551/1538/257
f 2556/1539/259 2555/1542/259 2553/1540/258
f 2558/1541/260 2557/1544/260 2555/1542/259
f 2560/1543/261 2559/1546/261 2557/1544/260
f 2562/1545/262 2561/1548/262 2559/1546/261
f 2564/1547/263 2563/1550/263 2561/1548/262
f 2566/1549/264 2565/1552/264 2563/1550/263
f 2568/1551/265 2567/1554/265 2565/1552/264
f 2570/1553/266 2569/1556/266 2567/1554/265
f 2572/1555/267 2571/1558/267 2569/1556/266
f 2574/1557/268 2573/1560/268 2571/1558/267
f 2576/1559/269 2575/1562/269 2573/1560/268
f 2578/1561/270 2577/1564/270 2575/1562/269
f 2580/1563/271 2579/1566/271 2577/1564/270
f 2582/1565/272 2581/1568/272 2579/1566/271
f 2584/1567/273 2583/1570/273 2581/1568/272
f 2586/1569/274 2585/1572/276 2583/1570/273
f 2588/1571/275 2587/1574/275 2585/1572/276
f 2590/1573/277 2589/1576/277 2587/1574/275
f 2592/1575/278 2591/1578/278 2589/1576/277
f 2594/1577/279 2593/1580/279 2591/1578/278
f 2596/1579/280 2595/1582/280 2593/1580/279
f 2598/1581/281 2597/1584/281 2595/1582/280
f 2600/1583/282 2599/1586/282 2597/1584/281
f 2602/1585/283 2601/1588/283 2599/1586/282
f 2604/1587/284 2603/1590/284 2601/1588/283
f 2606/1589/285 2605/1592/285 2603/1590/284
f 2608/1591/286 2607/1594/286 2605/1592/285
f 2610/1593/287 2609/1596/289 2607/1594/286
f 2612/1595/288 2611/1598/288 2609/1596/289
f 2614/1597/290 2613/1600/292 2611/1598/288
f 2616/1599/291 2615/1602/291 2613/1600/292
f 2618/1601/293 2617/1604/295 2615/1602/291
f 2620/1603/294 2619/1606/294 2617/1604/295
f 2622/1605/296 2621/1608/296 2619/1606/294
f 2624/1607/297 2623/1610/297 2621/1608/296
f 2626/1609/298 2625/1612/298 2623/1610/297
f 2628/1611/299 2627/1614/299 2625/1612/298
f 2630/1613/300 2629/1616/300 2627/1614/299
f 2632/1615/301 2631/1618/301 2629/1616/300
f 2634/1617/302 2633/1620/302 2631/1618/301
f 2636/1619/303 2635/1622/303 2633/1620/302
f 2638/1621/304 2637/1624/306 2635/1622/303
f 2640/1623/305 2639/1626/305 2637/1624/306
f 2642/1625/307 2641/1628/307 2639/1626/305
f 2644/1627/308 2643/1630/308 2641/1628/307
f 2646/1629/309 2645/1632/309 2643/1630/308
f 2648/1631/310 2647/1634/310 2645/1632/309
f 2650/1633/311 2649/1636/311 2647/1634/310
f 2652/1635/312 2651/1638/312 2649/1636/311
f 2654/1637/313 2653/1640/313 2651/1638/312
f 2656/1639/314 2655/1642/314 2653/1640/313
f 2658/1641/315 2657/1644/315 2655/1642/314
f 2660/1643/316 2659/1646/316 2657/1644/315
f 2662/1645/317 2661/1648/319 2659/1646/316
f 2664/1647/318 2663/1650/318 2661/1648/319
f 2666/1649/320 2665/1652/320 2663/1650/318
f 2668/1651/321 2667/1654/321 2665/1652/320
f 2670/1653/322 2669/1656/322 2667/1654/321
f 2672/1655/323 2671/1658/323 2669/1656/322
f 2674/1657/324 2673/1660/324 2671/1658/323
f 2676/1659/325 2675/1662/325 2673/1660/324
f 2678/1661/326 2677/1664/326 2675/1662/325
f 2680/1663/327 2679/1666/327 2677/1664/326
f 2682/1665/328 2681/1668/328 2679/1666/327
f 2684/1667/329 2683/1670/329 2681/1668/328
f 2686/1669/330 2685/1672/330 2683/1670/329
f 2688/1671/331 2687/1674/331 2685/1672/330
f 2690/1673/332 2689/1676/332 2687/1674/331
f 2692/1675/333 2691/1678/333 2689/1676/332
f 2694/1677/165 2693/1680/165 2691/1678/333
f 2696/1679/334 2695/1682/336 2693/1680/165
f 2698/1681/335 2697/1684/338 2695/1682/336
f 2700/1683/337 2699/1686/337 2697/1684/338
f 2702/1685/339 2701/1688/339 2699/1686/337
f 2704/1687/340 2703/1690/340 2701/1688/339
f 2706/1689/341 2705/1692/341 2703/1690/340
f 2708/1691/342 2707/1694/342 2705/1692/341
f 2710/1693/343 2709/1696/343 2707/1694/342
f 2712/1695/342 2711/1698/342 2709/1696/343
f 2714/1697/341 2713/1700/341 2711/1698/342
f 2716/1699/340 2715/1702/340 2713/1700/341
f 2718/1701/339 2717/1704/339 2715/1702/340
f 2720/1703/337 2719/1706/337 2717/1704/339
f 2722/1705/335 2721/1708/335 2719/1706/337
f 2724/1707/336 2723/1710/336 2721/1708/335
f 2726/1709/165 2725/1712/165 2723/1710/336
f 2728/1711/333 2727/1714/333 2725/1712/165
f 2730/1713/332 2729/1716/332 2727/1714/333
f 2732/1715/331 2731/1718/331 2729/1716/332
f 2734/1717/344 2733/1720/344 2731/1718/331
f 2736/1719/345 2735/1722/345 2733/1720/344
f 2738/1721/346 2737/1724/346 2735/1722/345
f 2740/1723/347 2739/1726/347 2737/1724/346
f 2742/1725/348 2741/1728/348 2739/1726/347
f 2744/1727/349 2743/1730/349 2741/1728/348
f 2746/1729/350 2745/1732/350 2743/1730/349
f 2748/1731/351 2747/1734/351 2745/1732/350
f 2750/1733/352 2749/1736/352 2747/1734/351
f 2752/1735/353 2751/1738/353 2749/1736/352
f 2754/1737/354 2753/1740/354 2751/1738/353
f 2756/1739/355 2755/1742/355 2753/1740/354
f 2758/1741/356 2757/1744/356 2755/1742/355
f 2760/1743/357 2759/1746/357 2757/1744/356
f 2762/1745/358 2761/1748/358 2759/1746/357
f 2764/1747/359 2763/1750/359 2761/1748/358
f 2766/1749/360 2765/1752/360 2763/1750/359
f 2768/1751/361 2767/1754/361 2765/1752/360
f 2770/1753/362 2769/1756/362 2767/1754/361
f 2772/1755/363 2771/1758/363 2769/1756/362
f 2774/1757/364 2773/1760/364 2771/1758/363
f 2776/1759/365 2775/1762/365 2773/1760/364
f 2778/1761/366 2777/1764/366 2775/1762/365
f 2780/1763/367 2779/1766/367 2777/1764/366
f 2782/1765/368 2781/1768/370 2779/1766/367
f 2784/1767/369 2783/1770/369 2781/1768/370
f 2786/1769/371 2785/1772/371 2783/1770/369
f 2788/1771/372 2787/1774/372 2785/1772/371
f 2790/1773/373 2789/1776/373 2787/1774/372
f 2792/1775/374 2791/1778/374 2789/1776/373
f 2794/1777/375 2793/1780/375 2791/1778/374
f 2796/1779/376 2795/1782/376 2793/1780/375
f 2798/1781/377 2797/1784/379 2795/1782/376
f 2800/1783/378 2799/1786/378 2797/1784/379
f 2802/1785/380 2801/1788/380 2799/1786/378
f 2804/1787/381 2803/1790/381 2801/1788/380
f 2806/1789/382 2805/1792/384 2803/1790/381
f 2808/1791/383 2807/1794/383 2805/1792/384
f 2810/1793/385 2809/1796/385 2807/1794/383
f 2812/1795/386 2811/1798/386 2809/1796/385
f 2814/1797/387 2813/1800/387 2811/1798/386
f 2816/1799/388 2815/1802/388 2813/1800/387
f 2818/1801/389 2817/1804/389 2815/1802/388
f 2820/1803/390 2819/1806/390 2817/1804/389
f 2822/1805/391 2821/1808/391 2819/1806/390
f 2824/1807/392 2823/1810/392 2821/1808/391
f 2826/1809/393 2825/1812/393 2823/1810/392
f 2828/1811/77 2827/1814/77 2825/1812/393
f 2830/1813/394 2829/1816/396 2827/1814/77
f 2832/1815/395 2831/1818/395 2829/1816/396
f 2834/1817/397 2833/1820/397 2831/1818/395
f 2836/1819/398 2835/1822/398 2833/1820/397
f 2838/1821/399 2837/1824/399 2835/1822/398
f 2840/1823/400 2839/1826/400 2837/1824/399
f 2842/1825/401 2841/1828/401 2839/1826/400
f 2844/1827/402 2843/1830/402 2841/1828/401
f 2846/1829/403 2845/1832/403 2843/1830/402
f 2848/1831/263 2847/1834/263 2845/1832/403
f 2850/1833/404 2849/1836/404 2847/1834/263
f 2852/1835/405 2851/1838/405 2849/1836/404
f 2854/1837/406 2853/1840/406 2851/1838/405
f 2856/1839/407 2855/1842/407 2853/1840/406
f 2858/1841/408 2857/1844/408 2855/1842/407
f 2860/1843/409 2859/1846/409 2857/1844/408
f 2862/1845/410 2861/1848/410 2859/1846/409
f 2864/1847/411 2863/1850/411 2861/1848/410
f 2866/1849/412 2865/1852/412 2863/1850/411
f 2868/1851/413 2867/1854/413 2865/1852/412
f 2870/1853/414 2869/1856/414 2867/1854/413
f 2872/1855/415 2871/1858/415 2869/1856/414
f 2874/1857/416 2873/1860/416 2871/1858/415
f 2876/1859/417 2875/1862/417 2873/1860/416
f 2878/1861/174 2877/1864/174 2875/1862/417
f 2880/1863/418 2879/1866/418 2877/1864/174
f 2882/1865/419 2881/1868/419 2879/1866/418
f 2884/1867/420 2883/1870/420 2881/1868/419
f 2886/1869/421 2885/1872/421 2883/1870/420
f 2888/1871/422 2887/1874/422 2885/1872/421
f 2890/1873/423 2889/1876/423 2887/1874/422
f 2892/1875/424 2891/1878/424 2889/1876/423
f 2894/1877/345 2893/1880/345 2891/1878/424
f 2896/1879/425 2895/1882/425 2893/1880/345
f 2898/1881/426 2897/1884/428 2895/1882/425
f 2900/1883/427 2899/1886/427 2897/1884/428
f 2902/1885/429 2901/1888/429 2899/1886/427
f 2904/1887/161 2903/1890/161 2901/1888/429
f 2906/1889/161 2905/1892/161 2903/1890/161
f 2908/1891/161 2907/1894/161 2905/1892/161
f 2910/1893/161 2909/1896/161 2907/1894/161
f 2912/1895/161 2911/1898/161 2909/1896/161
f 2914/1897/161 2913/1900/161 2911/1898/161
f 2916/1899/161 2915/1902/161 2913/1900/161
f 2918/1901/161 2917/1904/161 2915/1902/161
f 2920/1903/161 2919/1906/161 2917/1904/161
f 2922/1905/161 2921/1908/161 2919/1906/161
f 2924/1907/161 2923/1910/161 2921/1908/161
f 2926/1909/430 2925/1912/432 2923/1910/161
f 2928/1911/431 2927/1914/431 2925/1912/432
f 2930/1913/433 2929/1916/433 2927/1914/431
f 2932/1915/434 2931/1918/434 2929/1916/433
f 2934/1917/435 2933/1920/435 2931/1918/434
f 2936/1919/436 2935/1922/436 2933/1920/435
f 2938/1921/437 2937/1924/437 2935/1922/436
f 2940/1923/438 2939/1926/438 2937/1924/437
f 2942/1925/439 2941/1928/439 2939/1926/438
f 2944/1927/440 2943/1930/440 2941/1928/439
f 2946/1929/441 2945/1932/441 2943/1930/440
f 2948/1931/442 2947/1934/442 2945/1932/441
f 2950/1933/443 2949/1936/443 2947/1934/442
f 2952/1935/444 2951/1938/444 2949/1936/443
f 2954/1937/445 2953/1940/445 2951/1938/444
f 2956/1939/446 2955/1942/446 2953/1940/445
f 2958/1941/447 2957/1944/447 2955/1942/446
f 2960/1943/448 2959/1946/448 2957/1944/447
f 2962/1945/449 2961/1948/449 2959/1946/448
f 2964/1947/450 2963/1950/450 2961/1948/449
f 2966/1949/451 2965/1952/451 2963/1950/450
f 2968/1951/452 2967/1954/452 2965/1952/451
f 2970/1953/453 2969/1956/453 2967/1954/452
f 2972/1955/454 2971/1958/454 2969/1956/453
f 2974/1957/455 2973/1960/455 2971/1958/454
f 2976/1959/456 2975/1962/456 2973/1960/455
f 2978/1961/457 2977/1964/457 2975/1962/456
f 2980/1963/458 2979/1966/458 2977/1964/457
f 2982/1965/381 2981/1968/381 2979/1966/458
f 2984/1967/459 2983/1970/459 2981/1968/381
f 2986/1969/460 2985/1972/460 2983/1970/459
f 2988/1971/461 2987/1974/461 2985/1972/460
f 2990/1973/462 2989/1976/462 2987/1974/461
f 2992/1975/463 2991/1978/463 2989/1976/462
f 2994/1977/464 2993/1980/464 2991/1978/463
f 2996/1979/465 2995/1982/465 2993/1980/464
f 2998/1981/466 2997/1984/466 2995/1982/465
f 3000/1983/467 2999/1986/469 2997/1984/466
f 3002/1985/468 3001/1988/468 2999/1986/469
f 3004/1987/470 3003/1990/470 3001/1988/468
f 3006/1989/471 3005/1992/471 3003/1990/470
f 3008/1991/472 3007/1994/472 3005/1992/471
f 3010/1993/473 3009/1996/473 3007/1994/472
f 3012/1995/474 3011/1998/474 3009/1996/473
f 3014/1997/475 3013/2000/475 3011/1998/474
f 3016/1999/476 3015/2002/476 3013/2000/475
f 3018/2001/74 3017/2004/74 3015/2002/476
f 3020/2003/477 3019/2006/477 3017/2004/74
f 3022/2005/478 3021/2008/478 3019/2006/477
f 3024/2007/479 3023/2010/479 3021/2008/478
f 3026/2009/480 3025/2012/482 3023/2010/479
f 3028/2011/481 3027/2014/481 3025/2012/482
f 3030/2013/483 3029/2016/483 3027/2014/481
f 3032/2015/484 3031/2018/484 3029/2016/483
f 3034/2017/485 3033/2020/485 3031/2018/484
f 3036/2019/486 3035/2022/486 3033/2020/485
f 3038/2021/487 3037/2024/487 3035/2022/486
f 3040/2023/488 3039/2026/488 3037/2024/487
f 3042/2025/489 3041/2028/489 3039/2026/488
f 3044/2027/490 3043/2030/490 3041/2028/489
f 3046/2029/491 3045/2032/491 3043/2030/490
f 3048/2031/492 3047/2034/492 3045/2032/491
f 3050/2033/493 3049/2036/493 3047/2034/492
f 3052/2035/494 3051/2038/494 3049/2036/493
f 3054/2037/495 3053/2040/495 3051/2038/494
f 3056/2039/496 3055/2042/496 3053/2040/495
f 3058/2041/497 3057/2044/497 3055/2042/496
f 3060/2043/498 3059/2046/498 3057/2044/497
f 3062/2045/499 3061/2048/499 3059/2046/498
f 3064/2047/500 3063/2050/500 3061/2048/499
f 3066/2049/501 3065/2052/501 3063/2050/500
f 3068/2051/502 3067/2054/502 3065/2052/501
f 3070/2053/503 3069/2056/503 3067/2054/502
f 3072/2055/504 3071/2058/504 3069/2056/503
f 3074/2057/505 3073/2060/505 3071/2058/504
f 3076/2059/506 3075/2062/506 3073/2060/505
f 3078/2061/507 3077/2064/507 3075/2062/506
f 3080/2063/508 3079/2066/508 3077/2064/507
f 3082/2065/509 3081/2068/509 3079/2066/508
f 3084/2067/510 3083/2070/510 3081/2068/509
f 3086/2069/511 3085/2072/511 3083/2070/510
f 3088/2071/512 3087/2074/512 3085/2072/511
f 3090/2073/513 3089/2076/513 3087/2074/512
f 3092/2075/514 3091/2078/514 3089/2076/513
f 3094/2077/515 3093/2080/515 3091/2078/514
f 3096/2079/516 3095/2082/516 3093/2080/515
f 3098/2081/517 3097/2084/517 3095/2082/516
f 3100/2083/518 3099/2086/520 3097/2084/517
f 3102/2085/519 3101/2088/519 3099/2086/520
f 3104/2087/521 3103/2090/521 3101/2088/519
f 3106/2089/522 3105/2092/522 3103/2090/521
f 3108/2091/523 3107/2094/523 3105/2092/522
f 3110/2093/524 3109/2096/524 3107/2094/523
f 3112/2095/391 3111/2098/391 3109/2096/524
f 3114/2097/525 3113/2100/525 3111/2098/391
f 3116/2099/526 3115/2102/526 3113/2100/525
f 3118/2101/527 3117/2104/527 3115/2102/526
f 3120/2103/528 3119/2106/528 3117/2104/527
f 3122/2105/529 3121/2108/529 3119/2106/528
f 3124/2107/530 3123/2110/532 3121/2108/529
f 3126/2109/531 3125/2112/531 3123/2110/532
f 3128/2111/533 3127/2114/533 3125/2112/531
f 3130/2113/534 3129/2116/534 3127/2114/533
f 3132/2115/535 3131/2118/535 3129/2116/534
f 3134/2117/536 3133/2120/536 3131/2118/535
f 3136/2119/537 3135/2122/537 3133/2120/536
f 3138/2121/538 3137/2124/538 3135/2122/537
f 3140/2123/539 3139/2126/539 3137/2124/538
f 3142/2125/540 3141/2128/540 3139/2126/539
f 3144/2127/541 3143/2130/541 3141/2128/540
f 3146/2129/542 3145/2132/542 3143/2130/541
f 3148/2131/543 3147/2134/543 3145/2132/542
f 3150/2133/544 3149/2136/544 3147/2134/543
f 3152/2135/544 3151/2138/544 3149/2136/544
f 3154/2137/545 3153/2140/545 3151/2138/544
f 3156/2139/546 3155/2142/546 3153/2140/545
f 3158/2141/547 3157/2144/547 3155/2142/546
f 3160/2143/548 3159/2146/548 3157/2144/547
f 3162/2145/549 3161/2148/549 3159/2146/548
f 3164/2147/550 3163/2150/550 3161/2148/549
f 3166/2149/551 3165/2152/551 3163/2150/550
f 3168/2151/552 3167/2154/552 3165/2152/551
f 3170/2153/553 3169/2156/553 3167/2154/552
f 3172/2155/554 3171/2158/554 3169/2156/553
f 3174/2157/555 3173/2160/555 3171/2158/554
f 3176/2159/556 3175/2162/556 3173/2160/555
f 3178/2161/557 3177/2164/557 3175/2162/556
f 3180/2163/558 3179/2166/558 3177/2164/557
f 3182/2165/559 3181/2168/559 3179/2166/558
f 3184/2167/560 3183/2170/560 3181/2168/559
f 3186/2169/561 3185/2172/563 3183/2170/560
f 3188/2171/562 3187/2174/562 3185/2172/563
f 3190/2173/564 3189/2176/564 3187/2174/562
f 3192/2175/565 3191/2178/565 3189/2176/564
f 3194/2177/566 3193/2180/566 3191/2178/565
f 3196/2179/567 3195/2182/567 3193/2180/566
f 3198/2181/568 3197/2184/568 3195/2182/567
f 3200/2183/569 3199/2186/569 3197/2184/568
f 3202/2185/570 3201/2188/570 3199/2186/569
f 3204/2187/571 3203/2190/571 3201/2188/570
f 3206/2189/572 3205/2192/572 3203/2190/571
f 3208/2191/573 3207/2194/573 3205/2192/572
f 3210/2193/574 3209/2196/574 3207/2194/573
f 3212/2195/575 3211/2198/575 3209/2196/574
f 3214/2197/576 3213/2200/576 3211/2198/575
f 3216/2199/577 3215/2202/577 3213/2200/576
f 3218/2201/578 3217/2204/578 3215/2202/577
f 3220/2203/579 3219/2206/579 3217/2204/578
f 3222/2205/580 3221/2208/580 3219/2206/579
f 3224/2207/581 3223/2210/581 3221/2208/580
f 3226/2209/582 3225/2212/582 3223/2210/581
f 3228/2211/583 3227/2214/583 3225/2212/582
f 3230/2213/584 3229/2216/584 3227/2214/583
f 3232/2215/585 3231/2218/585 3229/2216/584
f 3234/2217/586 3233/2220/586 3231/2218/585
f 3236/2219/587 3235/2222/587 3233/2220/586
f 3238/2221/588 3237/2224/588 3235/2222/587
f 3240/2223/589 3239/2226/589 3237/2224/588
f 3242/2225/590 3241/2228/590 3239/2226/589
f 3244/2227/591 3243/2230/591 3241/2228/590
f 3246/2229/592 3245/2232/592 3243/2230/591
f 3248/2231/593 3247/2234/593 3245/2232/592
f 3250/2233/594 3249/2236/594 3247/2234/593
f 3252/2235/595 3251/2238/595 3249/2236/594
f 3254/2237/596 3253/2240/598 3251/2238/595
f 3256/2239/597 3255/2242/597 3253/2240/598
f 3258/2241/599 3257/2244/599 3255/2242/597
f 3260/2243/600 3259/2246/600 3257/2244/599
f 3262/2245/601 3261/2248/601 3259/2246/600
f 3264/2247/602 3263/2250/602 3261/2248/601
f 3266/2249/603 3265/2252/603 3263/2250/602
f 3268/2251/604 3267/2254/606 3265/2252/603
f 3270/2253/605 3269/2256/605 3267/2254/606
f 3272/2255/607 3271/2258/607 3269/2256/605
f 3274/2257/608 3273/2260/608 3271/2258/607
f 3276/2259/609 3275/2262/609 3273/2260/608
f 3278/2261/610 3277/2264/610 3275/2262/609
f 3280/2263/611 3279/2266/611 3277/2264/610
f 3282/2265/612 3281/2268/612 3279/2266/611
f 3284/2267/613 3283/2270/613 3281/2268/612
f 3286/2269/614 3285/2272/614 3283/2270/613
f 3288/2271/615 3287/2274/617 3285/2272/614
f 3290/2273/616 3289/2276/616 3287/2274/617
f 3292/2275/618 3291/2278/618 3289/2276/616
f 3294/2277/619 3293/2280/619 3291/2278/618
f 3296/2279/620 3295/2282/620 3293/2280/619
f 3298/2281/621 3297/2284/621 3295/2282/620
f 3300/2283/622 3299/2286/622 3297/2284/621
f 3302/2285/623 3301/2288/623 3299/2286/622
f 3304/2287/624 3303/2290/624 3301/2288/623
f 3306/2289/625 3305/2292/625 3303/2290/624
f 3308/2291/626 3307/2294/626 3305/2292/625
f 3310/2293/627 3309/2296/627 3307/2294/626
f 3312/2295/628 3311/2298/628 3309/2296/627
f 3314/2297/629 3313/2300/629 3311/2298/628
f 3316/2299/630 3315/2302/630 3313/2300/629
f 3318/2301/631 3317/2304/631 3315/2302/630
f 3320/2303/632 3319/2306/632 3317/2304/631
f 3322/2305/633 3321/2308/633 3319/2306/632
f 3324/2307/634 3323/2310/634 3321/2308/633
f 3326/2309/635 3325/2312/635 3323/2310/634
f 3328/2311/636 3327/2314/636 3325/2312/635
f 3330/2313/637 3329/2316/637 3327/2314/636
f 3332/2315/638 3331/2318/638 3329/2316/637
f 3334/2317/639 3333/2320/639 3331/2318/638
f 3336/2319/640 3335/2322/640 3333/2320/639
f 3338/2321/641 3337/2324/641 3335/2322/640
f 3340/2323/642 3339/2326/642 3337/2324/641
f 3342/2325/643 3341/2328/643 3339/2326/642
f 3344/2327/644 3343/2330/644 3341/2328/643
f 3346/2329/645 3345/2332/647 3343/2330/644
f 3348/2331/646 3347/2334/649 3345/2332/647
f 3350/2333/648 3349/2336/648 3347/2334/649
f 3352/2335/650 3351/2338/650 3349/2336/648
f 3354/2337/651 3353/2340/651 3351/2338/650
f 3356/2339/652 3355/2342/652 3353/2340/651
f 3358/2341/653 3357/2344/653 3355/2342/652
f 3360/2343/654 3359/2346/654 3357/2344/653
f 3362/2345/655 3361/2348/655 3359/2346/654
f 3364/2347/656 3363/2350/656 3361/2348/655
f 3366/2349/657 3365/2352/657 3363/2350/656
f 3368/2351/658 3367/2354/658 3365/2352/657
f 3370/2353/659 3369/2356/659 3367/2354/658
f 3372/2355/660 3371/2358/660 3369/2356/659
f 3374/2357/661 3373/2360/661 3371/2358/660
f 3376/2359/662 3375/2362/662 3373/2360/661
f 3378/2361/663 3377/2364/663 3375/2362/662
f 3380/2363/664 3379/2366/664 3377/2364/663
f 3382/2365/665 3381/2368/665 3379/2366/664
f 3384/2367/666 3383/2370/666 3381/2368/665
f 3386/2369/667 3385/2372/667 3383/2370/666
f 3388/2371/668 3387/2374/668 3385/2372/667
f 3390/2373/669 3389/2376/669 3387/2374/668
f 3392/2375/670 3391/2378/670 3389/2376/669
f 3394/2377/671 3393/2380/671 3391/2378/670
f 3396/2379/672 3395/2382/672 3393/2380/671
f 3398/2381/673 3397/2384/673 3395/2382/672
f 3400/2383/674 3399/2386/674 3397/2384/673
f 3402/2385/675 3401/2388/675 3399/2386/674
f 3404/2387/676 3403/2390/676 3401/2388/675
f 3406/2389/677 3405/2392/677 3403/2390/676
f 3408/2391/678 3407/2394/678 3405/2392/677
f 3410/2393/679 3409/2396/679 3407/2394/678
f 3412/2395/680 3411/2398/680 3409/2396/679
f 3414/2397/681 3413/2400/681 3411/2398/680
f 3416/2399/682 3415/2402/684 3413/2400/681
f 3418/2401/683 3417/2404/683 3415/2402/684
f 3420/2403/685 3419/2406/685 3417/2404/683
f 3422/2405/686 3421/2408/686 3419/2406/685
f 3424/2407/687 3423/2410/687 3421/2408/686
f 3426/2409/688 3425/2412/688 3423/2410/687
f 3428/2411/689 3427/2414/689 3425/2412/688
f 3430/2413/690 3429/2416/690 3427/2414/689
f 3432/2415/691 3431/2418/691 3429/2416/690
f 3434/2417/692 3433/2420/692 3431/2418/691
f 3436/2419/693 3435/2422/693 3433/2420/692
f 3438/2421/694 3437/2424/694 3435/2422/693
f 3440/2423/695 3439/2426/695 3437/2424/694
f 3442/2425/696 3441/2428/696 3439/2426/695
f 3444/2427/697 3443/2430/697 3441/2428/696
f 3446/2429/698 3445/2432/700 3443/2430/697
f 3448/2431/699 3447/2434/702 3445/2432/700
f 3450/2433/701 3449/2436/704 3447/2434/702
f 3452/2435/703 3451/2438/703 3449/2436/704
f 3454/2437/705 3453/2440/705 3451/2438/703
f 3456/2439/706 3455/2442/706 3453/2440/705
f 3458/2441/707 3457/2444/707 3455/2442/706
f 3460/2443/708 3459/2446/708 3457/2444/707
f 3462/2445/709 3461/2448/709 3459/2446/708
f 3464/2447/710 3463/2450/710 3461/2448/709
f 3466/2449/711 3465/2452/711 3463/2450/710
f 3468/2451/712 3467/2454/712 3465/2452/711
f 3470/2453/713 3469/2456/713 3467/2454/712
f 3472/2455/714 3471/2458/714 3469/2456/713
f 3474/2457/715 3473/2460/715 3471/2458/714
f 3476/2459/716 3475/2462/716 3473/2460/715
f 3478/2461/717 3477/2464/717 3475/2462/716
f 3480/2463/718 3479/2466/718 3477/2464/717
f 3482/2465/719 3481/2468/719 3479/2466/718
f 3484/2467/720 3483/2470/720 3481/2468/719
f 3486/2469/721 3485/2472/721 3483/2470/720
f 3488/2471/722 3487/2474/724 3485/2472/721
f 3490/2473/723 3489/2476/723 3487/2474/724
f 3492/2475/725 3491/2478/725 3489/2476/723
f 3494/2477/726 3493/2480/726 3491/2478/725
f 3496/2479/727 3495/2482/729 3493/2480/726
f 3498/2481/728 3497/2484/728 3495/2482/729
f 3500/2483/730 3499/2486/732 3497/2484/728
f 3502/2485/731 3501/2488/731 3499/2486/732
f 3504/2487/733 3503/2490/733 3501/2488/731
f 3506/2489/734 3505/2492/734 3503/2490/733
f 3508/2491/735 3507/2494/735 3505/2492/734
f 3510/2493/736 3509/2496/736 3507/2494/735
f 3512/2495/737 3511/2498/737 3509/2496/736
f 3514/2497/738 3513/2500/738 3511/2498/737
f 3516/2499/739 3515/2502/739 3513/2500/738
f 3518/2501/740 3517/2504/740 3515/2502/739
f 3520/2503/741 3519/2506/743 3517/2504/740
f 3522/2505/742 3521/2508/742 3519/2506/743
f 3524/2507/742 3523/2510/742 3521/2508/742
f 3526/2509/742 3525/2512/742 3523/2510/742
f 3528/2511/742 3527/2514/742 3525/2512/742
f 3530/2513/742 3529/2516/742 3527/2514/742
f 3532/2515/742 3531/2518/742 3529/2516/742
f 3534/2517/742 3533/2520/742 3531/2518/742
f 3536/2519/742 3535/2522/742 3533/2520/742
f 3538/2521/742 3537/2524/742 3535/2522/742
f 3540/2523/742 3539/2526/742 3537/2524/742
f 3542/2525/742 3541/2528/742 3539/2526/742
f 3544/2527/744 3543/2530/746 3541/2528/742
f 3546/2529/745 3545/2532/748 3543/2530/746
f 3548/2531/747 3547/2534/750 3545/2532/748
f 3550/2533/749 3549/2536/749 3547/2534/750
f 3552/2535/751 3551/2538/753 3549/2536/749
f 3554/2537/752 3553/2540/755 3551/2538/753
f 3556/2539/754 3555/2542/757 3553/2540/755
f 3558/2541/756 3557/2544/759 3555/2542/757
f 3560/2543/758 3559/2546/761 3557/2544/759
f 3562/2545/760 3561/2548/763 3559/2546/761
f 3564/2547/762 3563/2550/765 3561/2548/763
f 3566/2549/764 3565/2552/767 3563/2550/765
f 3568/2551/766 3567/2554/769 3565/2552/767
f 3570/2553/768 3569/2556/768 3567/2554/769
f 3572/2555/770 3571/2558/770 3569/2556/768
f 3574/2557/771 3573/2560/771 3571/2558/770
f 3576/2559/772 3575/2562/772 3573/2560/771
f 3578/2561/773 3577/2564/773 3575/2562/772
f 3580/2563/774 3579/2566/774 3577/2564/773
f 3582/2565/775 3581/2568/775 3579/2566/774
f 3584/2567/776 3583/2570/776 3581/2568/775
f 3586/2569/777 3585/2572/777 3583/2570/776
f 3588/2571/778 3587/2574/778 3585/2572/777
f 3590/2573/779 3589/2576/779 3587/2574/778
f 3592/2575/780 3591/2578/780 3589/2576/779
f 3594/2577/781 3593/2580/781 3591/2578/780
f 3596/2579/782 3595/2582/782 3593/2580/781
f 3598/2581/783 3597/2584/783 3595/2582/782
f 3600/2583/784 3599/2586/784 3597/2584/783
f 3602/2585/785 3601/2588/785 3599/2586/784
f 3604/2587/786 3603/2590/786 3601/2588/785
f 3606/2589/787 3605/2592/787 3603/2590/786
f 3608/2591/788 3607/2594/788 3605/2592/787
f 3610/2593/789 3609/2596/789 3607/2594/788
f 3612/2595/790 3611/2598/790 3609/2596/789
f 3614/2597/791 3613/2600/791 3611/2598/790
f 3616/2599/792 3615/2602/792 3613/2600/791
f 3618/2601/793 3617/2604/793 3615/2602/792
f 3620/2603/794 3619/2606/794 3617/2604/793
f 3622/2605/795 3621/2608/795 3619/2606/794
f 3624/2607/796 3623/2610/796 3621/2608/795
f 3626/2609/797 3625/2612/797 3623/2610/796
f 3628/2611/798 3627/2614/798 3625/2612/797
f 3630/2613/799 3629/2616/799 3627/2614/798
f 3632/2615/800 3631/2618/800 3629/2616/799
f 3634/2617/801 3633/2620/801 3631/2618/800
f 3636/2619/802 3635/2622/802 3633/2620/801
f 3638/2621/803 3637/2624/803 3635/2622/802
f 2030/2623/4 2029/962/4 3637/2624/803
f 3642/2625/804 3641/2627/804 3639/339/805
f 3644/2626/806 3643/2629/806 3641/2627/804
f 3646/2628/807 3645/2631/807 3643/2629/806
f 3648/2630/808 3647/2633/808 3645/2631/807
f 3650/2632/809 3649/2635/809 3647/2633/808
f 3652/2634/810 3651/2637/810 3649/2635/809
f 3654/2636/811 3653/2639/813 3651/2637/810
f 3656/2638/812 3655/2641/812 3653/2639/813
f 3658/2640/814 3657/2643/814 3655/2641/812
f 3660/2642/815 3659/2645/815 3657/2643/814
f 3662/2644/816 3661/2647/816 3659/2645/815
f 3664/2646/817 3663/2649/817 3661/2647/816
f 3666/2648/818 3665/2651/820 3663/2649/817
f 3668/2650/819 3667/2653/822 3665/2651/820
f 3670/2652/821 3669/2655/821 3667/2653/822
f 3672/2654/823 3671/2657/823 3669/2655/821
f 3674/2656/824 3673/2659/824 3671/2657/823
f 3676/2658/825 3675/2661/825 3673/2659/824
f 3678/2660/826 3677/2663/826 3675/2661/825
f 3680/2662/827 3679/2665/827 3677/2663/826
f 3682/2664/828 3681/2667/828 3679/2665/827
f 3684/2666/829 3683/2669/829 3681/2667/828
f 3686/2668/830 3685/2671/830 3683/2669/829
f 3688/2670/831 3687/2673/831 3685/2671/830
f 3690/2672/832 3689/2675/832 3687/2673/831
f 3692/2674/833 3691/2677/833 3689/2675/832
f 3694/2676/834 3693/2679/834 3691/2677/833
f 3696/2678/835 3695/2681/835 3693/2679/834
f 3698/2680/836 3697/2683/836 3695/2681/835
f 3700/2682/837 3699/2685/837 3697/2683/836
f 3702/2684/838 3701/2687/838 3699/2685/837
f 3704/2686/839 3703/2689/839 3701/2687/838
f 3706/2688/840 3705/2691/840 3703/2689/839
f 3708/2690/841 3707/2693/841 3705/2691/840
f 3710/2692/842 3709/2695/842 3707/2693/841
f 3712/2694/843 3711/2697/843 3709/2695/842
f 3714/2696/844 3713/2699/844 3711/2697/843
f 3716/2698/845 3715/2701/847 3713/2699/844
f 3718/2700/846 3717/2703/846 3715/2701/847
f 3720/2702/848 3719/2705/848 3717/2703/846
f 3722/2704/849 3721/2707/849 3719/2705/848
f 3724/2706/850 3723/2709/850 3721/2707/849
f 3726/2708/851 3725/2711/851 3723/2709/850
f 3728/2710/852 3727/2713/852 3725/2711/851
f 3730/2712/853 3729/2715/853 3727/2713/852
f 3732/2714/854 3731/2717/854 3729/2715/853
f 3734/2716/855 3733/2719/857 3731/2717/854
f 3736/2718/856 3735/2721/856 3733/2719/857
f 3738/2720/858 3737/2723/858 3735/2721/856
f 3740/2722/859 3739/2725/861 3737/2723/858
f 3742/2724/860 3741/2727/860 3739/2725/861
f 3744/2726/862 3743/2729/862 3741/2727/860
f 3746/2728/863 3745/2731/863 3743/2729/862
f 3748/2730/864 3747/2733/864 3745/2731/863
f 3750/2732/865 3749/2735/865 3747/2733/864
f 3752/2734/866 3751/2737/866 3749/2735/865
f 3754/2736/867 3753/2739/867 3751/2737/866
f 3756/2738/868 3755/2741/868 3753/2739/867
f 3758/2740/869 3757/2743/869 3755/2741/868
f 3760/2742/870 3759/2745/872 3757/2743/869
f 3762/2744/871 3761/2747/871 3759/2745/872
f 3764/2746/873 3763/2749/873 3761/2747/871
f 3766/2748/874 3765/2751/874 3763/2749/873
f 3768/2750/875 3767/2753/875 3765/2751/874
f 3770/2752/876 3769/2755/876 3767/2753/875
f 3772/2754/877 3771/2757/877 3769/2755/876
f 3774/2756/878 3773/2759/878 3771/2757/877
f 3776/2758/879 3775/2761/879 3773/2759/878
f 3778/2760/880 3777/2763/880 3775/2761/879
f 3780/2762/881 3779/2765/881 3777/2763/880
f 3782/2764/882 3781/2767/882 3779/2765/881
f 3784/2766/883 3783/2768/883 3781/2767/882
f 3640/2623/805 3639/962/805 3783/2768/883
f 3788/2769/884 3787/2771/884 3785/339/885
f 3790/2770/886 3789/2773/886 3787/2771/884
f 3792/2772/887 3791/2775/887 3789/2773/886
f 3794/2774/888 3793/2777/888 3791/2775/887
f 3796/2776/889 3795/2779/889 3793/2777/888
f 3798/2778/890 3797/2781/890 3795/2779/889
f 3800/2780/891 3799/2783/891 3797/2781/890
f 3802/2782/892 3801/2785/892 3799/2783/891
f 3804/2784/893 3803/2787/893 3801/2785/892
f 3806/2786/894 3805/2789/894 3803/2787/893
f 3808/2788/895 3807/2791/895 3805/2789/894
f 3810/2790/896 3809/2793/896 3807/2791/895
f 3812/2792/897 3811/2795/897 3809/2793/896
f 3814/2794/898 3813/2797/900 3811/2795/897
f 3816/2796/899 3815/2799/899 3813/2797/900
f 3818/2798/901 3817/2801/901 3815/2799/899
f 3820/2800/902 3819/2803/904 3817/2801/901
f 3822/2802/903 3821/2805/906 3819/2803/904
f 3824/2804/905 3823/2807/905 3821/2805/906
f 3826/2806/907 3825/2809/907 3823/2807/905
f 3828/2808/908 3827/2811/908 3825/2809/907
f 3830/2810/909 3829/2813/909 3827/2811/908
f 3832/2812/910 3831/2815/910 3829/2813/909
f 3834/2814/911 3833/2817/911 3831/2815/910
f 3836/2816/912 3835/2819/912 3833/2817/911
f 3838/2818/913 3837/2821/913 3835/2819/912
f 3840/2820/914 3839/2823/914 3837/2821/913
f 3842/2822/915 3841/2825/915 3839/2823/914
f 3844/2824/916 3843/2827/916 3841/2825/915
f 3846/2826/917 3845/2829/917 3843/2827/916
f 3848/2828/918 3847/2831/918 3845/2829/917
f 3850/2830/919 3849/2833/919 3847/2831/918
f 3852/2832/920 3851/2835/920 3849/2833/919
f 3854/2834/921 3853/2837/921 3851/2835/920
f 3856/2836/922 3855/2838/922 3853/2837/921
f 3786/2623/885 3785/962/885 3855/2838/922
f 3860/2839/923 3859/2841/923 3857/339/924
f 3862/2840/925 3861/2843/925 3859/2841/923
f 3864/2842/926 3863/2845/926 3861/2843/925
f 3866/2844/927 3865/2847/927 3863/2845/926
f 3868/2846/928 3867/2849/928 3865/2847/927
f 3870/2848/929 3869/2851/929 3867/2849/928
f 3872/2850/930 3871/2853/930 3869/2851/929
f 3874/2852/931 3873/2855/931 3871/2853/930
f 3876/2854/932 3875/2857/932 3873/2855/931
f 3878/2856/933 3877/2859/933 3875/2857/932
f 3880/2858/934 3879/2861/934 3877/2859/933
f 3882/2860/935 3881/2863/935 3879/2861/934
f 3884/2862/936 3883/2865/936 3881/2863/935
f 3886/2864/937 3885/2867/937 3883/2865/936
f 3888/2866/938 3887/2869/938 3885/2867/937
f 3890/2868/939 3889/2871/939 3887/2869/938
f 3892/2870/940 3891/2873/940 3889/2871/939
f 3894/2872/941 3893/2875/941 3891/2873/940
f 3896/2874/942 3895/2876/942 3893/2875/941
f 3898/1335/943 3897/1338/943 3895/2876/942
f 3900/2877/944 3899/2879/946 3897/1338/943
f 3902/2878/945 3901/2881/945 3899/2879/946
f 3904/2880/947 3903/2883/947 3901/2881/945
f 3906/2882/948 3905/2884/948 3903/2883/947
f 3908/2784/949 3907/2787/949 3905/2884/948
f 3910/2885/950 3909/2887/950 3907/2787/949
f 3912/2886/951 3911/2889/951 3909/2887/950
f 3914/2888/952 3913/2891/952 3911/2889/951
f 3916/2890/953 3915/2893/953 3913/2891/952
f 3918/2892/954 3917/2895/956 3915/2893/953
f 3920/2894/955 3919/2897/955 3917/2895/956
f 3922/2896/957 3921/2899/957 3919/2897/955
f 3924/2898/958 3923/2901/960 3921/2899/957
f 3926/2900/959 3925/2903/959 3923/2901/960
f 3928/2902/961 3927/2905/963 3925/2903/959
f 3930/2904/962 3929/2907/965 3927/2905/963
f 3932/2906/964 3931/2909/964 3929/2907/965
f 3934/2908/966 3933/2911/968 3931/2909/964
f 3936/2910/967 3935/2912/967 3933/2911/968
f 3938/1657/969 3937/1660/969 3935/2912/967
f 3940/2913/970 3939/2915/970 3937/1660/969
f 3942/2914/971 3941/2917/971 3939/2915/970
f 3944/2916/972 3943/2919/972 3941/2917/971
f 3946/2918/17 3945/2921/17 3943/2919/972
f 3948/2920/973 3947/2923/973 3945/2921/17
f 3950/2922/974 3949/2925/974 3947/2923/973
f 3952/2924/975 3951/2927/975 3949/2925/974
f 3954/2926/976 3953/2929/976 3951/2927/975
f 3956/2928/977 3955/2930/977 3953/2929/976
f 3958/2802/978 3957/2805/978 3955/2930/977
f 3960/2931/979 3959/2933/979 3957/2805/978
f 3962/2932/980 3961/2935/980 3959/2933/979
f 3964/2934/981 3963/2937/981 3961/2935/980
f 3966/2936/982 3965/2939/982 3963/2937/981
f 3968/2938/983 3967/2941/983 3965/2939/982
f 3970/2940/984 3969/2943/984 3967/2941/983
f 3972/2942/985 3971/2945/985 3969/2943/984
f 3974/2944/986 3973/2947/986 3971/2945/985
f 3976/2946/987 3975/2948/987 3973/2947/986
f 3978/1979/988 3977/1982/988 3975/2948/987
f 3980/2949/989 3979/2951/989 3977/1982/988
f 3982/2950/990 3981/2953/992 3979/2951/989
f 3984/2952/991 3983/2955/991 3981/2953/992
f 3986/2954/993 3985/2957/994 3983/2955/991
f 3988/2956/991 3987/2959/991 3985/2957/994
f 3990/2958/990 3989/2961/992 3987/2959/991
f 3992/2960/989 3991/2963/989 3989/2961/992
f 3994/2962/988 3993/2965/988 3991/2963/989
f 3996/2964/987 3995/2967/987 3993/2965/988
f 3998/2966/986 3997/2969/986 3995/2967/987
f 4000/2968/985 3999/2971/985 3997/2969/986
f 4002/2970/984 4001/2973/984 3999/2971/985
f 4004/2972/983 4003/2975/983 4001/2973/984
f 4006/2974/982 4005/2976/982 4003/2975/983
f 4008/2820/981 4007/2823/981 4005/2976/982
f 4010/2977/995 4009/2979/997 4007/2823/981
f 4012/2978/996 4011/2981/996 4009/2979/997
f 4014/2980/998 4013/2983/998 4011/2981/996
f 4016/2982/999 4015/2984/999 4013/2983/998
f 4018/2301/1000 4017/2304/1000 4015/2984/999
f 4020/2985/1001 4019/2987/1001 4017/2304/1000
f 4022/2986/1002 4021/2989/1002 4019/2987/1001
f 4024/2988/1003 4023/2991/1003 4021/2989/1002
f 4026/2990/1004 4025/2993/1004 4023/2991/1003
f 4028/2992/1005 4027/2995/1005 4025/2993/1004
f 4030/2994/1006 4029/2997/1007 4027/2995/1005
f 4032/2996/303 4031/2999/303 4029/2997/1007
f 4034/2998/1008 4033/3001/1010 4031/2999/303
f 4036/3000/1009 4035/3003/1009 4033/3001/1010
f 4038/3002/1011 4037/3005/1011 4035/3003/1009
f 4040/3004/1012 4039/3007/1012 4037/3005/1011
f 4042/3006/1013 4041/3009/1013 4039/3007/1012
f 4044/3008/1014 4043/3011/1014 4041/3009/1013
f 4046/3010/1015 4045/3013/1015 4043/3011/1014
f 4048/3012/1016 4047/3015/1016 4045/3013/1015
f 4050/3014/1017 4049/3017/1017 4047/3015/1016
f 4052/3016/1018 4051/3019/1018 4049/3017/1017
f 4054/3018/1019 4053/3021/1019 4051/3019/1018
f 4056/3020/1020 4055/3022/1021 4053/3021/1019
f 3858/2623/924 3857/962/924 4055/3022/1021
